-- phpMyAdmin SQL Dump
-- version 4.8.5
-- https://www.phpmyadmin.net/
--
-- Хост: 127.0.0.1:3306
-- Время создания: Май 03 2020 г., 23:22
-- Версия сервера: 5.7.23
-- Версия PHP: 7.2.10

SET SQL_MODE = "NO_AUTO_VALUE_ON_ZERO";
SET AUTOCOMMIT = 0;
START TRANSACTION;
SET time_zone = "+00:00";


/*!40101 SET @OLD_CHARACTER_SET_CLIENT=@@CHARACTER_SET_CLIENT */;
/*!40101 SET @OLD_CHARACTER_SET_RESULTS=@@CHARACTER_SET_RESULTS */;
/*!40101 SET @OLD_COLLATION_CONNECTION=@@COLLATION_CONNECTION */;
/*!40101 SET NAMES utf8mb4 */;

--
-- База данных: `unnamed`
--

-- --------------------------------------------------------

--
-- Структура таблицы `failed_jobs`
--

CREATE TABLE `failed_jobs` (
  `id` bigint(20) UNSIGNED NOT NULL,
  `connection` text COLLATE utf8mb4_unicode_ci NOT NULL,
  `queue` text COLLATE utf8mb4_unicode_ci NOT NULL,
  `payload` longtext COLLATE utf8mb4_unicode_ci NOT NULL,
  `exception` longtext COLLATE utf8mb4_unicode_ci NOT NULL,
  `failed_at` timestamp NOT NULL DEFAULT CURRENT_TIMESTAMP
) ENGINE=InnoDB DEFAULT CHARSET=utf8mb4 COLLATE=utf8mb4_unicode_ci;

-- --------------------------------------------------------

--
-- Структура таблицы `groups`
--

CREATE TABLE `groups` (
  `id` int(10) UNSIGNED NOT NULL,
  `title` varchar(255) NOT NULL,
  `name` varchar(255) DEFAULT NULL,
  `monitor_id` bigint(20) UNSIGNED DEFAULT NULL,
  `user_id` bigint(20) UNSIGNED DEFAULT NULL,
  `ms_id` bigint(20) UNSIGNED DEFAULT NULL,
  `created_at` timestamp NOT NULL DEFAULT CURRENT_TIMESTAMP ON UPDATE CURRENT_TIMESTAMP,
  `updated_at` timestamp NOT NULL,
  `deleted_at` timestamp NULL DEFAULT NULL
) ENGINE=InnoDB DEFAULT CHARSET=utf8;

--
-- Дамп данных таблицы `groups`
--

INSERT INTO `groups` (`id`, `title`, `name`, `monitor_id`, `user_id`, `ms_id`, `created_at`, `updated_at`, `deleted_at`) VALUES
(1, 'ТМ-71', NULL, 2, 19, 5, '2020-05-03 19:50:09', '2020-05-03 19:50:09', NULL),
(2, 'ТМ-72', NULL, 3, 20, 25, '2020-03-13 22:00:00', '2020-03-13 22:00:00', NULL),
(3, 'ТР-71', NULL, 4, 21, 44, '2020-03-13 22:00:00', '2020-03-13 22:00:00', NULL),
(4, 'ТР-72', NULL, 5, 22, 65, '2020-03-13 22:00:00', '2020-03-13 22:00:00', NULL);

-- --------------------------------------------------------

--
-- Структура таблицы `group_subject`
--

CREATE TABLE `group_subject` (
  `group_id` int(10) UNSIGNED NOT NULL,
  `subject_id` int(10) UNSIGNED NOT NULL,
  `tutor_id` bigint(20) UNSIGNED NOT NULL,
  `order` int(11) NOT NULL DEFAULT '1'
) ENGINE=InnoDB DEFAULT CHARSET=utf8;

--
-- Дамп данных таблицы `group_subject`
--

INSERT INTO `group_subject` (`group_id`, `subject_id`, `tutor_id`, `order`) VALUES
(1, 1, 6, 1),
(1, 2, 6, 1),
(1, 3, 7, 1),
(1, 4, 7, 1),
(1, 5, 8, 1),
(1, 6, 8, 1),
(1, 7, 9, 1),
(1, 8, 9, 1),
(1, 9, 10, 1),
(1, 10, 17, 1),
(1, 11, 11, 1),
(1, 12, 11, 1),
(1, 13, 12, 1),
(1, 14, 13, 1),
(2, 1, 6, 1),
(2, 2, 6, 1),
(2, 3, 7, 1),
(2, 4, 7, 1),
(2, 5, 8, 1),
(2, 6, 8, 1),
(2, 7, 9, 1),
(2, 8, 9, 1),
(2, 9, 10, 1),
(2, 10, 17, 1),
(2, 11, 11, 1),
(2, 12, 11, 1),
(2, 13, 12, 1),
(2, 14, 13, 1),
(3, 1, 6, 1),
(3, 2, 6, 1),
(3, 5, 7, 1),
(3, 6, 7, 1),
(3, 7, 9, 1),
(3, 8, 9, 1),
(3, 9, 10, 1),
(3, 10, 17, 1),
(3, 15, 15, 1),
(3, 16, 16, 1),
(3, 17, 14, 1),
(3, 18, 14, 1),
(3, 19, 11, 1),
(3, 20, 11, 1),
(4, 1, 6, 1),
(4, 2, 6, 1),
(4, 5, 7, 1),
(4, 6, 7, 1),
(4, 7, 9, 1),
(4, 8, 9, 1),
(4, 9, 10, 1),
(4, 10, 17, 1),
(4, 15, 15, 1),
(4, 16, 16, 1),
(4, 17, 14, 1),
(4, 18, 14, 1),
(4, 19, 11, 1),
(4, 20, 11, 1);

-- --------------------------------------------------------

--
-- Структура таблицы `journals`
--

CREATE TABLE `journals` (
  `id` bigint(20) UNSIGNED NOT NULL,
  `student_id` bigint(20) UNSIGNED NOT NULL,
  `subject_id` int(10) UNSIGNED NOT NULL,
  `value` varchar(255) DEFAULT NULL,
  `created_at` timestamp NOT NULL DEFAULT CURRENT_TIMESTAMP ON UPDATE CURRENT_TIMESTAMP,
  `updated_at` timestamp NOT NULL DEFAULT '0000-00-00 00:00:00',
  `deleted_at` timestamp NULL DEFAULT NULL
) ENGINE=InnoDB DEFAULT CHARSET=utf8;

--
-- Дамп данных таблицы `journals`
--

INSERT INTO `journals` (`id`, `student_id`, `subject_id`, `value`, `created_at`, `updated_at`, `deleted_at`) VALUES
(1, 1, 1, '0', '2020-01-23 07:00:00', '2020-03-26 08:54:20', NULL),
(2, 2, 1, '1', '2020-01-23 07:00:00', '2020-01-23 07:00:00', NULL),
(3, 3, 1, '1', '2020-01-23 07:00:00', '2020-01-23 07:00:00', NULL),
(4, 4, 1, '0', '2020-01-23 07:00:00', '2020-01-23 07:00:00', NULL),
(5, 5, 1, '1', '2020-01-23 07:00:00', '2020-01-23 07:00:00', NULL),
(6, 6, 1, '1', '2020-01-23 07:00:00', '2020-01-23 07:00:00', NULL),
(7, 7, 1, '0', '2020-01-23 07:00:00', '2020-01-23 07:00:00', NULL),
(8, 8, 1, '0', '2020-01-23 07:00:00', '2020-01-23 07:00:00', NULL),
(9, 9, 1, '1', '2020-01-23 07:00:00', '2020-01-23 07:00:00', NULL),
(10, 10, 1, '1', '2020-01-23 07:00:00', '2020-01-23 07:00:00', NULL),
(11, 11, 1, '0', '2020-01-23 07:00:00', '2020-01-23 07:00:00', NULL),
(12, 12, 1, '0', '2020-01-23 07:00:00', '2020-01-23 07:00:00', NULL),
(13, 13, 1, '0', '2020-01-23 07:00:00', '2020-01-23 07:00:00', NULL),
(14, 14, 1, '1', '2020-01-23 07:00:00', '2020-01-23 07:00:00', NULL),
(15, 15, 1, '0', '2020-01-23 07:00:00', '2020-01-23 07:00:00', NULL),
(16, 16, 1, '1', '2020-01-23 07:00:00', '2020-01-23 07:00:00', NULL),
(17, 17, 1, '0', '2020-01-23 07:00:00', '2020-01-23 07:00:00', NULL),
(18, 18, 1, '1', '2020-01-23 07:00:00', '2020-01-23 07:00:00', NULL),
(19, 19, 1, '1', '2020-01-23 07:00:00', '2020-01-23 07:00:00', NULL),
(20, 20, 1, '0', '2020-01-23 07:00:00', '2020-01-23 07:00:00', NULL),
(21, 21, 1, '0', '2020-01-23 07:00:00', '2020-01-23 07:00:00', NULL),
(22, 22, 1, '0', '2020-01-23 07:00:00', '2020-01-23 07:00:00', NULL),
(23, 23, 1, '0', '2020-01-23 07:00:00', '2020-01-23 07:00:00', NULL),
(24, 24, 1, '1', '2020-01-23 07:00:00', '2020-01-23 07:00:00', NULL),
(25, 1, 1, '0', '2020-01-29 16:00:00', '2020-03-26 08:54:20', NULL),
(26, 2, 1, '1', '2020-01-29 16:00:00', '2020-01-29 16:00:00', NULL),
(27, 3, 1, '1', '2020-01-29 16:00:00', '2020-01-29 16:00:00', NULL),
(28, 4, 1, '1', '2020-01-29 16:00:00', '2020-01-29 16:00:00', NULL),
(29, 5, 1, '1', '2020-01-29 16:00:00', '2020-01-29 16:00:00', NULL),
(30, 6, 1, '1', '2020-01-29 16:00:00', '2020-01-29 16:00:00', NULL),
(31, 7, 1, '0', '2020-01-29 16:00:00', '2020-01-29 16:00:00', NULL),
(32, 8, 1, '1', '2020-01-29 16:00:00', '2020-01-29 16:00:00', NULL),
(33, 9, 1, '0', '2020-01-29 16:00:00', '2020-01-29 16:00:00', NULL),
(34, 10, 1, '0', '2020-01-29 16:00:00', '2020-01-29 16:00:00', NULL),
(35, 11, 1, '1', '2020-01-29 16:00:00', '2020-01-29 16:00:00', NULL),
(36, 12, 1, '0', '2020-01-29 16:00:00', '2020-01-29 16:00:00', NULL),
(37, 13, 1, '0', '2020-01-29 16:00:00', '2020-01-29 16:00:00', NULL),
(38, 14, 1, '1', '2020-01-29 16:00:00', '2020-01-29 16:00:00', NULL),
(39, 15, 1, '1', '2020-01-29 16:00:00', '2020-01-29 16:00:00', NULL),
(40, 16, 1, '1', '2020-01-29 16:00:00', '2020-01-29 16:00:00', NULL),
(41, 17, 1, '0', '2020-01-29 16:00:00', '2020-01-29 16:00:00', NULL),
(42, 18, 1, '0', '2020-01-29 16:00:00', '2020-01-29 16:00:00', NULL),
(43, 19, 1, '1', '2020-01-29 16:00:00', '2020-01-29 16:00:00', NULL),
(44, 20, 1, '0', '2020-01-29 16:00:00', '2020-01-29 16:00:00', NULL),
(45, 21, 1, '0', '2020-01-29 16:00:00', '2020-01-29 16:00:00', NULL),
(46, 22, 1, '0', '2020-01-29 16:00:00', '2020-01-29 16:00:00', NULL),
(47, 23, 1, '1', '2020-01-29 16:00:00', '2020-01-29 16:00:00', NULL),
(48, 24, 1, '0', '2020-01-29 16:00:00', '2020-01-29 16:00:00', NULL),
(49, 1, 1, '0', '2020-01-04 16:00:00', '2020-01-04 16:00:00', NULL),
(50, 2, 1, '0', '2020-01-04 16:00:00', '2020-01-04 16:00:00', NULL),
(51, 3, 1, '1', '2020-01-04 16:00:00', '2020-01-04 16:00:00', NULL),
(52, 4, 1, '0', '2020-01-04 16:00:00', '2020-01-04 16:00:00', NULL),
(53, 5, 1, '0', '2020-01-04 16:00:00', '2020-01-04 16:00:00', NULL),
(54, 6, 1, '0', '2020-01-04 16:00:00', '2020-01-04 16:00:00', NULL),
(55, 7, 1, '1', '2020-01-04 16:00:00', '2020-01-04 16:00:00', NULL),
(56, 8, 1, '1', '2020-01-04 16:00:00', '2020-01-04 16:00:00', NULL),
(57, 9, 1, '1', '2020-01-04 16:00:00', '2020-01-04 16:00:00', NULL),
(58, 10, 1, '1', '2020-01-04 16:00:00', '2020-01-04 16:00:00', NULL),
(59, 11, 1, '0', '2020-01-04 16:00:00', '2020-01-04 16:00:00', NULL),
(60, 12, 1, '0', '2020-01-04 16:00:00', '2020-01-04 16:00:00', NULL),
(61, 13, 1, '1', '2020-01-04 16:00:00', '2020-01-04 16:00:00', NULL),
(62, 14, 1, '1', '2020-01-04 16:00:00', '2020-01-04 16:00:00', NULL),
(63, 15, 1, '0', '2020-01-04 16:00:00', '2020-01-04 16:00:00', NULL),
(64, 16, 1, '0', '2020-01-04 16:00:00', '2020-01-04 16:00:00', NULL),
(65, 17, 1, '0', '2020-01-04 16:00:00', '2020-01-04 16:00:00', NULL),
(66, 18, 1, '0', '2020-01-04 16:00:00', '2020-01-04 16:00:00', NULL),
(67, 19, 1, '0', '2020-01-04 16:00:00', '2020-01-04 16:00:00', NULL),
(68, 20, 1, '1', '2020-01-04 16:00:00', '2020-01-04 16:00:00', NULL),
(69, 21, 1, '0', '2020-01-04 16:00:00', '2020-01-04 16:00:00', NULL),
(70, 22, 1, '0', '2020-01-04 16:00:00', '2020-01-04 16:00:00', NULL),
(71, 23, 1, '0', '2020-01-04 16:00:00', '2020-01-04 16:00:00', NULL),
(72, 24, 1, '1', '2020-01-04 16:00:00', '2020-01-04 16:00:00', NULL),
(73, 1, 2, '0', '2020-01-18 11:00:00', '2020-01-18 11:00:00', NULL),
(74, 2, 2, '1', '2020-01-18 11:00:00', '2020-01-18 11:00:00', NULL),
(75, 3, 2, '1', '2020-01-18 11:00:00', '2020-01-18 11:00:00', NULL),
(76, 4, 2, '1', '2020-01-18 11:00:00', '2020-01-18 11:00:00', NULL),
(77, 5, 2, '0', '2020-01-18 11:00:00', '2020-01-18 11:00:00', NULL),
(78, 6, 2, '1', '2020-01-18 11:00:00', '2020-01-18 11:00:00', NULL),
(79, 7, 2, '1', '2020-01-18 11:00:00', '2020-01-18 11:00:00', NULL),
(80, 8, 2, '0', '2020-01-18 11:00:00', '2020-01-18 11:00:00', NULL),
(81, 9, 2, '1', '2020-01-18 11:00:00', '2020-01-18 11:00:00', NULL),
(82, 10, 2, '0', '2020-01-18 11:00:00', '2020-01-18 11:00:00', NULL),
(83, 11, 2, '0', '2020-01-18 11:00:00', '2020-01-18 11:00:00', NULL),
(84, 12, 2, '1', '2020-01-18 11:00:00', '2020-01-18 11:00:00', NULL),
(85, 13, 2, '1', '2020-01-18 11:00:00', '2020-01-18 11:00:00', NULL),
(86, 14, 2, '1', '2020-01-18 11:00:00', '2020-01-18 11:00:00', NULL),
(87, 15, 2, '1', '2020-01-18 11:00:00', '2020-01-18 11:00:00', NULL),
(88, 16, 2, '0', '2020-01-18 11:00:00', '2020-01-18 11:00:00', NULL),
(89, 17, 2, '0', '2020-01-18 11:00:00', '2020-01-18 11:00:00', NULL),
(90, 18, 2, '1', '2020-01-18 11:00:00', '2020-01-18 11:00:00', NULL),
(91, 19, 2, '0', '2020-01-18 11:00:00', '2020-01-18 11:00:00', NULL),
(92, 20, 2, '0', '2020-01-18 11:00:00', '2020-01-18 11:00:00', NULL),
(93, 21, 2, '1', '2020-01-18 11:00:00', '2020-01-18 11:00:00', NULL),
(94, 22, 2, '1', '2020-01-18 11:00:00', '2020-01-18 11:00:00', NULL),
(95, 23, 2, '1', '2020-01-18 11:00:00', '2020-01-18 11:00:00', NULL),
(96, 24, 2, '1', '2020-01-18 11:00:00', '2020-01-18 11:00:00', NULL),
(97, 1, 2, '0', '2020-01-11 14:00:00', '2020-01-11 14:00:00', NULL),
(98, 2, 2, '0', '2020-01-11 14:00:00', '2020-01-11 14:00:00', NULL),
(99, 3, 2, '1', '2020-01-11 14:00:00', '2020-01-11 14:00:00', NULL),
(100, 4, 2, '0', '2020-01-11 14:00:00', '2020-01-11 14:00:00', NULL),
(101, 5, 2, '1', '2020-01-11 14:00:00', '2020-01-11 14:00:00', NULL),
(102, 6, 2, '1', '2020-01-11 14:00:00', '2020-01-11 14:00:00', NULL),
(103, 7, 2, '1', '2020-01-11 14:00:00', '2020-01-11 14:00:00', NULL),
(104, 8, 2, '1', '2020-01-11 14:00:00', '2020-01-11 14:00:00', NULL),
(105, 9, 2, '1', '2020-01-11 14:00:00', '2020-01-11 14:00:00', NULL),
(106, 10, 2, '1', '2020-01-11 14:00:00', '2020-01-11 14:00:00', NULL),
(107, 11, 2, '1', '2020-01-11 14:00:00', '2020-01-11 14:00:00', NULL),
(108, 12, 2, '0', '2020-01-11 14:00:00', '2020-01-11 14:00:00', NULL),
(109, 13, 2, '1', '2020-01-11 14:00:00', '2020-01-11 14:00:00', NULL),
(110, 14, 2, '1', '2020-01-11 14:00:00', '2020-01-11 14:00:00', NULL),
(111, 15, 2, '1', '2020-01-11 14:00:00', '2020-01-11 14:00:00', NULL),
(112, 16, 2, '0', '2020-01-11 14:00:00', '2020-01-11 14:00:00', NULL),
(113, 17, 2, '1', '2020-01-11 14:00:00', '2020-01-11 14:00:00', NULL),
(114, 18, 2, '1', '2020-01-11 14:00:00', '2020-01-11 14:00:00', NULL),
(115, 19, 2, '0', '2020-01-11 14:00:00', '2020-01-11 14:00:00', NULL),
(116, 20, 2, '0', '2020-01-11 14:00:00', '2020-01-11 14:00:00', NULL),
(117, 21, 2, '0', '2020-01-11 14:00:00', '2020-01-11 14:00:00', NULL),
(118, 22, 2, '1', '2020-01-11 14:00:00', '2020-01-11 14:00:00', NULL),
(119, 23, 2, '1', '2020-01-11 14:00:00', '2020-01-11 14:00:00', NULL),
(120, 24, 2, '1', '2020-01-11 14:00:00', '2020-01-11 14:00:00', NULL),
(121, 1, 2, '1', '2020-01-30 06:00:00', '2020-01-30 06:00:00', NULL),
(122, 2, 2, '0', '2020-01-30 06:00:00', '2020-01-30 06:00:00', NULL),
(123, 3, 2, '0', '2020-01-30 06:00:00', '2020-01-30 06:00:00', NULL),
(124, 4, 2, '1', '2020-01-30 06:00:00', '2020-01-30 06:00:00', NULL),
(125, 5, 2, '0', '2020-01-30 06:00:00', '2020-01-30 06:00:00', NULL),
(126, 6, 2, '1', '2020-01-30 06:00:00', '2020-01-30 06:00:00', NULL),
(127, 7, 2, '1', '2020-01-30 06:00:00', '2020-01-30 06:00:00', NULL),
(128, 8, 2, '0', '2020-01-30 06:00:00', '2020-01-30 06:00:00', NULL),
(129, 9, 2, '1', '2020-01-30 06:00:00', '2020-01-30 06:00:00', NULL),
(130, 10, 2, '0', '2020-01-30 06:00:00', '2020-01-30 06:00:00', NULL),
(131, 11, 2, '0', '2020-01-30 06:00:00', '2020-01-30 06:00:00', NULL),
(132, 12, 2, '1', '2020-01-30 06:00:00', '2020-01-30 06:00:00', NULL),
(133, 13, 2, '0', '2020-01-30 06:00:00', '2020-01-30 06:00:00', NULL),
(134, 14, 2, '1', '2020-01-30 06:00:00', '2020-01-30 06:00:00', NULL),
(135, 15, 2, '0', '2020-01-30 06:00:00', '2020-01-30 06:00:00', NULL),
(136, 16, 2, '1', '2020-01-30 06:00:00', '2020-01-30 06:00:00', NULL),
(137, 17, 2, '1', '2020-01-30 06:00:00', '2020-01-30 06:00:00', NULL),
(138, 18, 2, '1', '2020-01-30 06:00:00', '2020-01-30 06:00:00', NULL),
(139, 19, 2, '0', '2020-01-30 06:00:00', '2020-01-30 06:00:00', NULL),
(140, 20, 2, '1', '2020-01-30 06:00:00', '2020-01-30 06:00:00', NULL),
(141, 21, 2, '0', '2020-01-30 06:00:00', '2020-01-30 06:00:00', NULL),
(142, 22, 2, '0', '2020-01-30 06:00:00', '2020-01-30 06:00:00', NULL),
(143, 23, 2, '1', '2020-01-30 06:00:00', '2020-01-30 06:00:00', NULL),
(144, 24, 2, '0', '2020-01-30 06:00:00', '2020-01-30 06:00:00', NULL),
(145, 1, 3, '1', '2020-01-01 14:00:00', '2020-01-01 14:00:00', NULL),
(146, 2, 3, '1', '2020-01-01 14:00:00', '2020-01-01 14:00:00', NULL),
(147, 3, 3, '0', '2020-01-01 14:00:00', '2020-01-01 14:00:00', NULL),
(148, 4, 3, '1', '2020-01-01 14:00:00', '2020-01-01 14:00:00', NULL),
(149, 5, 3, '1', '2020-01-01 14:00:00', '2020-01-01 14:00:00', NULL),
(150, 6, 3, '0', '2020-01-01 14:00:00', '2020-01-01 14:00:00', NULL),
(151, 7, 3, '1', '2020-01-01 14:00:00', '2020-01-01 14:00:00', NULL),
(152, 8, 3, '1', '2020-01-01 14:00:00', '2020-01-01 14:00:00', NULL),
(153, 9, 3, '1', '2020-01-01 14:00:00', '2020-01-01 14:00:00', NULL),
(154, 10, 3, '0', '2020-01-01 14:00:00', '2020-01-01 14:00:00', NULL),
(155, 11, 3, '0', '2020-01-01 14:00:00', '2020-01-01 14:00:00', NULL),
(156, 12, 3, '1', '2020-01-01 14:00:00', '2020-01-01 14:00:00', NULL),
(157, 13, 3, '1', '2020-01-01 14:00:00', '2020-01-01 14:00:00', NULL),
(158, 14, 3, '0', '2020-01-01 14:00:00', '2020-01-01 14:00:00', NULL),
(159, 15, 3, '1', '2020-01-01 14:00:00', '2020-01-01 14:00:00', NULL),
(160, 16, 3, '1', '2020-01-01 14:00:00', '2020-01-01 14:00:00', NULL),
(161, 17, 3, '1', '2020-01-01 14:00:00', '2020-01-01 14:00:00', NULL),
(162, 18, 3, '0', '2020-01-01 14:00:00', '2020-01-01 14:00:00', NULL),
(163, 19, 3, '1', '2020-01-01 14:00:00', '2020-01-01 14:00:00', NULL),
(164, 20, 3, '1', '2020-01-01 14:00:00', '2020-01-01 14:00:00', NULL),
(165, 21, 3, '0', '2020-01-01 14:00:00', '2020-01-01 14:00:00', NULL),
(166, 22, 3, '0', '2020-01-01 14:00:00', '2020-01-01 14:00:00', NULL),
(167, 23, 3, '1', '2020-01-01 14:00:00', '2020-01-01 14:00:00', NULL),
(168, 24, 3, '1', '2020-01-01 14:00:00', '2020-01-01 14:00:00', NULL),
(169, 1, 3, '0', '2020-01-19 12:00:00', '2020-01-19 12:00:00', NULL),
(170, 2, 3, '1', '2020-01-19 12:00:00', '2020-01-19 12:00:00', NULL),
(171, 3, 3, '1', '2020-01-19 12:00:00', '2020-01-19 12:00:00', NULL),
(172, 4, 3, '0', '2020-01-19 12:00:00', '2020-01-19 12:00:00', NULL),
(173, 5, 3, '0', '2020-01-19 12:00:00', '2020-01-19 12:00:00', NULL),
(174, 6, 3, '1', '2020-01-19 12:00:00', '2020-01-19 12:00:00', NULL),
(175, 7, 3, '1', '2020-01-19 12:00:00', '2020-01-19 12:00:00', NULL),
(176, 8, 3, '1', '2020-01-19 12:00:00', '2020-01-19 12:00:00', NULL),
(177, 9, 3, '1', '2020-01-19 12:00:00', '2020-01-19 12:00:00', NULL),
(178, 10, 3, '1', '2020-01-19 12:00:00', '2020-01-19 12:00:00', NULL),
(179, 11, 3, '0', '2020-01-19 12:00:00', '2020-01-19 12:00:00', NULL),
(180, 12, 3, '0', '2020-01-19 12:00:00', '2020-01-19 12:00:00', NULL),
(181, 13, 3, '1', '2020-01-19 12:00:00', '2020-01-19 12:00:00', NULL),
(182, 14, 3, '1', '2020-01-19 12:00:00', '2020-01-19 12:00:00', NULL),
(183, 15, 3, '1', '2020-01-19 12:00:00', '2020-01-19 12:00:00', NULL),
(184, 16, 3, '1', '2020-01-19 12:00:00', '2020-01-19 12:00:00', NULL),
(185, 17, 3, '1', '2020-01-19 12:00:00', '2020-01-19 12:00:00', NULL),
(186, 18, 3, '0', '2020-01-19 12:00:00', '2020-01-19 12:00:00', NULL),
(187, 19, 3, '1', '2020-01-19 12:00:00', '2020-01-19 12:00:00', NULL),
(188, 20, 3, '0', '2020-01-19 12:00:00', '2020-01-19 12:00:00', NULL),
(189, 21, 3, '0', '2020-01-19 12:00:00', '2020-01-19 12:00:00', NULL),
(190, 22, 3, '1', '2020-01-19 12:00:00', '2020-01-19 12:00:00', NULL),
(191, 23, 3, '0', '2020-01-19 12:00:00', '2020-01-19 12:00:00', NULL),
(192, 24, 3, '1', '2020-01-19 12:00:00', '2020-01-19 12:00:00', NULL),
(193, 1, 3, '1', '2020-01-14 08:00:00', '2020-01-14 08:00:00', NULL),
(194, 2, 3, '0', '2020-01-14 08:00:00', '2020-01-14 08:00:00', NULL),
(195, 3, 3, '0', '2020-01-14 08:00:00', '2020-01-14 08:00:00', NULL),
(196, 4, 3, '0', '2020-01-14 08:00:00', '2020-01-14 08:00:00', NULL),
(197, 5, 3, '0', '2020-01-14 08:00:00', '2020-01-14 08:00:00', NULL),
(198, 6, 3, '1', '2020-01-14 08:00:00', '2020-01-14 08:00:00', NULL),
(199, 7, 3, '1', '2020-01-14 08:00:00', '2020-01-14 08:00:00', NULL),
(200, 8, 3, '1', '2020-01-14 08:00:00', '2020-01-14 08:00:00', NULL),
(201, 9, 3, '0', '2020-01-14 08:00:00', '2020-01-14 08:00:00', NULL),
(202, 10, 3, '1', '2020-01-14 08:00:00', '2020-01-14 08:00:00', NULL),
(203, 11, 3, '1', '2020-01-14 08:00:00', '2020-01-14 08:00:00', NULL),
(204, 12, 3, '1', '2020-01-14 08:00:00', '2020-01-14 08:00:00', NULL),
(205, 13, 3, '1', '2020-01-14 08:00:00', '2020-01-14 08:00:00', NULL),
(206, 14, 3, '1', '2020-01-14 08:00:00', '2020-01-14 08:00:00', NULL),
(207, 15, 3, '1', '2020-01-14 08:00:00', '2020-01-14 08:00:00', NULL),
(208, 16, 3, '1', '2020-01-14 08:00:00', '2020-01-14 08:00:00', NULL),
(209, 17, 3, '1', '2020-01-14 08:00:00', '2020-01-14 08:00:00', NULL),
(210, 18, 3, '0', '2020-01-14 08:00:00', '2020-01-14 08:00:00', NULL),
(211, 19, 3, '0', '2020-01-14 08:00:00', '2020-01-14 08:00:00', NULL),
(212, 20, 3, '0', '2020-01-14 08:00:00', '2020-01-14 08:00:00', NULL),
(213, 21, 3, '1', '2020-01-14 08:00:00', '2020-01-14 08:00:00', NULL),
(214, 22, 3, '0', '2020-01-14 08:00:00', '2020-01-14 08:00:00', NULL),
(215, 23, 3, '0', '2020-01-14 08:00:00', '2020-01-14 08:00:00', NULL),
(216, 24, 3, '1', '2020-01-14 08:00:00', '2020-01-14 08:00:00', NULL),
(217, 1, 4, '0', '2020-01-15 08:00:00', '2020-01-15 08:00:00', NULL),
(218, 2, 4, '1', '2020-01-15 08:00:00', '2020-01-15 08:00:00', NULL),
(219, 3, 4, '0', '2020-01-15 08:00:00', '2020-01-15 08:00:00', NULL),
(220, 4, 4, '1', '2020-01-15 08:00:00', '2020-01-15 08:00:00', NULL),
(221, 5, 4, '0', '2020-01-15 08:00:00', '2020-01-15 08:00:00', NULL),
(222, 6, 4, '1', '2020-01-15 08:00:00', '2020-01-15 08:00:00', NULL),
(223, 7, 4, '0', '2020-01-15 08:00:00', '2020-01-15 08:00:00', NULL),
(224, 8, 4, '0', '2020-01-15 08:00:00', '2020-01-15 08:00:00', NULL),
(225, 9, 4, '0', '2020-01-15 08:00:00', '2020-01-15 08:00:00', NULL),
(226, 10, 4, '1', '2020-01-15 08:00:00', '2020-01-15 08:00:00', NULL),
(227, 11, 4, '0', '2020-01-15 08:00:00', '2020-01-15 08:00:00', NULL),
(228, 12, 4, '0', '2020-01-15 08:00:00', '2020-01-15 08:00:00', NULL),
(229, 13, 4, '1', '2020-01-15 08:00:00', '2020-01-15 08:00:00', NULL),
(230, 14, 4, '0', '2020-01-15 08:00:00', '2020-01-15 08:00:00', NULL),
(231, 15, 4, '1', '2020-01-15 08:00:00', '2020-01-15 08:00:00', NULL),
(232, 16, 4, '0', '2020-01-15 08:00:00', '2020-01-15 08:00:00', NULL),
(233, 17, 4, '1', '2020-01-15 08:00:00', '2020-01-15 08:00:00', NULL),
(234, 18, 4, '1', '2020-01-15 08:00:00', '2020-01-15 08:00:00', NULL),
(235, 19, 4, '0', '2020-01-15 08:00:00', '2020-01-15 08:00:00', NULL),
(236, 20, 4, '0', '2020-01-15 08:00:00', '2020-01-15 08:00:00', NULL),
(237, 21, 4, '1', '2020-01-15 08:00:00', '2020-01-15 08:00:00', NULL),
(238, 22, 4, '1', '2020-01-15 08:00:00', '2020-01-15 08:00:00', NULL),
(239, 23, 4, '1', '2020-01-15 08:00:00', '2020-01-15 08:00:00', NULL),
(240, 24, 4, '1', '2020-01-15 08:00:00', '2020-01-15 08:00:00', NULL),
(241, 1, 4, '1', '2020-01-26 11:00:00', '2020-01-26 11:00:00', NULL),
(242, 2, 4, '0', '2020-01-26 11:00:00', '2020-01-26 11:00:00', NULL),
(243, 3, 4, '1', '2020-01-26 11:00:00', '2020-01-26 11:00:00', NULL),
(244, 4, 4, '0', '2020-01-26 11:00:00', '2020-01-26 11:00:00', NULL),
(245, 5, 4, '0', '2020-01-26 11:00:00', '2020-01-26 11:00:00', NULL),
(246, 6, 4, '1', '2020-01-26 11:00:00', '2020-01-26 11:00:00', NULL),
(247, 7, 4, '1', '2020-01-26 11:00:00', '2020-01-26 11:00:00', NULL),
(248, 8, 4, '1', '2020-01-26 11:00:00', '2020-01-26 11:00:00', NULL),
(249, 9, 4, '0', '2020-01-26 11:00:00', '2020-01-26 11:00:00', NULL),
(250, 10, 4, '1', '2020-01-26 11:00:00', '2020-01-26 11:00:00', NULL),
(251, 11, 4, '0', '2020-01-26 11:00:00', '2020-01-26 11:00:00', NULL),
(252, 12, 4, '0', '2020-01-26 11:00:00', '2020-01-26 11:00:00', NULL),
(253, 13, 4, '0', '2020-01-26 11:00:00', '2020-01-26 11:00:00', NULL),
(254, 14, 4, '0', '2020-01-26 11:00:00', '2020-01-26 11:00:00', NULL),
(255, 15, 4, '1', '2020-01-26 11:00:00', '2020-01-26 11:00:00', NULL),
(256, 16, 4, '0', '2020-01-26 11:00:00', '2020-01-26 11:00:00', NULL),
(257, 17, 4, '0', '2020-01-26 11:00:00', '2020-01-26 11:00:00', NULL),
(258, 18, 4, '1', '2020-01-26 11:00:00', '2020-01-26 11:00:00', NULL),
(259, 19, 4, '0', '2020-01-26 11:00:00', '2020-01-26 11:00:00', NULL),
(260, 20, 4, '0', '2020-01-26 11:00:00', '2020-01-26 11:00:00', NULL),
(261, 21, 4, '1', '2020-01-26 11:00:00', '2020-01-26 11:00:00', NULL),
(262, 22, 4, '1', '2020-01-26 11:00:00', '2020-01-26 11:00:00', NULL),
(263, 23, 4, '0', '2020-01-26 11:00:00', '2020-01-26 11:00:00', NULL),
(264, 24, 4, '0', '2020-01-26 11:00:00', '2020-01-26 11:00:00', NULL),
(265, 1, 4, '1', '2020-01-22 09:00:00', '2020-01-22 09:00:00', NULL),
(266, 2, 4, '0', '2020-01-22 09:00:00', '2020-01-22 09:00:00', NULL),
(267, 3, 4, '1', '2020-01-22 09:00:00', '2020-01-22 09:00:00', NULL),
(268, 4, 4, '1', '2020-01-22 09:00:00', '2020-01-22 09:00:00', NULL),
(269, 5, 4, '0', '2020-01-22 09:00:00', '2020-01-22 09:00:00', NULL),
(270, 6, 4, '1', '2020-01-22 09:00:00', '2020-01-22 09:00:00', NULL),
(271, 7, 4, '0', '2020-01-22 09:00:00', '2020-01-22 09:00:00', NULL),
(272, 8, 4, '0', '2020-01-22 09:00:00', '2020-01-22 09:00:00', NULL),
(273, 9, 4, '0', '2020-01-22 09:00:00', '2020-01-22 09:00:00', NULL),
(274, 10, 4, '0', '2020-01-22 09:00:00', '2020-01-22 09:00:00', NULL),
(275, 11, 4, '1', '2020-01-22 09:00:00', '2020-01-22 09:00:00', NULL),
(276, 12, 4, '0', '2020-01-22 09:00:00', '2020-01-22 09:00:00', NULL),
(277, 13, 4, '0', '2020-01-22 09:00:00', '2020-01-22 09:00:00', NULL),
(278, 14, 4, '0', '2020-01-22 09:00:00', '2020-01-22 09:00:00', NULL),
(279, 15, 4, '1', '2020-01-22 09:00:00', '2020-01-22 09:00:00', NULL),
(280, 16, 4, '1', '2020-01-22 09:00:00', '2020-01-22 09:00:00', NULL),
(281, 17, 4, '1', '2020-01-22 09:00:00', '2020-01-22 09:00:00', NULL),
(282, 18, 4, '1', '2020-01-22 09:00:00', '2020-01-22 09:00:00', NULL),
(283, 19, 4, '0', '2020-01-22 09:00:00', '2020-01-22 09:00:00', NULL),
(284, 20, 4, '1', '2020-01-22 09:00:00', '2020-01-22 09:00:00', NULL),
(285, 21, 4, '1', '2020-01-22 09:00:00', '2020-01-22 09:00:00', NULL),
(286, 22, 4, '1', '2020-01-22 09:00:00', '2020-01-22 09:00:00', NULL),
(287, 23, 4, '0', '2020-01-22 09:00:00', '2020-01-22 09:00:00', NULL),
(288, 24, 4, '0', '2020-01-22 09:00:00', '2020-01-22 09:00:00', NULL),
(289, 1, 5, '0', '2020-01-20 14:00:00', '2020-01-20 14:00:00', NULL),
(290, 2, 5, '0', '2020-01-20 14:00:00', '2020-01-20 14:00:00', NULL),
(291, 3, 5, '0', '2020-01-20 14:00:00', '2020-01-20 14:00:00', NULL),
(292, 4, 5, '0', '2020-01-20 14:00:00', '2020-01-20 14:00:00', NULL),
(293, 5, 5, '0', '2020-01-20 14:00:00', '2020-01-20 14:00:00', NULL),
(294, 6, 5, '0', '2020-01-20 14:00:00', '2020-01-20 14:00:00', NULL),
(295, 7, 5, '1', '2020-01-20 14:00:00', '2020-01-20 14:00:00', NULL),
(296, 8, 5, '1', '2020-01-20 14:00:00', '2020-01-20 14:00:00', NULL),
(297, 9, 5, '1', '2020-01-20 14:00:00', '2020-01-20 14:00:00', NULL),
(298, 10, 5, '1', '2020-01-20 14:00:00', '2020-01-20 14:00:00', NULL),
(299, 11, 5, '1', '2020-01-20 14:00:00', '2020-01-20 14:00:00', NULL),
(300, 12, 5, '1', '2020-01-20 14:00:00', '2020-01-20 14:00:00', NULL),
(301, 13, 5, '1', '2020-01-20 14:00:00', '2020-01-20 14:00:00', NULL),
(302, 14, 5, '1', '2020-01-20 14:00:00', '2020-01-20 14:00:00', NULL),
(303, 15, 5, '1', '2020-01-20 14:00:00', '2020-01-20 14:00:00', NULL),
(304, 16, 5, '0', '2020-01-20 14:00:00', '2020-01-20 14:00:00', NULL),
(305, 17, 5, '1', '2020-01-20 14:00:00', '2020-01-20 14:00:00', NULL),
(306, 18, 5, '1', '2020-01-20 14:00:00', '2020-01-20 14:00:00', NULL),
(307, 19, 5, '1', '2020-01-20 14:00:00', '2020-01-20 14:00:00', NULL),
(308, 20, 5, '1', '2020-01-20 14:00:00', '2020-01-20 14:00:00', NULL),
(309, 21, 5, '0', '2020-01-20 14:00:00', '2020-01-20 14:00:00', NULL),
(310, 22, 5, '0', '2020-01-20 14:00:00', '2020-01-20 14:00:00', NULL),
(311, 23, 5, '1', '2020-01-20 14:00:00', '2020-01-20 14:00:00', NULL),
(312, 24, 5, '1', '2020-01-20 14:00:00', '2020-01-20 14:00:00', NULL),
(313, 1, 5, '1', '2020-01-19 07:00:00', '2020-01-19 07:00:00', NULL),
(314, 2, 5, '1', '2020-01-19 07:00:00', '2020-01-19 07:00:00', NULL),
(315, 3, 5, '0', '2020-01-19 07:00:00', '2020-01-19 07:00:00', NULL),
(316, 4, 5, '0', '2020-01-19 07:00:00', '2020-01-19 07:00:00', NULL),
(317, 5, 5, '1', '2020-01-19 07:00:00', '2020-01-19 07:00:00', NULL),
(318, 6, 5, '1', '2020-01-19 07:00:00', '2020-01-19 07:00:00', NULL),
(319, 7, 5, '0', '2020-01-19 07:00:00', '2020-01-19 07:00:00', NULL),
(320, 8, 5, '0', '2020-01-19 07:00:00', '2020-01-19 07:00:00', NULL),
(321, 9, 5, '0', '2020-01-19 07:00:00', '2020-01-19 07:00:00', NULL),
(322, 10, 5, '1', '2020-01-19 07:00:00', '2020-01-19 07:00:00', NULL),
(323, 11, 5, '0', '2020-01-19 07:00:00', '2020-01-19 07:00:00', NULL),
(324, 12, 5, '1', '2020-01-19 07:00:00', '2020-01-19 07:00:00', NULL),
(325, 13, 5, '0', '2020-01-19 07:00:00', '2020-01-19 07:00:00', NULL),
(326, 14, 5, '0', '2020-01-19 07:00:00', '2020-01-19 07:00:00', NULL),
(327, 15, 5, '1', '2020-01-19 07:00:00', '2020-01-19 07:00:00', NULL),
(328, 16, 5, '0', '2020-01-19 07:00:00', '2020-01-19 07:00:00', NULL),
(329, 17, 5, '1', '2020-01-19 07:00:00', '2020-01-19 07:00:00', NULL),
(330, 18, 5, '1', '2020-01-19 07:00:00', '2020-01-19 07:00:00', NULL),
(331, 19, 5, '1', '2020-01-19 07:00:00', '2020-01-19 07:00:00', NULL),
(332, 20, 5, '1', '2020-01-19 07:00:00', '2020-01-19 07:00:00', NULL),
(333, 21, 5, '1', '2020-01-19 07:00:00', '2020-01-19 07:00:00', NULL),
(334, 22, 5, '0', '2020-01-19 07:00:00', '2020-01-19 07:00:00', NULL),
(335, 23, 5, '0', '2020-01-19 07:00:00', '2020-01-19 07:00:00', NULL),
(336, 24, 5, '1', '2020-01-19 07:00:00', '2020-01-19 07:00:00', NULL),
(337, 1, 5, '0', '2020-01-27 08:00:00', '2020-01-27 08:00:00', NULL),
(338, 2, 5, '1', '2020-01-27 08:00:00', '2020-01-27 08:00:00', NULL),
(339, 3, 5, '0', '2020-01-27 08:00:00', '2020-01-27 08:00:00', NULL),
(340, 4, 5, '1', '2020-01-27 08:00:00', '2020-01-27 08:00:00', NULL),
(341, 5, 5, '1', '2020-01-27 08:00:00', '2020-01-27 08:00:00', NULL),
(342, 6, 5, '0', '2020-01-27 08:00:00', '2020-01-27 08:00:00', NULL),
(343, 7, 5, '1', '2020-01-27 08:00:00', '2020-01-27 08:00:00', NULL),
(344, 8, 5, '1', '2020-01-27 08:00:00', '2020-01-27 08:00:00', NULL),
(345, 9, 5, '1', '2020-01-27 08:00:00', '2020-01-27 08:00:00', NULL),
(346, 10, 5, '0', '2020-01-27 08:00:00', '2020-01-27 08:00:00', NULL),
(347, 11, 5, '1', '2020-01-27 08:00:00', '2020-01-27 08:00:00', NULL),
(348, 12, 5, '1', '2020-01-27 08:00:00', '2020-01-27 08:00:00', NULL),
(349, 13, 5, '1', '2020-01-27 08:00:00', '2020-01-27 08:00:00', NULL),
(350, 14, 5, '0', '2020-01-27 08:00:00', '2020-01-27 08:00:00', NULL),
(351, 15, 5, '1', '2020-01-27 08:00:00', '2020-01-27 08:00:00', NULL),
(352, 16, 5, '1', '2020-01-27 08:00:00', '2020-01-27 08:00:00', NULL),
(353, 17, 5, '1', '2020-01-27 08:00:00', '2020-01-27 08:00:00', NULL),
(354, 18, 5, '0', '2020-01-27 08:00:00', '2020-01-27 08:00:00', NULL),
(355, 19, 5, '1', '2020-01-27 08:00:00', '2020-01-27 08:00:00', NULL),
(356, 20, 5, '1', '2020-01-27 08:00:00', '2020-01-27 08:00:00', NULL),
(357, 21, 5, '1', '2020-01-27 08:00:00', '2020-01-27 08:00:00', NULL),
(358, 22, 5, '0', '2020-01-27 08:00:00', '2020-01-27 08:00:00', NULL),
(359, 23, 5, '0', '2020-01-27 08:00:00', '2020-01-27 08:00:00', NULL),
(360, 24, 5, '1', '2020-01-27 08:00:00', '2020-01-27 08:00:00', NULL),
(361, 1, 6, '1', '2020-01-13 15:00:00', '2020-01-13 15:00:00', NULL),
(362, 2, 6, '1', '2020-01-13 15:00:00', '2020-01-13 15:00:00', NULL),
(363, 3, 6, '1', '2020-01-13 15:00:00', '2020-01-13 15:00:00', NULL),
(364, 4, 6, '0', '2020-01-13 15:00:00', '2020-01-13 15:00:00', NULL),
(365, 5, 6, '0', '2020-01-13 15:00:00', '2020-01-13 15:00:00', NULL),
(366, 6, 6, '1', '2020-01-13 15:00:00', '2020-01-13 15:00:00', NULL),
(367, 7, 6, '0', '2020-01-13 15:00:00', '2020-01-13 15:00:00', NULL),
(368, 8, 6, '1', '2020-01-13 15:00:00', '2020-01-13 15:00:00', NULL),
(369, 9, 6, '1', '2020-01-13 15:00:00', '2020-01-13 15:00:00', NULL),
(370, 10, 6, '0', '2020-01-13 15:00:00', '2020-01-13 15:00:00', NULL),
(371, 11, 6, '0', '2020-01-13 15:00:00', '2020-01-13 15:00:00', NULL),
(372, 12, 6, '1', '2020-01-13 15:00:00', '2020-01-13 15:00:00', NULL),
(373, 13, 6, '0', '2020-01-13 15:00:00', '2020-01-13 15:00:00', NULL),
(374, 14, 6, '1', '2020-01-13 15:00:00', '2020-01-13 15:00:00', NULL),
(375, 15, 6, '1', '2020-01-13 15:00:00', '2020-01-13 15:00:00', NULL),
(376, 16, 6, '0', '2020-01-13 15:00:00', '2020-01-13 15:00:00', NULL),
(377, 17, 6, '0', '2020-01-13 15:00:00', '2020-01-13 15:00:00', NULL),
(378, 18, 6, '1', '2020-01-13 15:00:00', '2020-01-13 15:00:00', NULL),
(379, 19, 6, '0', '2020-01-13 15:00:00', '2020-01-13 15:00:00', NULL),
(380, 20, 6, '0', '2020-01-13 15:00:00', '2020-01-13 15:00:00', NULL),
(381, 21, 6, '1', '2020-01-13 15:00:00', '2020-01-13 15:00:00', NULL),
(382, 22, 6, '1', '2020-01-13 15:00:00', '2020-01-13 15:00:00', NULL),
(383, 23, 6, '1', '2020-01-13 15:00:00', '2020-01-13 15:00:00', NULL),
(384, 24, 6, '0', '2020-01-13 15:00:00', '2020-01-13 15:00:00', NULL),
(385, 1, 6, '1', '2020-01-09 16:00:00', '2020-01-09 16:00:00', NULL),
(386, 2, 6, '0', '2020-01-09 16:00:00', '2020-01-09 16:00:00', NULL),
(387, 3, 6, '1', '2020-01-09 16:00:00', '2020-01-09 16:00:00', NULL),
(388, 4, 6, '0', '2020-01-09 16:00:00', '2020-01-09 16:00:00', NULL),
(389, 5, 6, '0', '2020-01-09 16:00:00', '2020-01-09 16:00:00', NULL),
(390, 6, 6, '0', '2020-01-09 16:00:00', '2020-01-09 16:00:00', NULL),
(391, 7, 6, '0', '2020-01-09 16:00:00', '2020-01-09 16:00:00', NULL),
(392, 8, 6, '1', '2020-01-09 16:00:00', '2020-01-09 16:00:00', NULL),
(393, 9, 6, '0', '2020-01-09 16:00:00', '2020-01-09 16:00:00', NULL),
(394, 10, 6, '0', '2020-01-09 16:00:00', '2020-01-09 16:00:00', NULL),
(395, 11, 6, '1', '2020-01-09 16:00:00', '2020-01-09 16:00:00', NULL),
(396, 12, 6, '1', '2020-01-09 16:00:00', '2020-01-09 16:00:00', NULL),
(397, 13, 6, '0', '2020-01-09 16:00:00', '2020-01-09 16:00:00', NULL),
(398, 14, 6, '0', '2020-01-09 16:00:00', '2020-01-09 16:00:00', NULL),
(399, 15, 6, '1', '2020-01-09 16:00:00', '2020-01-09 16:00:00', NULL),
(400, 16, 6, '1', '2020-01-09 16:00:00', '2020-01-09 16:00:00', NULL),
(401, 17, 6, '0', '2020-01-09 16:00:00', '2020-01-09 16:00:00', NULL),
(402, 18, 6, '1', '2020-01-09 16:00:00', '2020-01-09 16:00:00', NULL),
(403, 19, 6, '0', '2020-01-09 16:00:00', '2020-01-09 16:00:00', NULL),
(404, 20, 6, '1', '2020-01-09 16:00:00', '2020-01-09 16:00:00', NULL),
(405, 21, 6, '1', '2020-01-09 16:00:00', '2020-01-09 16:00:00', NULL),
(406, 22, 6, '1', '2020-01-09 16:00:00', '2020-01-09 16:00:00', NULL),
(407, 23, 6, '0', '2020-01-09 16:00:00', '2020-01-09 16:00:00', NULL),
(408, 24, 6, '1', '2020-01-09 16:00:00', '2020-01-09 16:00:00', NULL),
(409, 1, 6, '1', '2020-01-23 16:00:00', '2020-01-23 16:00:00', NULL),
(410, 2, 6, '1', '2020-01-23 16:00:00', '2020-01-23 16:00:00', NULL),
(411, 3, 6, '1', '2020-01-23 16:00:00', '2020-01-23 16:00:00', NULL),
(412, 4, 6, '0', '2020-01-23 16:00:00', '2020-01-23 16:00:00', NULL),
(413, 5, 6, '0', '2020-01-23 16:00:00', '2020-01-23 16:00:00', NULL),
(414, 6, 6, '0', '2020-01-23 16:00:00', '2020-01-23 16:00:00', NULL),
(415, 7, 6, '1', '2020-01-23 16:00:00', '2020-01-23 16:00:00', NULL),
(416, 8, 6, '1', '2020-01-23 16:00:00', '2020-01-23 16:00:00', NULL),
(417, 9, 6, '0', '2020-01-23 16:00:00', '2020-01-23 16:00:00', NULL),
(418, 10, 6, '1', '2020-01-23 16:00:00', '2020-01-23 16:00:00', NULL),
(419, 11, 6, '0', '2020-01-23 16:00:00', '2020-01-23 16:00:00', NULL),
(420, 12, 6, '1', '2020-01-23 16:00:00', '2020-01-23 16:00:00', NULL),
(421, 13, 6, '0', '2020-01-23 16:00:00', '2020-01-23 16:00:00', NULL),
(422, 14, 6, '1', '2020-01-23 16:00:00', '2020-01-23 16:00:00', NULL),
(423, 15, 6, '0', '2020-01-23 16:00:00', '2020-01-23 16:00:00', NULL),
(424, 16, 6, '1', '2020-01-23 16:00:00', '2020-01-23 16:00:00', NULL),
(425, 17, 6, '1', '2020-01-23 16:00:00', '2020-01-23 16:00:00', NULL),
(426, 18, 6, '0', '2020-01-23 16:00:00', '2020-01-23 16:00:00', NULL),
(427, 19, 6, '1', '2020-01-23 16:00:00', '2020-01-23 16:00:00', NULL),
(428, 20, 6, '1', '2020-01-23 16:00:00', '2020-01-23 16:00:00', NULL),
(429, 21, 6, '1', '2020-01-23 16:00:00', '2020-01-23 16:00:00', NULL),
(430, 22, 6, '0', '2020-01-23 16:00:00', '2020-01-23 16:00:00', NULL),
(431, 23, 6, '1', '2020-01-23 16:00:00', '2020-01-23 16:00:00', NULL),
(432, 24, 6, '1', '2020-01-23 16:00:00', '2020-01-23 16:00:00', NULL),
(433, 1, 7, '0', '2020-01-28 08:00:00', '2020-01-28 08:00:00', NULL),
(434, 2, 7, '1', '2020-01-28 08:00:00', '2020-01-28 08:00:00', NULL),
(435, 3, 7, '0', '2020-01-28 08:00:00', '2020-01-28 08:00:00', NULL),
(436, 4, 7, '1', '2020-01-28 08:00:00', '2020-01-28 08:00:00', NULL),
(437, 5, 7, '0', '2020-01-28 08:00:00', '2020-01-28 08:00:00', NULL),
(438, 6, 7, '0', '2020-01-28 08:00:00', '2020-01-28 08:00:00', NULL),
(439, 7, 7, '0', '2020-01-28 08:00:00', '2020-01-28 08:00:00', NULL),
(440, 8, 7, '0', '2020-01-28 08:00:00', '2020-01-28 08:00:00', NULL),
(441, 9, 7, '1', '2020-01-28 08:00:00', '2020-01-28 08:00:00', NULL),
(442, 10, 7, '0', '2020-01-28 08:00:00', '2020-01-28 08:00:00', NULL),
(443, 11, 7, '1', '2020-01-28 08:00:00', '2020-01-28 08:00:00', NULL),
(444, 12, 7, '0', '2020-01-28 08:00:00', '2020-01-28 08:00:00', NULL),
(445, 13, 7, '1', '2020-01-28 08:00:00', '2020-01-28 08:00:00', NULL),
(446, 14, 7, '0', '2020-01-28 08:00:00', '2020-01-28 08:00:00', NULL),
(447, 15, 7, '0', '2020-01-28 08:00:00', '2020-01-28 08:00:00', NULL),
(448, 16, 7, '1', '2020-01-28 08:00:00', '2020-01-28 08:00:00', NULL),
(449, 17, 7, '1', '2020-01-28 08:00:00', '2020-01-28 08:00:00', NULL),
(450, 18, 7, '0', '2020-01-28 08:00:00', '2020-01-28 08:00:00', NULL),
(451, 19, 7, '0', '2020-01-28 08:00:00', '2020-01-28 08:00:00', NULL),
(452, 20, 7, '1', '2020-01-28 08:00:00', '2020-01-28 08:00:00', NULL),
(453, 21, 7, '1', '2020-01-28 08:00:00', '2020-01-28 08:00:00', NULL),
(454, 22, 7, '0', '2020-01-28 08:00:00', '2020-01-28 08:00:00', NULL),
(455, 23, 7, '0', '2020-01-28 08:00:00', '2020-01-28 08:00:00', NULL),
(456, 24, 7, '0', '2020-01-28 08:00:00', '2020-01-28 08:00:00', NULL),
(457, 1, 7, '1', '2020-01-12 09:00:00', '2020-01-12 09:00:00', NULL),
(458, 2, 7, '0', '2020-01-12 09:00:00', '2020-01-12 09:00:00', NULL),
(459, 3, 7, '0', '2020-01-12 09:00:00', '2020-01-12 09:00:00', NULL),
(460, 4, 7, '0', '2020-01-12 09:00:00', '2020-01-12 09:00:00', NULL),
(461, 5, 7, '0', '2020-01-12 09:00:00', '2020-01-12 09:00:00', NULL),
(462, 6, 7, '0', '2020-01-12 09:00:00', '2020-01-12 09:00:00', NULL),
(463, 7, 7, '0', '2020-01-12 09:00:00', '2020-01-12 09:00:00', NULL),
(464, 8, 7, '0', '2020-01-12 09:00:00', '2020-01-12 09:00:00', NULL),
(465, 9, 7, '1', '2020-01-12 09:00:00', '2020-01-12 09:00:00', NULL),
(466, 10, 7, '1', '2020-01-12 09:00:00', '2020-01-12 09:00:00', NULL),
(467, 11, 7, '1', '2020-01-12 09:00:00', '2020-01-12 09:00:00', NULL),
(468, 12, 7, '1', '2020-01-12 09:00:00', '2020-01-12 09:00:00', NULL),
(469, 13, 7, '0', '2020-01-12 09:00:00', '2020-01-12 09:00:00', NULL),
(470, 14, 7, '0', '2020-01-12 09:00:00', '2020-01-12 09:00:00', NULL),
(471, 15, 7, '1', '2020-01-12 09:00:00', '2020-01-12 09:00:00', NULL),
(472, 16, 7, '0', '2020-01-12 09:00:00', '2020-01-12 09:00:00', NULL),
(473, 17, 7, '1', '2020-01-12 09:00:00', '2020-01-12 09:00:00', NULL),
(474, 18, 7, '0', '2020-01-12 09:00:00', '2020-01-12 09:00:00', NULL),
(475, 19, 7, '0', '2020-01-12 09:00:00', '2020-01-12 09:00:00', NULL),
(476, 20, 7, '0', '2020-01-12 09:00:00', '2020-01-12 09:00:00', NULL),
(477, 21, 7, '1', '2020-01-12 09:00:00', '2020-01-12 09:00:00', NULL),
(478, 22, 7, '0', '2020-01-12 09:00:00', '2020-01-12 09:00:00', NULL),
(479, 23, 7, '0', '2020-01-12 09:00:00', '2020-01-12 09:00:00', NULL),
(480, 24, 7, '1', '2020-01-12 09:00:00', '2020-01-12 09:00:00', NULL),
(481, 1, 7, '1', '2020-01-24 06:00:00', '2020-01-24 06:00:00', NULL),
(482, 2, 7, '0', '2020-01-24 06:00:00', '2020-01-24 06:00:00', NULL),
(483, 3, 7, '0', '2020-01-24 06:00:00', '2020-01-24 06:00:00', NULL),
(484, 4, 7, '0', '2020-01-24 06:00:00', '2020-01-24 06:00:00', NULL),
(485, 5, 7, '0', '2020-01-24 06:00:00', '2020-01-24 06:00:00', NULL),
(486, 6, 7, '1', '2020-01-24 06:00:00', '2020-01-24 06:00:00', NULL),
(487, 7, 7, '0', '2020-01-24 06:00:00', '2020-01-24 06:00:00', NULL),
(488, 8, 7, '0', '2020-01-24 06:00:00', '2020-01-24 06:00:00', NULL),
(489, 9, 7, '1', '2020-01-24 06:00:00', '2020-01-24 06:00:00', NULL),
(490, 10, 7, '0', '2020-01-24 06:00:00', '2020-01-24 06:00:00', NULL),
(491, 11, 7, '0', '2020-01-24 06:00:00', '2020-01-24 06:00:00', NULL),
(492, 12, 7, '0', '2020-01-24 06:00:00', '2020-01-24 06:00:00', NULL),
(493, 13, 7, '1', '2020-01-24 06:00:00', '2020-01-24 06:00:00', NULL),
(494, 14, 7, '0', '2020-01-24 06:00:00', '2020-01-24 06:00:00', NULL),
(495, 15, 7, '0', '2020-01-24 06:00:00', '2020-01-24 06:00:00', NULL),
(496, 16, 7, '1', '2020-01-24 06:00:00', '2020-01-24 06:00:00', NULL),
(497, 17, 7, '0', '2020-01-24 06:00:00', '2020-01-24 06:00:00', NULL),
(498, 18, 7, '1', '2020-01-24 06:00:00', '2020-01-24 06:00:00', NULL),
(499, 19, 7, '0', '2020-01-24 06:00:00', '2020-01-24 06:00:00', NULL),
(500, 20, 7, '0', '2020-01-24 06:00:00', '2020-01-24 06:00:00', NULL),
(501, 21, 7, '1', '2020-01-24 06:00:00', '2020-01-24 06:00:00', NULL),
(502, 22, 7, '1', '2020-01-24 06:00:00', '2020-01-24 06:00:00', NULL),
(503, 23, 7, '1', '2020-01-24 06:00:00', '2020-01-24 06:00:00', NULL),
(504, 24, 7, '0', '2020-01-24 06:00:00', '2020-01-24 06:00:00', NULL),
(505, 1, 8, '0', '2020-01-10 16:00:00', '2020-01-10 16:00:00', NULL),
(506, 2, 8, '1', '2020-01-10 16:00:00', '2020-01-10 16:00:00', NULL),
(507, 3, 8, '0', '2020-01-10 16:00:00', '2020-01-10 16:00:00', NULL),
(508, 4, 8, '0', '2020-01-10 16:00:00', '2020-01-10 16:00:00', NULL),
(509, 5, 8, '0', '2020-01-10 16:00:00', '2020-01-10 16:00:00', NULL),
(510, 6, 8, '0', '2020-01-10 16:00:00', '2020-01-10 16:00:00', NULL),
(511, 7, 8, '1', '2020-01-10 16:00:00', '2020-01-10 16:00:00', NULL),
(512, 8, 8, '1', '2020-01-10 16:00:00', '2020-01-10 16:00:00', NULL),
(513, 9, 8, '1', '2020-01-10 16:00:00', '2020-01-10 16:00:00', NULL),
(514, 10, 8, '1', '2020-01-10 16:00:00', '2020-01-10 16:00:00', NULL),
(515, 11, 8, '1', '2020-01-10 16:00:00', '2020-01-10 16:00:00', NULL),
(516, 12, 8, '1', '2020-01-10 16:00:00', '2020-01-10 16:00:00', NULL),
(517, 13, 8, '0', '2020-01-10 16:00:00', '2020-01-10 16:00:00', NULL),
(518, 14, 8, '1', '2020-01-10 16:00:00', '2020-01-10 16:00:00', NULL),
(519, 15, 8, '1', '2020-01-10 16:00:00', '2020-01-10 16:00:00', NULL),
(520, 16, 8, '1', '2020-01-10 16:00:00', '2020-01-10 16:00:00', NULL),
(521, 17, 8, '1', '2020-01-10 16:00:00', '2020-01-10 16:00:00', NULL),
(522, 18, 8, '0', '2020-01-10 16:00:00', '2020-01-10 16:00:00', NULL),
(523, 19, 8, '0', '2020-01-10 16:00:00', '2020-01-10 16:00:00', NULL),
(524, 20, 8, '1', '2020-01-10 16:00:00', '2020-01-10 16:00:00', NULL),
(525, 21, 8, '0', '2020-01-10 16:00:00', '2020-01-10 16:00:00', NULL),
(526, 22, 8, '1', '2020-01-10 16:00:00', '2020-01-10 16:00:00', NULL),
(527, 23, 8, '1', '2020-01-10 16:00:00', '2020-01-10 16:00:00', NULL),
(528, 24, 8, '0', '2020-01-10 16:00:00', '2020-01-10 16:00:00', NULL),
(529, 1, 8, '1', '2020-01-09 07:00:00', '2020-01-09 07:00:00', NULL),
(530, 2, 8, '0', '2020-01-09 07:00:00', '2020-01-09 07:00:00', NULL),
(531, 3, 8, '0', '2020-01-09 07:00:00', '2020-01-09 07:00:00', NULL),
(532, 4, 8, '1', '2020-01-09 07:00:00', '2020-01-09 07:00:00', NULL),
(533, 5, 8, '0', '2020-01-09 07:00:00', '2020-01-09 07:00:00', NULL),
(534, 6, 8, '1', '2020-01-09 07:00:00', '2020-01-09 07:00:00', NULL),
(535, 7, 8, '0', '2020-01-09 07:00:00', '2020-01-09 07:00:00', NULL),
(536, 8, 8, '0', '2020-01-09 07:00:00', '2020-01-09 07:00:00', NULL),
(537, 9, 8, '1', '2020-01-09 07:00:00', '2020-01-09 07:00:00', NULL),
(538, 10, 8, '0', '2020-01-09 07:00:00', '2020-01-09 07:00:00', NULL),
(539, 11, 8, '1', '2020-01-09 07:00:00', '2020-01-09 07:00:00', NULL),
(540, 12, 8, '0', '2020-01-09 07:00:00', '2020-01-09 07:00:00', NULL),
(541, 13, 8, '1', '2020-01-09 07:00:00', '2020-01-09 07:00:00', NULL),
(542, 14, 8, '1', '2020-01-09 07:00:00', '2020-01-09 07:00:00', NULL),
(543, 15, 8, '1', '2020-01-09 07:00:00', '2020-01-09 07:00:00', NULL),
(544, 16, 8, '0', '2020-01-09 07:00:00', '2020-01-09 07:00:00', NULL),
(545, 17, 8, '1', '2020-01-09 07:00:00', '2020-01-09 07:00:00', NULL),
(546, 18, 8, '1', '2020-01-09 07:00:00', '2020-01-09 07:00:00', NULL),
(547, 19, 8, '0', '2020-01-09 07:00:00', '2020-01-09 07:00:00', NULL),
(548, 20, 8, '1', '2020-01-09 07:00:00', '2020-01-09 07:00:00', NULL),
(549, 21, 8, '0', '2020-01-09 07:00:00', '2020-01-09 07:00:00', NULL),
(550, 22, 8, '1', '2020-01-09 07:00:00', '2020-01-09 07:00:00', NULL),
(551, 23, 8, '1', '2020-01-09 07:00:00', '2020-01-09 07:00:00', NULL),
(552, 24, 8, '0', '2020-01-09 07:00:00', '2020-01-09 07:00:00', NULL),
(553, 1, 8, '1', '2020-01-21 14:00:00', '2020-01-21 14:00:00', NULL),
(554, 2, 8, '0', '2020-01-21 14:00:00', '2020-01-21 14:00:00', NULL),
(555, 3, 8, '0', '2020-01-21 14:00:00', '2020-01-21 14:00:00', NULL),
(556, 4, 8, '1', '2020-01-21 14:00:00', '2020-01-21 14:00:00', NULL),
(557, 5, 8, '1', '2020-01-21 14:00:00', '2020-01-21 14:00:00', NULL),
(558, 6, 8, '0', '2020-01-21 14:00:00', '2020-01-21 14:00:00', NULL),
(559, 7, 8, '0', '2020-01-21 14:00:00', '2020-01-21 14:00:00', NULL),
(560, 8, 8, '1', '2020-01-21 14:00:00', '2020-01-21 14:00:00', NULL),
(561, 9, 8, '1', '2020-01-21 14:00:00', '2020-01-21 14:00:00', NULL),
(562, 10, 8, '1', '2020-01-21 14:00:00', '2020-01-21 14:00:00', NULL),
(563, 11, 8, '0', '2020-01-21 14:00:00', '2020-01-21 14:00:00', NULL),
(564, 12, 8, '1', '2020-01-21 14:00:00', '2020-01-21 14:00:00', NULL),
(565, 13, 8, '1', '2020-01-21 14:00:00', '2020-01-21 14:00:00', NULL),
(566, 14, 8, '1', '2020-01-21 14:00:00', '2020-01-21 14:00:00', NULL),
(567, 15, 8, '0', '2020-01-21 14:00:00', '2020-01-21 14:00:00', NULL),
(568, 16, 8, '1', '2020-01-21 14:00:00', '2020-01-21 14:00:00', NULL),
(569, 17, 8, '0', '2020-01-21 14:00:00', '2020-01-21 14:00:00', NULL),
(570, 18, 8, '1', '2020-01-21 14:00:00', '2020-01-21 14:00:00', NULL),
(571, 19, 8, '1', '2020-01-21 14:00:00', '2020-01-21 14:00:00', NULL),
(572, 20, 8, '1', '2020-01-21 14:00:00', '2020-01-21 14:00:00', NULL),
(573, 21, 8, '0', '2020-01-21 14:00:00', '2020-01-21 14:00:00', NULL),
(574, 22, 8, '1', '2020-01-21 14:00:00', '2020-01-21 14:00:00', NULL),
(575, 23, 8, '1', '2020-01-21 14:00:00', '2020-01-21 14:00:00', NULL),
(576, 24, 8, '0', '2020-01-21 14:00:00', '2020-01-21 14:00:00', NULL),
(577, 1, 9, '1', '2020-01-01 10:00:00', '2020-01-01 10:00:00', NULL),
(578, 2, 9, '1', '2020-01-01 10:00:00', '2020-01-01 10:00:00', NULL),
(579, 3, 9, '0', '2020-01-01 10:00:00', '2020-01-01 10:00:00', NULL),
(580, 4, 9, '1', '2020-01-01 10:00:00', '2020-01-01 10:00:00', NULL),
(581, 5, 9, '0', '2020-01-01 10:00:00', '2020-01-01 10:00:00', NULL),
(582, 6, 9, '0', '2020-01-01 10:00:00', '2020-01-01 10:00:00', NULL),
(583, 7, 9, '1', '2020-01-01 10:00:00', '2020-01-01 10:00:00', NULL),
(584, 8, 9, '0', '2020-01-01 10:00:00', '2020-01-01 10:00:00', NULL),
(585, 9, 9, '1', '2020-01-01 10:00:00', '2020-01-01 10:00:00', NULL),
(586, 10, 9, '1', '2020-01-01 10:00:00', '2020-01-01 10:00:00', NULL),
(587, 11, 9, '1', '2020-01-01 10:00:00', '2020-01-01 10:00:00', NULL),
(588, 12, 9, '0', '2020-01-01 10:00:00', '2020-01-01 10:00:00', NULL),
(589, 13, 9, '1', '2020-01-01 10:00:00', '2020-01-01 10:00:00', NULL),
(590, 14, 9, '1', '2020-01-01 10:00:00', '2020-01-01 10:00:00', NULL),
(591, 15, 9, '1', '2020-01-01 10:00:00', '2020-01-01 10:00:00', NULL),
(592, 16, 9, '0', '2020-01-01 10:00:00', '2020-01-01 10:00:00', NULL),
(593, 17, 9, '0', '2020-01-01 10:00:00', '2020-01-01 10:00:00', NULL),
(594, 18, 9, '1', '2020-01-01 10:00:00', '2020-01-01 10:00:00', NULL),
(595, 19, 9, '0', '2020-01-01 10:00:00', '2020-01-01 10:00:00', NULL),
(596, 20, 9, '0', '2020-01-01 10:00:00', '2020-01-01 10:00:00', NULL),
(597, 21, 9, '1', '2020-01-01 10:00:00', '2020-01-01 10:00:00', NULL),
(598, 22, 9, '0', '2020-01-01 10:00:00', '2020-01-01 10:00:00', NULL),
(599, 23, 9, '0', '2020-01-01 10:00:00', '2020-01-01 10:00:00', NULL),
(600, 24, 9, '1', '2020-01-01 10:00:00', '2020-01-01 10:00:00', NULL),
(601, 1, 9, '1', '2020-01-03 13:00:00', '2020-01-03 13:00:00', NULL),
(602, 2, 9, '1', '2020-01-03 13:00:00', '2020-01-03 13:00:00', NULL),
(603, 3, 9, '0', '2020-01-03 13:00:00', '2020-01-03 13:00:00', NULL),
(604, 4, 9, '0', '2020-01-03 13:00:00', '2020-01-03 13:00:00', NULL),
(605, 5, 9, '0', '2020-01-03 13:00:00', '2020-01-03 13:00:00', NULL),
(606, 6, 9, '0', '2020-01-03 13:00:00', '2020-01-03 13:00:00', NULL),
(607, 7, 9, '0', '2020-01-03 13:00:00', '2020-01-03 13:00:00', NULL),
(608, 8, 9, '1', '2020-01-03 13:00:00', '2020-01-03 13:00:00', NULL),
(609, 9, 9, '0', '2020-01-03 13:00:00', '2020-01-03 13:00:00', NULL),
(610, 10, 9, '1', '2020-01-03 13:00:00', '2020-01-03 13:00:00', NULL),
(611, 11, 9, '0', '2020-01-03 13:00:00', '2020-01-03 13:00:00', NULL),
(612, 12, 9, '1', '2020-01-03 13:00:00', '2020-01-03 13:00:00', NULL),
(613, 13, 9, '1', '2020-01-03 13:00:00', '2020-01-03 13:00:00', NULL),
(614, 14, 9, '0', '2020-01-03 13:00:00', '2020-01-03 13:00:00', NULL),
(615, 15, 9, '0', '2020-01-03 13:00:00', '2020-01-03 13:00:00', NULL),
(616, 16, 9, '1', '2020-01-03 13:00:00', '2020-01-03 13:00:00', NULL),
(617, 17, 9, '1', '2020-01-03 13:00:00', '2020-01-03 13:00:00', NULL),
(618, 18, 9, '0', '2020-01-03 13:00:00', '2020-01-03 13:00:00', NULL),
(619, 19, 9, '0', '2020-01-03 13:00:00', '2020-01-03 13:00:00', NULL),
(620, 20, 9, '0', '2020-01-03 13:00:00', '2020-01-03 13:00:00', NULL),
(621, 21, 9, '0', '2020-01-03 13:00:00', '2020-01-03 13:00:00', NULL),
(622, 22, 9, '0', '2020-01-03 13:00:00', '2020-01-03 13:00:00', NULL),
(623, 23, 9, '0', '2020-01-03 13:00:00', '2020-01-03 13:00:00', NULL),
(624, 24, 9, '0', '2020-01-03 13:00:00', '2020-01-03 13:00:00', NULL),
(625, 1, 9, '0', '2020-01-08 07:00:00', '2020-01-08 07:00:00', NULL),
(626, 2, 9, '1', '2020-01-08 07:00:00', '2020-01-08 07:00:00', NULL),
(627, 3, 9, '1', '2020-01-08 07:00:00', '2020-01-08 07:00:00', NULL),
(628, 4, 9, '1', '2020-01-08 07:00:00', '2020-01-08 07:00:00', NULL),
(629, 5, 9, '0', '2020-01-08 07:00:00', '2020-01-08 07:00:00', NULL),
(630, 6, 9, '0', '2020-01-08 07:00:00', '2020-01-08 07:00:00', NULL),
(631, 7, 9, '1', '2020-01-08 07:00:00', '2020-01-08 07:00:00', NULL),
(632, 8, 9, '1', '2020-01-08 07:00:00', '2020-01-08 07:00:00', NULL),
(633, 9, 9, '1', '2020-01-08 07:00:00', '2020-01-08 07:00:00', NULL),
(634, 10, 9, '0', '2020-01-08 07:00:00', '2020-01-08 07:00:00', NULL),
(635, 11, 9, '1', '2020-01-08 07:00:00', '2020-01-08 07:00:00', NULL),
(636, 12, 9, '0', '2020-01-08 07:00:00', '2020-01-08 07:00:00', NULL),
(637, 13, 9, '0', '2020-01-08 07:00:00', '2020-01-08 07:00:00', NULL),
(638, 14, 9, '1', '2020-01-08 07:00:00', '2020-01-08 07:00:00', NULL),
(639, 15, 9, '1', '2020-01-08 07:00:00', '2020-01-08 07:00:00', NULL),
(640, 16, 9, '1', '2020-01-08 07:00:00', '2020-01-08 07:00:00', NULL),
(641, 17, 9, '0', '2020-01-08 07:00:00', '2020-01-08 07:00:00', NULL),
(642, 18, 9, '1', '2020-01-08 07:00:00', '2020-01-08 07:00:00', NULL),
(643, 19, 9, '1', '2020-01-08 07:00:00', '2020-01-08 07:00:00', NULL),
(644, 20, 9, '0', '2020-01-08 07:00:00', '2020-01-08 07:00:00', NULL),
(645, 21, 9, '0', '2020-01-08 07:00:00', '2020-01-08 07:00:00', NULL),
(646, 22, 9, '0', '2020-01-08 07:00:00', '2020-01-08 07:00:00', NULL),
(647, 23, 9, '0', '2020-01-08 07:00:00', '2020-01-08 07:00:00', NULL),
(648, 24, 9, '0', '2020-01-08 07:00:00', '2020-01-08 07:00:00', NULL),
(649, 1, 10, '1', '2020-01-16 15:00:00', '2020-01-16 15:00:00', NULL),
(650, 2, 10, '1', '2020-01-16 15:00:00', '2020-01-16 15:00:00', NULL),
(651, 3, 10, '0', '2020-01-16 15:00:00', '2020-01-16 15:00:00', NULL),
(652, 4, 10, '0', '2020-01-16 15:00:00', '2020-01-16 15:00:00', NULL),
(653, 5, 10, '1', '2020-01-16 15:00:00', '2020-01-16 15:00:00', NULL),
(654, 6, 10, '0', '2020-01-16 15:00:00', '2020-01-16 15:00:00', NULL),
(655, 7, 10, '1', '2020-01-16 15:00:00', '2020-01-16 15:00:00', NULL),
(656, 8, 10, '0', '2020-01-16 15:00:00', '2020-01-16 15:00:00', NULL),
(657, 9, 10, '1', '2020-01-16 15:00:00', '2020-01-16 15:00:00', NULL),
(658, 10, 10, '1', '2020-01-16 15:00:00', '2020-01-16 15:00:00', NULL),
(659, 11, 10, '0', '2020-01-16 15:00:00', '2020-01-16 15:00:00', NULL),
(660, 12, 10, '0', '2020-01-16 15:00:00', '2020-01-16 15:00:00', NULL),
(661, 13, 10, '0', '2020-01-16 15:00:00', '2020-01-16 15:00:00', NULL),
(662, 14, 10, '1', '2020-01-16 15:00:00', '2020-01-16 15:00:00', NULL),
(663, 15, 10, '1', '2020-01-16 15:00:00', '2020-01-16 15:00:00', NULL),
(664, 16, 10, '0', '2020-01-16 15:00:00', '2020-01-16 15:00:00', NULL),
(665, 17, 10, '1', '2020-01-16 15:00:00', '2020-01-16 15:00:00', NULL),
(666, 18, 10, '1', '2020-01-16 15:00:00', '2020-01-16 15:00:00', NULL),
(667, 19, 10, '1', '2020-01-16 15:00:00', '2020-01-16 15:00:00', NULL),
(668, 20, 10, '0', '2020-01-16 15:00:00', '2020-01-16 15:00:00', NULL),
(669, 21, 10, '1', '2020-01-16 15:00:00', '2020-01-16 15:00:00', NULL),
(670, 22, 10, '1', '2020-01-16 15:00:00', '2020-01-16 15:00:00', NULL),
(671, 23, 10, '0', '2020-01-16 15:00:00', '2020-01-16 15:00:00', NULL),
(672, 24, 10, '1', '2020-01-16 15:00:00', '2020-01-16 15:00:00', NULL),
(673, 1, 10, '1', '2020-01-30 15:00:00', '2020-01-30 15:00:00', NULL),
(674, 2, 10, '1', '2020-01-30 15:00:00', '2020-01-30 15:00:00', NULL),
(675, 3, 10, '1', '2020-01-30 15:00:00', '2020-01-30 15:00:00', NULL),
(676, 4, 10, '0', '2020-01-30 15:00:00', '2020-01-30 15:00:00', NULL),
(677, 5, 10, '0', '2020-01-30 15:00:00', '2020-01-30 15:00:00', NULL),
(678, 6, 10, '0', '2020-01-30 15:00:00', '2020-01-30 15:00:00', NULL),
(679, 7, 10, '1', '2020-01-30 15:00:00', '2020-01-30 15:00:00', NULL),
(680, 8, 10, '0', '2020-01-30 15:00:00', '2020-01-30 15:00:00', NULL),
(681, 9, 10, '0', '2020-01-30 15:00:00', '2020-01-30 15:00:00', NULL),
(682, 10, 10, '1', '2020-01-30 15:00:00', '2020-01-30 15:00:00', NULL),
(683, 11, 10, '1', '2020-01-30 15:00:00', '2020-01-30 15:00:00', NULL),
(684, 12, 10, '1', '2020-01-30 15:00:00', '2020-01-30 15:00:00', NULL),
(685, 13, 10, '0', '2020-01-30 15:00:00', '2020-01-30 15:00:00', NULL),
(686, 14, 10, '0', '2020-01-30 15:00:00', '2020-01-30 15:00:00', NULL),
(687, 15, 10, '1', '2020-01-30 15:00:00', '2020-01-30 15:00:00', NULL),
(688, 16, 10, '1', '2020-01-30 15:00:00', '2020-01-30 15:00:00', NULL),
(689, 17, 10, '0', '2020-01-30 15:00:00', '2020-01-30 15:00:00', NULL),
(690, 18, 10, '0', '2020-01-30 15:00:00', '2020-01-30 15:00:00', NULL),
(691, 19, 10, '0', '2020-01-30 15:00:00', '2020-01-30 15:00:00', NULL),
(692, 20, 10, '1', '2020-01-30 15:00:00', '2020-01-30 15:00:00', NULL),
(693, 21, 10, '0', '2020-01-30 15:00:00', '2020-01-30 15:00:00', NULL),
(694, 22, 10, '0', '2020-01-30 15:00:00', '2020-01-30 15:00:00', NULL),
(695, 23, 10, '1', '2020-01-30 15:00:00', '2020-01-30 15:00:00', NULL),
(696, 24, 10, '1', '2020-01-30 15:00:00', '2020-01-30 15:00:00', NULL),
(697, 1, 10, '1', '2020-01-30 08:00:00', '2020-01-30 08:00:00', NULL),
(698, 2, 10, '0', '2020-01-30 08:00:00', '2020-01-30 08:00:00', NULL),
(699, 3, 10, '0', '2020-01-30 08:00:00', '2020-01-30 08:00:00', NULL),
(700, 4, 10, '0', '2020-01-30 08:00:00', '2020-01-30 08:00:00', NULL),
(701, 5, 10, '1', '2020-01-30 08:00:00', '2020-01-30 08:00:00', NULL),
(702, 6, 10, '0', '2020-01-30 08:00:00', '2020-01-30 08:00:00', NULL),
(703, 7, 10, '1', '2020-01-30 08:00:00', '2020-01-30 08:00:00', NULL),
(704, 8, 10, '0', '2020-01-30 08:00:00', '2020-01-30 08:00:00', NULL),
(705, 9, 10, '0', '2020-01-30 08:00:00', '2020-01-30 08:00:00', NULL),
(706, 10, 10, '0', '2020-01-30 08:00:00', '2020-01-30 08:00:00', NULL),
(707, 11, 10, '0', '2020-01-30 08:00:00', '2020-01-30 08:00:00', NULL),
(708, 12, 10, '1', '2020-01-30 08:00:00', '2020-01-30 08:00:00', NULL),
(709, 13, 10, '0', '2020-01-30 08:00:00', '2020-01-30 08:00:00', NULL),
(710, 14, 10, '0', '2020-01-30 08:00:00', '2020-01-30 08:00:00', NULL),
(711, 15, 10, '0', '2020-01-30 08:00:00', '2020-01-30 08:00:00', NULL),
(712, 16, 10, '1', '2020-01-30 08:00:00', '2020-01-30 08:00:00', NULL),
(713, 17, 10, '1', '2020-01-30 08:00:00', '2020-01-30 08:00:00', NULL),
(714, 18, 10, '0', '2020-01-30 08:00:00', '2020-01-30 08:00:00', NULL),
(715, 19, 10, '1', '2020-01-30 08:00:00', '2020-01-30 08:00:00', NULL),
(716, 20, 10, '0', '2020-01-30 08:00:00', '2020-01-30 08:00:00', NULL),
(717, 21, 10, '1', '2020-01-30 08:00:00', '2020-01-30 08:00:00', NULL),
(718, 22, 10, '1', '2020-01-30 08:00:00', '2020-01-30 08:00:00', NULL),
(719, 23, 10, '1', '2020-01-30 08:00:00', '2020-01-30 08:00:00', NULL),
(720, 24, 10, '0', '2020-01-30 08:00:00', '2020-01-30 08:00:00', NULL),
(721, 1, 11, '1', '2020-01-22 10:00:00', '2020-01-22 10:00:00', NULL),
(722, 2, 11, '1', '2020-01-22 10:00:00', '2020-01-22 10:00:00', NULL),
(723, 3, 11, '1', '2020-01-22 10:00:00', '2020-01-22 10:00:00', NULL),
(724, 4, 11, '0', '2020-01-22 10:00:00', '2020-01-22 10:00:00', NULL),
(725, 5, 11, '1', '2020-01-22 10:00:00', '2020-01-22 10:00:00', NULL),
(726, 6, 11, '1', '2020-01-22 10:00:00', '2020-01-22 10:00:00', NULL),
(727, 7, 11, '1', '2020-01-22 10:00:00', '2020-01-22 10:00:00', NULL);
INSERT INTO `journals` (`id`, `student_id`, `subject_id`, `value`, `created_at`, `updated_at`, `deleted_at`) VALUES
(728, 8, 11, '1', '2020-01-22 10:00:00', '2020-01-22 10:00:00', NULL),
(729, 9, 11, '1', '2020-01-22 10:00:00', '2020-01-22 10:00:00', NULL),
(730, 10, 11, '1', '2020-01-22 10:00:00', '2020-01-22 10:00:00', NULL),
(731, 11, 11, '0', '2020-01-22 10:00:00', '2020-01-22 10:00:00', NULL),
(732, 12, 11, '1', '2020-01-22 10:00:00', '2020-01-22 10:00:00', NULL),
(733, 13, 11, '0', '2020-01-22 10:00:00', '2020-01-22 10:00:00', NULL),
(734, 14, 11, '0', '2020-01-22 10:00:00', '2020-01-22 10:00:00', NULL),
(735, 15, 11, '1', '2020-01-22 10:00:00', '2020-01-22 10:00:00', NULL),
(736, 16, 11, '1', '2020-01-22 10:00:00', '2020-01-22 10:00:00', NULL),
(737, 17, 11, '1', '2020-01-22 10:00:00', '2020-01-22 10:00:00', NULL),
(738, 18, 11, '1', '2020-01-22 10:00:00', '2020-01-22 10:00:00', NULL),
(739, 19, 11, '0', '2020-01-22 10:00:00', '2020-01-22 10:00:00', NULL),
(740, 20, 11, '0', '2020-01-22 10:00:00', '2020-01-22 10:00:00', NULL),
(741, 21, 11, '1', '2020-01-22 10:00:00', '2020-01-22 10:00:00', NULL),
(742, 22, 11, '0', '2020-01-22 10:00:00', '2020-01-22 10:00:00', NULL),
(743, 23, 11, '1', '2020-01-22 10:00:00', '2020-01-22 10:00:00', NULL),
(744, 24, 11, '0', '2020-01-22 10:00:00', '2020-01-22 10:00:00', NULL),
(745, 1, 11, '1', '2020-01-18 13:00:00', '2020-01-18 13:00:00', NULL),
(746, 2, 11, '0', '2020-01-18 13:00:00', '2020-01-18 13:00:00', NULL),
(747, 3, 11, '1', '2020-01-18 13:00:00', '2020-01-18 13:00:00', NULL),
(748, 4, 11, '0', '2020-01-18 13:00:00', '2020-01-18 13:00:00', NULL),
(749, 5, 11, '1', '2020-01-18 13:00:00', '2020-01-18 13:00:00', NULL),
(750, 6, 11, '0', '2020-01-18 13:00:00', '2020-01-18 13:00:00', NULL),
(751, 7, 11, '1', '2020-01-18 13:00:00', '2020-01-18 13:00:00', NULL),
(752, 8, 11, '1', '2020-01-18 13:00:00', '2020-01-18 13:00:00', NULL),
(753, 9, 11, '1', '2020-01-18 13:00:00', '2020-01-18 13:00:00', NULL),
(754, 10, 11, '1', '2020-01-18 13:00:00', '2020-01-18 13:00:00', NULL),
(755, 11, 11, '1', '2020-01-18 13:00:00', '2020-01-18 13:00:00', NULL),
(756, 12, 11, '0', '2020-01-18 13:00:00', '2020-01-18 13:00:00', NULL),
(757, 13, 11, '1', '2020-01-18 13:00:00', '2020-01-18 13:00:00', NULL),
(758, 14, 11, '1', '2020-01-18 13:00:00', '2020-01-18 13:00:00', NULL),
(759, 15, 11, '1', '2020-01-18 13:00:00', '2020-01-18 13:00:00', NULL),
(760, 16, 11, '1', '2020-01-18 13:00:00', '2020-01-18 13:00:00', NULL),
(761, 17, 11, '1', '2020-01-18 13:00:00', '2020-01-18 13:00:00', NULL),
(762, 18, 11, '0', '2020-01-18 13:00:00', '2020-01-18 13:00:00', NULL),
(763, 19, 11, '1', '2020-01-18 13:00:00', '2020-01-18 13:00:00', NULL),
(764, 20, 11, '1', '2020-01-18 13:00:00', '2020-01-18 13:00:00', NULL),
(765, 21, 11, '1', '2020-01-18 13:00:00', '2020-01-18 13:00:00', NULL),
(766, 22, 11, '1', '2020-01-18 13:00:00', '2020-01-18 13:00:00', NULL),
(767, 23, 11, '1', '2020-01-18 13:00:00', '2020-01-18 13:00:00', NULL),
(768, 24, 11, '1', '2020-01-18 13:00:00', '2020-01-18 13:00:00', NULL),
(769, 1, 11, '1', '2020-01-19 12:00:00', '2020-01-19 12:00:00', NULL),
(770, 2, 11, '1', '2020-01-19 12:00:00', '2020-01-19 12:00:00', NULL),
(771, 3, 11, '1', '2020-01-19 12:00:00', '2020-01-19 12:00:00', NULL),
(772, 4, 11, '1', '2020-01-19 12:00:00', '2020-01-19 12:00:00', NULL),
(773, 5, 11, '0', '2020-01-19 12:00:00', '2020-01-19 12:00:00', NULL),
(774, 6, 11, '0', '2020-01-19 12:00:00', '2020-01-19 12:00:00', NULL),
(775, 7, 11, '0', '2020-01-19 12:00:00', '2020-01-19 12:00:00', NULL),
(776, 8, 11, '0', '2020-01-19 12:00:00', '2020-01-19 12:00:00', NULL),
(777, 9, 11, '0', '2020-01-19 12:00:00', '2020-01-19 12:00:00', NULL),
(778, 10, 11, '1', '2020-01-19 12:00:00', '2020-01-19 12:00:00', NULL),
(779, 11, 11, '1', '2020-01-19 12:00:00', '2020-01-19 12:00:00', NULL),
(780, 12, 11, '1', '2020-01-19 12:00:00', '2020-01-19 12:00:00', NULL),
(781, 13, 11, '0', '2020-01-19 12:00:00', '2020-01-19 12:00:00', NULL),
(782, 14, 11, '0', '2020-01-19 12:00:00', '2020-01-19 12:00:00', NULL),
(783, 15, 11, '1', '2020-01-19 12:00:00', '2020-01-19 12:00:00', NULL),
(784, 16, 11, '1', '2020-01-19 12:00:00', '2020-01-19 12:00:00', NULL),
(785, 17, 11, '0', '2020-01-19 12:00:00', '2020-01-19 12:00:00', NULL),
(786, 18, 11, '1', '2020-01-19 12:00:00', '2020-01-19 12:00:00', NULL),
(787, 19, 11, '1', '2020-01-19 12:00:00', '2020-01-19 12:00:00', NULL),
(788, 20, 11, '1', '2020-01-19 12:00:00', '2020-01-19 12:00:00', NULL),
(789, 21, 11, '1', '2020-01-19 12:00:00', '2020-01-19 12:00:00', NULL),
(790, 22, 11, '1', '2020-01-19 12:00:00', '2020-01-19 12:00:00', NULL),
(791, 23, 11, '0', '2020-01-19 12:00:00', '2020-01-19 12:00:00', NULL),
(792, 24, 11, '1', '2020-01-19 12:00:00', '2020-01-19 12:00:00', NULL),
(793, 1, 12, '1', '2020-01-23 15:00:00', '2020-01-23 15:00:00', NULL),
(794, 2, 12, '0', '2020-01-23 15:00:00', '2020-01-23 15:00:00', NULL),
(795, 3, 12, '0', '2020-01-23 15:00:00', '2020-01-23 15:00:00', NULL),
(796, 4, 12, '0', '2020-01-23 15:00:00', '2020-01-23 15:00:00', NULL),
(797, 5, 12, '0', '2020-01-23 15:00:00', '2020-01-23 15:00:00', NULL),
(798, 6, 12, '0', '2020-01-23 15:00:00', '2020-01-23 15:00:00', NULL),
(799, 7, 12, '1', '2020-01-23 15:00:00', '2020-01-23 15:00:00', NULL),
(800, 8, 12, '0', '2020-01-23 15:00:00', '2020-01-23 15:00:00', NULL),
(801, 9, 12, '0', '2020-01-23 15:00:00', '2020-01-23 15:00:00', NULL),
(802, 10, 12, '1', '2020-01-23 15:00:00', '2020-01-23 15:00:00', NULL),
(803, 11, 12, '1', '2020-01-23 15:00:00', '2020-01-23 15:00:00', NULL),
(804, 12, 12, '1', '2020-01-23 15:00:00', '2020-01-23 15:00:00', NULL),
(805, 13, 12, '1', '2020-01-23 15:00:00', '2020-01-23 15:00:00', NULL),
(806, 14, 12, '0', '2020-01-23 15:00:00', '2020-01-23 15:00:00', NULL),
(807, 15, 12, '1', '2020-01-23 15:00:00', '2020-01-23 15:00:00', NULL),
(808, 16, 12, '1', '2020-01-23 15:00:00', '2020-01-23 15:00:00', NULL),
(809, 17, 12, '1', '2020-01-23 15:00:00', '2020-01-23 15:00:00', NULL),
(810, 18, 12, '0', '2020-01-23 15:00:00', '2020-01-23 15:00:00', NULL),
(811, 19, 12, '1', '2020-01-23 15:00:00', '2020-01-23 15:00:00', NULL),
(812, 20, 12, '0', '2020-01-23 15:00:00', '2020-01-23 15:00:00', NULL),
(813, 21, 12, '0', '2020-01-23 15:00:00', '2020-01-23 15:00:00', NULL),
(814, 22, 12, '1', '2020-01-23 15:00:00', '2020-01-23 15:00:00', NULL),
(815, 23, 12, '1', '2020-01-23 15:00:00', '2020-01-23 15:00:00', NULL),
(816, 24, 12, '1', '2020-01-23 15:00:00', '2020-01-23 15:00:00', NULL),
(817, 1, 12, '0', '2020-01-23 11:00:00', '2020-01-23 11:00:00', NULL),
(818, 2, 12, '1', '2020-01-23 11:00:00', '2020-01-23 11:00:00', NULL),
(819, 3, 12, '1', '2020-01-23 11:00:00', '2020-01-23 11:00:00', NULL),
(820, 4, 12, '0', '2020-01-23 11:00:00', '2020-01-23 11:00:00', NULL),
(821, 5, 12, '0', '2020-01-23 11:00:00', '2020-01-23 11:00:00', NULL),
(822, 6, 12, '0', '2020-01-23 11:00:00', '2020-01-23 11:00:00', NULL),
(823, 7, 12, '0', '2020-01-23 11:00:00', '2020-01-23 11:00:00', NULL),
(824, 8, 12, '0', '2020-01-23 11:00:00', '2020-01-23 11:00:00', NULL),
(825, 9, 12, '1', '2020-01-23 11:00:00', '2020-01-23 11:00:00', NULL),
(826, 10, 12, '1', '2020-01-23 11:00:00', '2020-01-23 11:00:00', NULL),
(827, 11, 12, '1', '2020-01-23 11:00:00', '2020-01-23 11:00:00', NULL),
(828, 12, 12, '0', '2020-01-23 11:00:00', '2020-01-23 11:00:00', NULL),
(829, 13, 12, '0', '2020-01-23 11:00:00', '2020-01-23 11:00:00', NULL),
(830, 14, 12, '0', '2020-01-23 11:00:00', '2020-01-23 11:00:00', NULL),
(831, 15, 12, '0', '2020-01-23 11:00:00', '2020-01-23 11:00:00', NULL),
(832, 16, 12, '0', '2020-01-23 11:00:00', '2020-01-23 11:00:00', NULL),
(833, 17, 12, '1', '2020-01-23 11:00:00', '2020-01-23 11:00:00', NULL),
(834, 18, 12, '0', '2020-01-23 11:00:00', '2020-01-23 11:00:00', NULL),
(835, 19, 12, '1', '2020-01-23 11:00:00', '2020-01-23 11:00:00', NULL),
(836, 20, 12, '0', '2020-01-23 11:00:00', '2020-01-23 11:00:00', NULL),
(837, 21, 12, '1', '2020-01-23 11:00:00', '2020-01-23 11:00:00', NULL),
(838, 22, 12, '1', '2020-01-23 11:00:00', '2020-01-23 11:00:00', NULL),
(839, 23, 12, '1', '2020-01-23 11:00:00', '2020-01-23 11:00:00', NULL),
(840, 24, 12, '1', '2020-01-23 11:00:00', '2020-01-23 11:00:00', NULL),
(841, 1, 12, '1', '2020-01-27 15:00:00', '2020-01-27 15:00:00', NULL),
(842, 2, 12, '0', '2020-01-27 15:00:00', '2020-01-27 15:00:00', NULL),
(843, 3, 12, '0', '2020-01-27 15:00:00', '2020-01-27 15:00:00', NULL),
(844, 4, 12, '0', '2020-01-27 15:00:00', '2020-01-27 15:00:00', NULL),
(845, 5, 12, '1', '2020-01-27 15:00:00', '2020-01-27 15:00:00', NULL),
(846, 6, 12, '0', '2020-01-27 15:00:00', '2020-01-27 15:00:00', NULL),
(847, 7, 12, '0', '2020-01-27 15:00:00', '2020-01-27 15:00:00', NULL),
(848, 8, 12, '0', '2020-01-27 15:00:00', '2020-01-27 15:00:00', NULL),
(849, 9, 12, '0', '2020-01-27 15:00:00', '2020-01-27 15:00:00', NULL),
(850, 10, 12, '1', '2020-01-27 15:00:00', '2020-01-27 15:00:00', NULL),
(851, 11, 12, '1', '2020-01-27 15:00:00', '2020-01-27 15:00:00', NULL),
(852, 12, 12, '0', '2020-01-27 15:00:00', '2020-01-27 15:00:00', NULL),
(853, 13, 12, '1', '2020-01-27 15:00:00', '2020-01-27 15:00:00', NULL),
(854, 14, 12, '0', '2020-01-27 15:00:00', '2020-01-27 15:00:00', NULL),
(855, 15, 12, '1', '2020-01-27 15:00:00', '2020-01-27 15:00:00', NULL),
(856, 16, 12, '0', '2020-01-27 15:00:00', '2020-01-27 15:00:00', NULL),
(857, 17, 12, '0', '2020-01-27 15:00:00', '2020-01-27 15:00:00', NULL),
(858, 18, 12, '0', '2020-01-27 15:00:00', '2020-01-27 15:00:00', NULL),
(859, 19, 12, '0', '2020-01-27 15:00:00', '2020-01-27 15:00:00', NULL),
(860, 20, 12, '0', '2020-01-27 15:00:00', '2020-01-27 15:00:00', NULL),
(861, 21, 12, '1', '2020-01-27 15:00:00', '2020-01-27 15:00:00', NULL),
(862, 22, 12, '1', '2020-01-27 15:00:00', '2020-01-27 15:00:00', NULL),
(863, 23, 12, '0', '2020-01-27 15:00:00', '2020-01-27 15:00:00', NULL),
(864, 24, 12, '0', '2020-01-27 15:00:00', '2020-01-27 15:00:00', NULL),
(865, 1, 13, '0', '2020-01-15 06:00:00', '2020-01-15 06:00:00', NULL),
(866, 2, 13, '0', '2020-01-15 06:00:00', '2020-01-15 06:00:00', NULL),
(867, 3, 13, '1', '2020-01-15 06:00:00', '2020-01-15 06:00:00', NULL),
(868, 4, 13, '1', '2020-01-15 06:00:00', '2020-01-15 06:00:00', NULL),
(869, 5, 13, '1', '2020-01-15 06:00:00', '2020-01-15 06:00:00', NULL),
(870, 6, 13, '0', '2020-01-15 06:00:00', '2020-01-15 06:00:00', NULL),
(871, 7, 13, '1', '2020-01-15 06:00:00', '2020-01-15 06:00:00', NULL),
(872, 8, 13, '0', '2020-01-15 06:00:00', '2020-01-15 06:00:00', NULL),
(873, 9, 13, '0', '2020-01-15 06:00:00', '2020-01-15 06:00:00', NULL),
(874, 10, 13, '1', '2020-01-15 06:00:00', '2020-01-15 06:00:00', NULL),
(875, 11, 13, '1', '2020-01-15 06:00:00', '2020-01-15 06:00:00', NULL),
(876, 12, 13, '0', '2020-01-15 06:00:00', '2020-01-15 06:00:00', NULL),
(877, 13, 13, '1', '2020-01-15 06:00:00', '2020-01-15 06:00:00', NULL),
(878, 14, 13, '1', '2020-01-15 06:00:00', '2020-01-15 06:00:00', NULL),
(879, 15, 13, '1', '2020-01-15 06:00:00', '2020-01-15 06:00:00', NULL),
(880, 16, 13, '0', '2020-01-15 06:00:00', '2020-01-15 06:00:00', NULL),
(881, 17, 13, '0', '2020-01-15 06:00:00', '2020-01-15 06:00:00', NULL),
(882, 18, 13, '0', '2020-01-15 06:00:00', '2020-01-15 06:00:00', NULL),
(883, 19, 13, '1', '2020-01-15 06:00:00', '2020-01-15 06:00:00', NULL),
(884, 20, 13, '0', '2020-01-15 06:00:00', '2020-01-15 06:00:00', NULL),
(885, 21, 13, '1', '2020-01-15 06:00:00', '2020-01-15 06:00:00', NULL),
(886, 22, 13, '0', '2020-01-15 06:00:00', '2020-01-15 06:00:00', NULL),
(887, 23, 13, '0', '2020-01-15 06:00:00', '2020-01-15 06:00:00', NULL),
(888, 24, 13, '0', '2020-01-15 06:00:00', '2020-01-15 06:00:00', NULL),
(889, 1, 13, '0', '2020-01-20 08:00:00', '2020-01-20 08:00:00', NULL),
(890, 2, 13, '1', '2020-01-20 08:00:00', '2020-01-20 08:00:00', NULL),
(891, 3, 13, '1', '2020-01-20 08:00:00', '2020-01-20 08:00:00', NULL),
(892, 4, 13, '1', '2020-01-20 08:00:00', '2020-01-20 08:00:00', NULL),
(893, 5, 13, '0', '2020-01-20 08:00:00', '2020-01-20 08:00:00', NULL),
(894, 6, 13, '0', '2020-01-20 08:00:00', '2020-01-20 08:00:00', NULL),
(895, 7, 13, '0', '2020-01-20 08:00:00', '2020-01-20 08:00:00', NULL),
(896, 8, 13, '0', '2020-01-20 08:00:00', '2020-01-20 08:00:00', NULL),
(897, 9, 13, '0', '2020-01-20 08:00:00', '2020-01-20 08:00:00', NULL),
(898, 10, 13, '0', '2020-01-20 08:00:00', '2020-01-20 08:00:00', NULL),
(899, 11, 13, '0', '2020-01-20 08:00:00', '2020-01-20 08:00:00', NULL),
(900, 12, 13, '0', '2020-01-20 08:00:00', '2020-01-20 08:00:00', NULL),
(901, 13, 13, '1', '2020-01-20 08:00:00', '2020-01-20 08:00:00', NULL),
(902, 14, 13, '1', '2020-01-20 08:00:00', '2020-01-20 08:00:00', NULL),
(903, 15, 13, '1', '2020-01-20 08:00:00', '2020-01-20 08:00:00', NULL),
(904, 16, 13, '0', '2020-01-20 08:00:00', '2020-01-20 08:00:00', NULL),
(905, 17, 13, '0', '2020-01-20 08:00:00', '2020-01-20 08:00:00', NULL),
(906, 18, 13, '1', '2020-01-20 08:00:00', '2020-01-20 08:00:00', NULL),
(907, 19, 13, '1', '2020-01-20 08:00:00', '2020-01-20 08:00:00', NULL),
(908, 20, 13, '1', '2020-01-20 08:00:00', '2020-01-20 08:00:00', NULL),
(909, 21, 13, '1', '2020-01-20 08:00:00', '2020-01-20 08:00:00', NULL),
(910, 22, 13, '0', '2020-01-20 08:00:00', '2020-01-20 08:00:00', NULL),
(911, 23, 13, '1', '2020-01-20 08:00:00', '2020-01-20 08:00:00', NULL),
(912, 24, 13, '1', '2020-01-20 08:00:00', '2020-01-20 08:00:00', NULL),
(913, 1, 13, '0', '2020-01-14 12:00:00', '2020-01-14 12:00:00', NULL),
(914, 2, 13, '1', '2020-01-14 12:00:00', '2020-01-14 12:00:00', NULL),
(915, 3, 13, '0', '2020-01-14 12:00:00', '2020-01-14 12:00:00', NULL),
(916, 4, 13, '0', '2020-01-14 12:00:00', '2020-01-14 12:00:00', NULL),
(917, 5, 13, '0', '2020-01-14 12:00:00', '2020-01-14 12:00:00', NULL),
(918, 6, 13, '1', '2020-01-14 12:00:00', '2020-01-14 12:00:00', NULL),
(919, 7, 13, '1', '2020-01-14 12:00:00', '2020-01-14 12:00:00', NULL),
(920, 8, 13, '1', '2020-01-14 12:00:00', '2020-01-14 12:00:00', NULL),
(921, 9, 13, '1', '2020-01-14 12:00:00', '2020-01-14 12:00:00', NULL),
(922, 10, 13, '0', '2020-01-14 12:00:00', '2020-01-14 12:00:00', NULL),
(923, 11, 13, '0', '2020-01-14 12:00:00', '2020-01-14 12:00:00', NULL),
(924, 12, 13, '0', '2020-01-14 12:00:00', '2020-01-14 12:00:00', NULL),
(925, 13, 13, '0', '2020-01-14 12:00:00', '2020-01-14 12:00:00', NULL),
(926, 14, 13, '0', '2020-01-14 12:00:00', '2020-01-14 12:00:00', NULL),
(927, 15, 13, '0', '2020-01-14 12:00:00', '2020-01-14 12:00:00', NULL),
(928, 16, 13, '1', '2020-01-14 12:00:00', '2020-01-14 12:00:00', NULL),
(929, 17, 13, '0', '2020-01-14 12:00:00', '2020-01-14 12:00:00', NULL),
(930, 18, 13, '0', '2020-01-14 12:00:00', '2020-01-14 12:00:00', NULL),
(931, 19, 13, '0', '2020-01-14 12:00:00', '2020-01-14 12:00:00', NULL),
(932, 20, 13, '0', '2020-01-14 12:00:00', '2020-01-14 12:00:00', NULL),
(933, 21, 13, '0', '2020-01-14 12:00:00', '2020-01-14 12:00:00', NULL),
(934, 22, 13, '1', '2020-01-14 12:00:00', '2020-01-14 12:00:00', NULL),
(935, 23, 13, '1', '2020-01-14 12:00:00', '2020-01-14 12:00:00', NULL),
(936, 24, 13, '0', '2020-01-14 12:00:00', '2020-01-14 12:00:00', NULL),
(937, 1, 14, '0', '2020-01-11 16:00:00', '2020-01-11 16:00:00', NULL),
(938, 2, 14, '0', '2020-01-11 16:00:00', '2020-01-11 16:00:00', NULL),
(939, 3, 14, '1', '2020-01-11 16:00:00', '2020-01-11 16:00:00', NULL),
(940, 4, 14, '1', '2020-01-11 16:00:00', '2020-01-11 16:00:00', NULL),
(941, 5, 14, '1', '2020-01-11 16:00:00', '2020-01-11 16:00:00', NULL),
(942, 6, 14, '1', '2020-01-11 16:00:00', '2020-01-11 16:00:00', NULL),
(943, 7, 14, '1', '2020-01-11 16:00:00', '2020-01-11 16:00:00', NULL),
(944, 8, 14, '0', '2020-01-11 16:00:00', '2020-01-11 16:00:00', NULL),
(945, 9, 14, '0', '2020-01-11 16:00:00', '2020-01-11 16:00:00', NULL),
(946, 10, 14, '0', '2020-01-11 16:00:00', '2020-01-11 16:00:00', NULL),
(947, 11, 14, '1', '2020-01-11 16:00:00', '2020-01-11 16:00:00', NULL),
(948, 12, 14, '0', '2020-01-11 16:00:00', '2020-01-11 16:00:00', NULL),
(949, 13, 14, '1', '2020-01-11 16:00:00', '2020-01-11 16:00:00', NULL),
(950, 14, 14, '0', '2020-01-11 16:00:00', '2020-01-11 16:00:00', NULL),
(951, 15, 14, '0', '2020-01-11 16:00:00', '2020-01-11 16:00:00', NULL),
(952, 16, 14, '0', '2020-01-11 16:00:00', '2020-01-11 16:00:00', NULL),
(953, 17, 14, '1', '2020-01-11 16:00:00', '2020-01-11 16:00:00', NULL),
(954, 18, 14, '1', '2020-01-11 16:00:00', '2020-01-11 16:00:00', NULL),
(955, 19, 14, '0', '2020-01-11 16:00:00', '2020-01-11 16:00:00', NULL),
(956, 20, 14, '0', '2020-01-11 16:00:00', '2020-01-11 16:00:00', NULL),
(957, 21, 14, '0', '2020-01-11 16:00:00', '2020-01-11 16:00:00', NULL),
(958, 22, 14, '1', '2020-01-11 16:00:00', '2020-01-11 16:00:00', NULL),
(959, 23, 14, '0', '2020-01-11 16:00:00', '2020-01-11 16:00:00', NULL),
(960, 24, 14, '0', '2020-01-11 16:00:00', '2020-01-11 16:00:00', NULL),
(961, 1, 14, '1', '2020-01-18 13:00:00', '2020-01-18 13:00:00', NULL),
(962, 2, 14, '1', '2020-01-18 13:00:00', '2020-01-18 13:00:00', NULL),
(963, 3, 14, '0', '2020-01-18 13:00:00', '2020-01-18 13:00:00', NULL),
(964, 4, 14, '0', '2020-01-18 13:00:00', '2020-01-18 13:00:00', NULL),
(965, 5, 14, '0', '2020-01-18 13:00:00', '2020-01-18 13:00:00', NULL),
(966, 6, 14, '1', '2020-01-18 13:00:00', '2020-01-18 13:00:00', NULL),
(967, 7, 14, '0', '2020-01-18 13:00:00', '2020-01-18 13:00:00', NULL),
(968, 8, 14, '0', '2020-01-18 13:00:00', '2020-01-18 13:00:00', NULL),
(969, 9, 14, '1', '2020-01-18 13:00:00', '2020-01-18 13:00:00', NULL),
(970, 10, 14, '0', '2020-01-18 13:00:00', '2020-01-18 13:00:00', NULL),
(971, 11, 14, '0', '2020-01-18 13:00:00', '2020-01-18 13:00:00', NULL),
(972, 12, 14, '0', '2020-01-18 13:00:00', '2020-01-18 13:00:00', NULL),
(973, 13, 14, '1', '2020-01-18 13:00:00', '2020-01-18 13:00:00', NULL),
(974, 14, 14, '0', '2020-01-18 13:00:00', '2020-01-18 13:00:00', NULL),
(975, 15, 14, '1', '2020-01-18 13:00:00', '2020-01-18 13:00:00', NULL),
(976, 16, 14, '0', '2020-01-18 13:00:00', '2020-01-18 13:00:00', NULL),
(977, 17, 14, '0', '2020-01-18 13:00:00', '2020-01-18 13:00:00', NULL),
(978, 18, 14, '0', '2020-01-18 13:00:00', '2020-01-18 13:00:00', NULL),
(979, 19, 14, '0', '2020-01-18 13:00:00', '2020-01-18 13:00:00', NULL),
(980, 20, 14, '1', '2020-01-18 13:00:00', '2020-01-18 13:00:00', NULL),
(981, 21, 14, '0', '2020-01-18 13:00:00', '2020-01-18 13:00:00', NULL),
(982, 22, 14, '1', '2020-01-18 13:00:00', '2020-01-18 13:00:00', NULL),
(983, 23, 14, '1', '2020-01-18 13:00:00', '2020-01-18 13:00:00', NULL),
(984, 24, 14, '1', '2020-01-18 13:00:00', '2020-01-18 13:00:00', NULL),
(985, 1, 14, '0', '2020-01-08 08:00:00', '2020-01-08 08:00:00', NULL),
(986, 2, 14, '1', '2020-01-08 08:00:00', '2020-01-08 08:00:00', NULL),
(987, 3, 14, '1', '2020-01-08 08:00:00', '2020-01-08 08:00:00', NULL),
(988, 4, 14, '0', '2020-01-08 08:00:00', '2020-01-08 08:00:00', NULL),
(989, 5, 14, '1', '2020-01-08 08:00:00', '2020-01-08 08:00:00', NULL),
(990, 6, 14, '0', '2020-01-08 08:00:00', '2020-01-08 08:00:00', NULL),
(991, 7, 14, '1', '2020-01-08 08:00:00', '2020-01-08 08:00:00', NULL),
(992, 8, 14, '1', '2020-01-08 08:00:00', '2020-01-08 08:00:00', NULL),
(993, 9, 14, '1', '2020-01-08 08:00:00', '2020-01-08 08:00:00', NULL),
(994, 10, 14, '1', '2020-01-08 08:00:00', '2020-01-08 08:00:00', NULL),
(995, 11, 14, '0', '2020-01-08 08:00:00', '2020-01-08 08:00:00', NULL),
(996, 12, 14, '1', '2020-01-08 08:00:00', '2020-01-08 08:00:00', NULL),
(997, 13, 14, '0', '2020-01-08 08:00:00', '2020-01-08 08:00:00', NULL),
(998, 14, 14, '1', '2020-01-08 08:00:00', '2020-01-08 08:00:00', NULL),
(999, 15, 14, '1', '2020-01-08 08:00:00', '2020-01-08 08:00:00', NULL),
(1000, 16, 14, '0', '2020-01-08 08:00:00', '2020-01-08 08:00:00', NULL),
(1001, 17, 14, '1', '2020-01-08 08:00:00', '2020-01-08 08:00:00', NULL),
(1002, 18, 14, '1', '2020-01-08 08:00:00', '2020-01-08 08:00:00', NULL),
(1003, 19, 14, '0', '2020-01-08 08:00:00', '2020-01-08 08:00:00', NULL),
(1004, 20, 14, '1', '2020-01-08 08:00:00', '2020-01-08 08:00:00', NULL),
(1005, 21, 14, '1', '2020-01-08 08:00:00', '2020-01-08 08:00:00', NULL),
(1006, 22, 14, '0', '2020-01-08 08:00:00', '2020-01-08 08:00:00', NULL),
(1007, 23, 14, '1', '2020-01-08 08:00:00', '2020-01-08 08:00:00', NULL),
(1008, 24, 14, '1', '2020-01-08 08:00:00', '2020-01-08 08:00:00', NULL),
(1009, 25, 1, '1', '2020-05-03 20:17:10', '2020-05-03 20:17:10', NULL),
(1010, 26, 1, '1', '2020-01-30 11:00:00', '2020-01-30 11:00:00', NULL),
(1011, 27, 1, '1', '2020-01-30 11:00:00', '2020-01-30 11:00:00', NULL),
(1012, 28, 1, '0', '2020-01-30 11:00:00', '2020-01-30 11:00:00', NULL),
(1013, 29, 1, '0', '2020-01-30 11:00:00', '2020-01-30 11:00:00', NULL),
(1014, 30, 1, '0', '2020-01-30 11:00:00', '2020-01-30 11:00:00', NULL),
(1015, 31, 1, '1', '2020-01-30 11:00:00', '2020-01-30 11:00:00', NULL),
(1016, 32, 1, '0', '2020-01-30 11:00:00', '2020-01-30 11:00:00', NULL),
(1017, 33, 1, '0', '2020-01-30 11:00:00', '2020-01-30 11:00:00', NULL),
(1018, 34, 1, '0', '2020-01-30 11:00:00', '2020-01-30 11:00:00', NULL),
(1019, 35, 1, '0', '2020-01-30 11:00:00', '2020-01-30 11:00:00', NULL),
(1020, 36, 1, '0', '2020-01-30 11:00:00', '2020-01-30 11:00:00', NULL),
(1021, 37, 1, '0', '2020-01-30 11:00:00', '2020-01-30 11:00:00', NULL),
(1022, 38, 1, '1', '2020-01-30 11:00:00', '2020-01-30 11:00:00', NULL),
(1023, 39, 1, '1', '2020-01-30 11:00:00', '2020-01-30 11:00:00', NULL),
(1024, 40, 1, '0', '2020-01-30 11:00:00', '2020-01-30 11:00:00', NULL),
(1025, 41, 1, '1', '2020-01-30 11:00:00', '2020-01-30 11:00:00', NULL),
(1026, 42, 1, '0', '2020-01-30 11:00:00', '2020-01-30 11:00:00', NULL),
(1027, 43, 1, '1', '2020-01-30 11:00:00', '2020-01-30 11:00:00', NULL),
(1028, 25, 1, '0', '2020-01-11 12:00:00', '2020-01-11 12:00:00', NULL),
(1029, 26, 1, '1', '2020-01-11 12:00:00', '2020-01-11 12:00:00', NULL),
(1030, 27, 1, '0', '2020-01-11 12:00:00', '2020-01-11 12:00:00', NULL),
(1031, 28, 1, '1', '2020-01-11 12:00:00', '2020-01-11 12:00:00', NULL),
(1032, 29, 1, '0', '2020-01-11 12:00:00', '2020-01-11 12:00:00', NULL),
(1033, 30, 1, '1', '2020-01-11 12:00:00', '2020-01-11 12:00:00', NULL),
(1034, 31, 1, '0', '2020-01-11 12:00:00', '2020-01-11 12:00:00', NULL),
(1035, 32, 1, '1', '2020-01-11 12:00:00', '2020-01-11 12:00:00', NULL),
(1036, 33, 1, '0', '2020-01-11 12:00:00', '2020-01-11 12:00:00', NULL),
(1037, 34, 1, '1', '2020-01-11 12:00:00', '2020-01-11 12:00:00', NULL),
(1038, 35, 1, '1', '2020-01-11 12:00:00', '2020-01-11 12:00:00', NULL),
(1039, 36, 1, '0', '2020-01-11 12:00:00', '2020-01-11 12:00:00', NULL),
(1040, 37, 1, '1', '2020-01-11 12:00:00', '2020-01-11 12:00:00', NULL),
(1041, 38, 1, '0', '2020-01-11 12:00:00', '2020-01-11 12:00:00', NULL),
(1042, 39, 1, '1', '2020-01-11 12:00:00', '2020-01-11 12:00:00', NULL),
(1043, 40, 1, '1', '2020-01-11 12:00:00', '2020-01-11 12:00:00', NULL),
(1044, 41, 1, '1', '2020-01-11 12:00:00', '2020-01-11 12:00:00', NULL),
(1045, 42, 1, '0', '2020-01-11 12:00:00', '2020-01-11 12:00:00', NULL),
(1046, 43, 1, '1', '2020-01-11 12:00:00', '2020-01-11 12:00:00', NULL),
(1047, 25, 1, '1', '2020-01-27 08:00:00', '2020-01-27 08:00:00', NULL),
(1048, 26, 1, '0', '2020-01-27 08:00:00', '2020-01-27 08:00:00', NULL),
(1049, 27, 1, '1', '2020-01-27 08:00:00', '2020-01-27 08:00:00', NULL),
(1050, 28, 1, '0', '2020-01-27 08:00:00', '2020-01-27 08:00:00', NULL),
(1051, 29, 1, '0', '2020-01-27 08:00:00', '2020-01-27 08:00:00', NULL),
(1052, 30, 1, '0', '2020-01-27 08:00:00', '2020-01-27 08:00:00', NULL),
(1053, 31, 1, '1', '2020-01-27 08:00:00', '2020-01-27 08:00:00', NULL),
(1054, 32, 1, '0', '2020-01-27 08:00:00', '2020-01-27 08:00:00', NULL),
(1055, 33, 1, '0', '2020-01-27 08:00:00', '2020-01-27 08:00:00', NULL),
(1056, 34, 1, '1', '2020-01-27 08:00:00', '2020-01-27 08:00:00', NULL),
(1057, 35, 1, '0', '2020-01-27 08:00:00', '2020-01-27 08:00:00', NULL),
(1058, 36, 1, '0', '2020-01-27 08:00:00', '2020-01-27 08:00:00', NULL),
(1059, 37, 1, '1', '2020-01-27 08:00:00', '2020-01-27 08:00:00', NULL),
(1060, 38, 1, '0', '2020-01-27 08:00:00', '2020-01-27 08:00:00', NULL),
(1061, 39, 1, '1', '2020-01-27 08:00:00', '2020-01-27 08:00:00', NULL),
(1062, 40, 1, '0', '2020-01-27 08:00:00', '2020-01-27 08:00:00', NULL),
(1063, 41, 1, '0', '2020-01-27 08:00:00', '2020-01-27 08:00:00', NULL),
(1064, 42, 1, '0', '2020-01-27 08:00:00', '2020-01-27 08:00:00', NULL),
(1065, 43, 1, '0', '2020-01-27 08:00:00', '2020-01-27 08:00:00', NULL),
(1066, 25, 2, '1', '2020-01-28 09:00:00', '2020-01-28 09:00:00', NULL),
(1067, 26, 2, '1', '2020-01-28 09:00:00', '2020-01-28 09:00:00', NULL),
(1068, 27, 2, '1', '2020-01-28 09:00:00', '2020-01-28 09:00:00', NULL),
(1069, 28, 2, '0', '2020-01-28 09:00:00', '2020-01-28 09:00:00', NULL),
(1070, 29, 2, '1', '2020-01-28 09:00:00', '2020-01-28 09:00:00', NULL),
(1071, 30, 2, '1', '2020-01-28 09:00:00', '2020-01-28 09:00:00', NULL),
(1072, 31, 2, '0', '2020-01-28 09:00:00', '2020-01-28 09:00:00', NULL),
(1073, 32, 2, '0', '2020-01-28 09:00:00', '2020-01-28 09:00:00', NULL),
(1074, 33, 2, '1', '2020-01-28 09:00:00', '2020-01-28 09:00:00', NULL),
(1075, 34, 2, '1', '2020-01-28 09:00:00', '2020-01-28 09:00:00', NULL),
(1076, 35, 2, '1', '2020-01-28 09:00:00', '2020-01-28 09:00:00', NULL),
(1077, 36, 2, '1', '2020-01-28 09:00:00', '2020-01-28 09:00:00', NULL),
(1078, 37, 2, '1', '2020-01-28 09:00:00', '2020-01-28 09:00:00', NULL),
(1079, 38, 2, '0', '2020-01-28 09:00:00', '2020-01-28 09:00:00', NULL),
(1080, 39, 2, '0', '2020-01-28 09:00:00', '2020-01-28 09:00:00', NULL),
(1081, 40, 2, '0', '2020-01-28 09:00:00', '2020-01-28 09:00:00', NULL),
(1082, 41, 2, '1', '2020-01-28 09:00:00', '2020-01-28 09:00:00', NULL),
(1083, 42, 2, '1', '2020-01-28 09:00:00', '2020-01-28 09:00:00', NULL),
(1084, 43, 2, '1', '2020-01-28 09:00:00', '2020-01-28 09:00:00', NULL),
(1085, 25, 2, '0', '2020-01-05 06:00:00', '2020-01-05 06:00:00', NULL),
(1086, 26, 2, '0', '2020-01-05 06:00:00', '2020-01-05 06:00:00', NULL),
(1087, 27, 2, '1', '2020-01-05 06:00:00', '2020-01-05 06:00:00', NULL),
(1088, 28, 2, '1', '2020-01-05 06:00:00', '2020-01-05 06:00:00', NULL),
(1089, 29, 2, '1', '2020-01-05 06:00:00', '2020-01-05 06:00:00', NULL),
(1090, 30, 2, '1', '2020-01-05 06:00:00', '2020-01-05 06:00:00', NULL),
(1091, 31, 2, '0', '2020-01-05 06:00:00', '2020-01-05 06:00:00', NULL),
(1092, 32, 2, '0', '2020-01-05 06:00:00', '2020-01-05 06:00:00', NULL),
(1093, 33, 2, '1', '2020-01-05 06:00:00', '2020-01-05 06:00:00', NULL),
(1094, 34, 2, '0', '2020-01-05 06:00:00', '2020-01-05 06:00:00', NULL),
(1095, 35, 2, '1', '2020-01-05 06:00:00', '2020-01-05 06:00:00', NULL),
(1096, 36, 2, '1', '2020-01-05 06:00:00', '2020-01-05 06:00:00', NULL),
(1097, 37, 2, '0', '2020-01-05 06:00:00', '2020-01-05 06:00:00', NULL),
(1098, 38, 2, '1', '2020-01-05 06:00:00', '2020-01-05 06:00:00', NULL),
(1099, 39, 2, '0', '2020-01-05 06:00:00', '2020-01-05 06:00:00', NULL),
(1100, 40, 2, '0', '2020-01-05 06:00:00', '2020-01-05 06:00:00', NULL),
(1101, 41, 2, '1', '2020-01-05 06:00:00', '2020-01-05 06:00:00', NULL),
(1102, 42, 2, '0', '2020-01-05 06:00:00', '2020-01-05 06:00:00', NULL),
(1103, 43, 2, '1', '2020-01-05 06:00:00', '2020-01-05 06:00:00', NULL),
(1104, 25, 2, '0', '2020-01-06 06:00:00', '2020-01-06 06:00:00', NULL),
(1105, 26, 2, '1', '2020-01-06 06:00:00', '2020-01-06 06:00:00', NULL),
(1106, 27, 2, '0', '2020-01-06 06:00:00', '2020-01-06 06:00:00', NULL),
(1107, 28, 2, '0', '2020-01-06 06:00:00', '2020-01-06 06:00:00', NULL),
(1108, 29, 2, '0', '2020-01-06 06:00:00', '2020-01-06 06:00:00', NULL),
(1109, 30, 2, '1', '2020-01-06 06:00:00', '2020-01-06 06:00:00', NULL),
(1110, 31, 2, '0', '2020-01-06 06:00:00', '2020-01-06 06:00:00', NULL),
(1111, 32, 2, '0', '2020-01-06 06:00:00', '2020-01-06 06:00:00', NULL),
(1112, 33, 2, '0', '2020-01-06 06:00:00', '2020-01-06 06:00:00', NULL),
(1113, 34, 2, '1', '2020-01-06 06:00:00', '2020-01-06 06:00:00', NULL),
(1114, 35, 2, '1', '2020-01-06 06:00:00', '2020-01-06 06:00:00', NULL),
(1115, 36, 2, '0', '2020-01-06 06:00:00', '2020-01-06 06:00:00', NULL),
(1116, 37, 2, '0', '2020-01-06 06:00:00', '2020-01-06 06:00:00', NULL),
(1117, 38, 2, '0', '2020-01-06 06:00:00', '2020-01-06 06:00:00', NULL),
(1118, 39, 2, '1', '2020-01-06 06:00:00', '2020-01-06 06:00:00', NULL),
(1119, 40, 2, '1', '2020-01-06 06:00:00', '2020-01-06 06:00:00', NULL),
(1120, 41, 2, '1', '2020-01-06 06:00:00', '2020-01-06 06:00:00', NULL),
(1121, 42, 2, '1', '2020-01-06 06:00:00', '2020-01-06 06:00:00', NULL),
(1122, 43, 2, '1', '2020-01-06 06:00:00', '2020-01-06 06:00:00', NULL),
(1123, 25, 3, '0', '2020-01-18 08:00:00', '2020-01-18 08:00:00', NULL),
(1124, 26, 3, '0', '2020-01-18 08:00:00', '2020-01-18 08:00:00', NULL),
(1125, 27, 3, '1', '2020-01-18 08:00:00', '2020-01-18 08:00:00', NULL),
(1126, 28, 3, '1', '2020-01-18 08:00:00', '2020-01-18 08:00:00', NULL),
(1127, 29, 3, '1', '2020-01-18 08:00:00', '2020-01-18 08:00:00', NULL),
(1128, 30, 3, '1', '2020-01-18 08:00:00', '2020-01-18 08:00:00', NULL),
(1129, 31, 3, '0', '2020-01-18 08:00:00', '2020-01-18 08:00:00', NULL),
(1130, 32, 3, '1', '2020-01-18 08:00:00', '2020-01-18 08:00:00', NULL),
(1131, 33, 3, '0', '2020-01-18 08:00:00', '2020-01-18 08:00:00', NULL),
(1132, 34, 3, '1', '2020-01-18 08:00:00', '2020-01-18 08:00:00', NULL),
(1133, 35, 3, '0', '2020-01-18 08:00:00', '2020-01-18 08:00:00', NULL),
(1134, 36, 3, '0', '2020-01-18 08:00:00', '2020-01-18 08:00:00', NULL),
(1135, 37, 3, '0', '2020-01-18 08:00:00', '2020-01-18 08:00:00', NULL),
(1136, 38, 3, '1', '2020-01-18 08:00:00', '2020-01-18 08:00:00', NULL),
(1137, 39, 3, '0', '2020-01-18 08:00:00', '2020-01-18 08:00:00', NULL),
(1138, 40, 3, '1', '2020-01-18 08:00:00', '2020-01-18 08:00:00', NULL),
(1139, 41, 3, '0', '2020-01-18 08:00:00', '2020-01-18 08:00:00', NULL),
(1140, 42, 3, '1', '2020-01-18 08:00:00', '2020-01-18 08:00:00', NULL),
(1141, 43, 3, '0', '2020-01-18 08:00:00', '2020-01-18 08:00:00', NULL),
(1142, 25, 3, '0', '2020-01-11 15:00:00', '2020-01-11 15:00:00', NULL),
(1143, 26, 3, '1', '2020-01-11 15:00:00', '2020-01-11 15:00:00', NULL),
(1144, 27, 3, '0', '2020-01-11 15:00:00', '2020-01-11 15:00:00', NULL),
(1145, 28, 3, '1', '2020-01-11 15:00:00', '2020-01-11 15:00:00', NULL),
(1146, 29, 3, '0', '2020-01-11 15:00:00', '2020-01-11 15:00:00', NULL),
(1147, 30, 3, '1', '2020-01-11 15:00:00', '2020-01-11 15:00:00', NULL),
(1148, 31, 3, '1', '2020-01-11 15:00:00', '2020-01-11 15:00:00', NULL),
(1149, 32, 3, '1', '2020-01-11 15:00:00', '2020-01-11 15:00:00', NULL),
(1150, 33, 3, '1', '2020-01-11 15:00:00', '2020-01-11 15:00:00', NULL),
(1151, 34, 3, '0', '2020-01-11 15:00:00', '2020-01-11 15:00:00', NULL),
(1152, 35, 3, '0', '2020-01-11 15:00:00', '2020-01-11 15:00:00', NULL),
(1153, 36, 3, '1', '2020-01-11 15:00:00', '2020-01-11 15:00:00', NULL),
(1154, 37, 3, '0', '2020-01-11 15:00:00', '2020-01-11 15:00:00', NULL),
(1155, 38, 3, '1', '2020-01-11 15:00:00', '2020-01-11 15:00:00', NULL),
(1156, 39, 3, '0', '2020-01-11 15:00:00', '2020-01-11 15:00:00', NULL),
(1157, 40, 3, '1', '2020-01-11 15:00:00', '2020-01-11 15:00:00', NULL),
(1158, 41, 3, '0', '2020-01-11 15:00:00', '2020-01-11 15:00:00', NULL),
(1159, 42, 3, '0', '2020-01-11 15:00:00', '2020-01-11 15:00:00', NULL),
(1160, 43, 3, '1', '2020-01-11 15:00:00', '2020-01-11 15:00:00', NULL),
(1161, 25, 3, '0', '2020-01-04 14:00:00', '2020-01-04 14:00:00', NULL),
(1162, 26, 3, '0', '2020-01-04 14:00:00', '2020-01-04 14:00:00', NULL),
(1163, 27, 3, '0', '2020-01-04 14:00:00', '2020-01-04 14:00:00', NULL),
(1164, 28, 3, '0', '2020-01-04 14:00:00', '2020-01-04 14:00:00', NULL),
(1165, 29, 3, '1', '2020-01-04 14:00:00', '2020-01-04 14:00:00', NULL),
(1166, 30, 3, '0', '2020-01-04 14:00:00', '2020-01-04 14:00:00', NULL),
(1167, 31, 3, '1', '2020-01-04 14:00:00', '2020-01-04 14:00:00', NULL),
(1168, 32, 3, '1', '2020-01-04 14:00:00', '2020-01-04 14:00:00', NULL),
(1169, 33, 3, '0', '2020-01-04 14:00:00', '2020-01-04 14:00:00', NULL),
(1170, 34, 3, '0', '2020-01-04 14:00:00', '2020-01-04 14:00:00', NULL),
(1171, 35, 3, '0', '2020-01-04 14:00:00', '2020-01-04 14:00:00', NULL),
(1172, 36, 3, '0', '2020-01-04 14:00:00', '2020-01-04 14:00:00', NULL),
(1173, 37, 3, '0', '2020-01-04 14:00:00', '2020-01-04 14:00:00', NULL),
(1174, 38, 3, '1', '2020-01-04 14:00:00', '2020-01-04 14:00:00', NULL),
(1175, 39, 3, '0', '2020-01-04 14:00:00', '2020-01-04 14:00:00', NULL),
(1176, 40, 3, '1', '2020-01-04 14:00:00', '2020-01-04 14:00:00', NULL),
(1177, 41, 3, '1', '2020-01-04 14:00:00', '2020-01-04 14:00:00', NULL),
(1178, 42, 3, '0', '2020-01-04 14:00:00', '2020-01-04 14:00:00', NULL),
(1179, 43, 3, '1', '2020-01-04 14:00:00', '2020-01-04 14:00:00', NULL),
(1180, 25, 4, '0', '2020-01-06 10:00:00', '2020-01-06 10:00:00', NULL),
(1181, 26, 4, '0', '2020-01-06 10:00:00', '2020-01-06 10:00:00', NULL),
(1182, 27, 4, '1', '2020-01-06 10:00:00', '2020-01-06 10:00:00', NULL),
(1183, 28, 4, '0', '2020-01-06 10:00:00', '2020-01-06 10:00:00', NULL),
(1184, 29, 4, '0', '2020-01-06 10:00:00', '2020-01-06 10:00:00', NULL),
(1185, 30, 4, '0', '2020-01-06 10:00:00', '2020-01-06 10:00:00', NULL),
(1186, 31, 4, '0', '2020-01-06 10:00:00', '2020-01-06 10:00:00', NULL),
(1187, 32, 4, '0', '2020-01-06 10:00:00', '2020-01-06 10:00:00', NULL),
(1188, 33, 4, '0', '2020-01-06 10:00:00', '2020-01-06 10:00:00', NULL),
(1189, 34, 4, '0', '2020-01-06 10:00:00', '2020-01-06 10:00:00', NULL),
(1190, 35, 4, '1', '2020-01-06 10:00:00', '2020-01-06 10:00:00', NULL),
(1191, 36, 4, '0', '2020-01-06 10:00:00', '2020-01-06 10:00:00', NULL),
(1192, 37, 4, '0', '2020-01-06 10:00:00', '2020-01-06 10:00:00', NULL),
(1193, 38, 4, '0', '2020-01-06 10:00:00', '2020-01-06 10:00:00', NULL),
(1194, 39, 4, '0', '2020-01-06 10:00:00', '2020-01-06 10:00:00', NULL),
(1195, 40, 4, '0', '2020-01-06 10:00:00', '2020-01-06 10:00:00', NULL),
(1196, 41, 4, '1', '2020-01-06 10:00:00', '2020-01-06 10:00:00', NULL),
(1197, 42, 4, '0', '2020-01-06 10:00:00', '2020-01-06 10:00:00', NULL),
(1198, 43, 4, '0', '2020-01-06 10:00:00', '2020-01-06 10:00:00', NULL),
(1199, 25, 4, '1', '2020-01-20 16:00:00', '2020-01-20 16:00:00', NULL),
(1200, 26, 4, '0', '2020-01-20 16:00:00', '2020-01-20 16:00:00', NULL),
(1201, 27, 4, '1', '2020-01-20 16:00:00', '2020-01-20 16:00:00', NULL),
(1202, 28, 4, '1', '2020-01-20 16:00:00', '2020-01-20 16:00:00', NULL),
(1203, 29, 4, '1', '2020-01-20 16:00:00', '2020-01-20 16:00:00', NULL),
(1204, 30, 4, '1', '2020-01-20 16:00:00', '2020-01-20 16:00:00', NULL),
(1205, 31, 4, '1', '2020-01-20 16:00:00', '2020-01-20 16:00:00', NULL),
(1206, 32, 4, '0', '2020-01-20 16:00:00', '2020-01-20 16:00:00', NULL),
(1207, 33, 4, '1', '2020-01-20 16:00:00', '2020-01-20 16:00:00', NULL),
(1208, 34, 4, '0', '2020-01-20 16:00:00', '2020-01-20 16:00:00', NULL),
(1209, 35, 4, '0', '2020-01-20 16:00:00', '2020-01-20 16:00:00', NULL),
(1210, 36, 4, '0', '2020-01-20 16:00:00', '2020-01-20 16:00:00', NULL),
(1211, 37, 4, '0', '2020-01-20 16:00:00', '2020-01-20 16:00:00', NULL),
(1212, 38, 4, '0', '2020-01-20 16:00:00', '2020-01-20 16:00:00', NULL),
(1213, 39, 4, '0', '2020-01-20 16:00:00', '2020-01-20 16:00:00', NULL),
(1214, 40, 4, '1', '2020-01-20 16:00:00', '2020-01-20 16:00:00', NULL),
(1215, 41, 4, '0', '2020-01-20 16:00:00', '2020-01-20 16:00:00', NULL),
(1216, 42, 4, '0', '2020-01-20 16:00:00', '2020-01-20 16:00:00', NULL),
(1217, 43, 4, '1', '2020-01-20 16:00:00', '2020-01-20 16:00:00', NULL),
(1218, 25, 4, '0', '2020-01-11 12:00:00', '2020-01-11 12:00:00', NULL),
(1219, 26, 4, '0', '2020-01-11 12:00:00', '2020-01-11 12:00:00', NULL),
(1220, 27, 4, '0', '2020-01-11 12:00:00', '2020-01-11 12:00:00', NULL),
(1221, 28, 4, '1', '2020-01-11 12:00:00', '2020-01-11 12:00:00', NULL),
(1222, 29, 4, '0', '2020-01-11 12:00:00', '2020-01-11 12:00:00', NULL),
(1223, 30, 4, '0', '2020-01-11 12:00:00', '2020-01-11 12:00:00', NULL),
(1224, 31, 4, '1', '2020-01-11 12:00:00', '2020-01-11 12:00:00', NULL),
(1225, 32, 4, '0', '2020-01-11 12:00:00', '2020-01-11 12:00:00', NULL),
(1226, 33, 4, '0', '2020-01-11 12:00:00', '2020-01-11 12:00:00', NULL),
(1227, 34, 4, '0', '2020-01-11 12:00:00', '2020-01-11 12:00:00', NULL),
(1228, 35, 4, '0', '2020-01-11 12:00:00', '2020-01-11 12:00:00', NULL),
(1229, 36, 4, '1', '2020-01-11 12:00:00', '2020-01-11 12:00:00', NULL),
(1230, 37, 4, '1', '2020-01-11 12:00:00', '2020-01-11 12:00:00', NULL),
(1231, 38, 4, '1', '2020-01-11 12:00:00', '2020-01-11 12:00:00', NULL),
(1232, 39, 4, '0', '2020-01-11 12:00:00', '2020-01-11 12:00:00', NULL),
(1233, 40, 4, '1', '2020-01-11 12:00:00', '2020-01-11 12:00:00', NULL),
(1234, 41, 4, '1', '2020-01-11 12:00:00', '2020-01-11 12:00:00', NULL),
(1235, 42, 4, '1', '2020-01-11 12:00:00', '2020-01-11 12:00:00', NULL),
(1236, 43, 4, '0', '2020-01-11 12:00:00', '2020-01-11 12:00:00', NULL),
(1237, 25, 5, '1', '2020-01-22 08:00:00', '2020-01-22 08:00:00', NULL),
(1238, 26, 5, '1', '2020-01-22 08:00:00', '2020-01-22 08:00:00', NULL),
(1239, 27, 5, '0', '2020-01-22 08:00:00', '2020-01-22 08:00:00', NULL),
(1240, 28, 5, '0', '2020-01-22 08:00:00', '2020-01-22 08:00:00', NULL),
(1241, 29, 5, '1', '2020-01-22 08:00:00', '2020-01-22 08:00:00', NULL),
(1242, 30, 5, '0', '2020-01-22 08:00:00', '2020-01-22 08:00:00', NULL),
(1243, 31, 5, '1', '2020-01-22 08:00:00', '2020-01-22 08:00:00', NULL),
(1244, 32, 5, '1', '2020-01-22 08:00:00', '2020-01-22 08:00:00', NULL),
(1245, 33, 5, '0', '2020-01-22 08:00:00', '2020-01-22 08:00:00', NULL),
(1246, 34, 5, '1', '2020-01-22 08:00:00', '2020-01-22 08:00:00', NULL),
(1247, 35, 5, '0', '2020-01-22 08:00:00', '2020-01-22 08:00:00', NULL),
(1248, 36, 5, '1', '2020-01-22 08:00:00', '2020-01-22 08:00:00', NULL),
(1249, 37, 5, '0', '2020-01-22 08:00:00', '2020-01-22 08:00:00', NULL),
(1250, 38, 5, '0', '2020-01-22 08:00:00', '2020-01-22 08:00:00', NULL),
(1251, 39, 5, '1', '2020-01-22 08:00:00', '2020-01-22 08:00:00', NULL),
(1252, 40, 5, '0', '2020-01-22 08:00:00', '2020-01-22 08:00:00', NULL),
(1253, 41, 5, '0', '2020-01-22 08:00:00', '2020-01-22 08:00:00', NULL),
(1254, 42, 5, '0', '2020-01-22 08:00:00', '2020-01-22 08:00:00', NULL),
(1255, 43, 5, '0', '2020-01-22 08:00:00', '2020-01-22 08:00:00', NULL),
(1256, 25, 5, '0', '2020-01-16 07:00:00', '2020-01-16 07:00:00', NULL),
(1257, 26, 5, '1', '2020-01-16 07:00:00', '2020-01-16 07:00:00', NULL),
(1258, 27, 5, '0', '2020-01-16 07:00:00', '2020-01-16 07:00:00', NULL),
(1259, 28, 5, '1', '2020-01-16 07:00:00', '2020-01-16 07:00:00', NULL),
(1260, 29, 5, '1', '2020-01-16 07:00:00', '2020-01-16 07:00:00', NULL),
(1261, 30, 5, '1', '2020-01-16 07:00:00', '2020-01-16 07:00:00', NULL),
(1262, 31, 5, '0', '2020-01-16 07:00:00', '2020-01-16 07:00:00', NULL),
(1263, 32, 5, '1', '2020-01-16 07:00:00', '2020-01-16 07:00:00', NULL),
(1264, 33, 5, '1', '2020-01-16 07:00:00', '2020-01-16 07:00:00', NULL),
(1265, 34, 5, '1', '2020-01-16 07:00:00', '2020-01-16 07:00:00', NULL),
(1266, 35, 5, '1', '2020-01-16 07:00:00', '2020-01-16 07:00:00', NULL),
(1267, 36, 5, '0', '2020-01-16 07:00:00', '2020-01-16 07:00:00', NULL),
(1268, 37, 5, '0', '2020-01-16 07:00:00', '2020-01-16 07:00:00', NULL),
(1269, 38, 5, '0', '2020-01-16 07:00:00', '2020-01-16 07:00:00', NULL),
(1270, 39, 5, '1', '2020-01-16 07:00:00', '2020-01-16 07:00:00', NULL),
(1271, 40, 5, '1', '2020-01-16 07:00:00', '2020-01-16 07:00:00', NULL),
(1272, 41, 5, '1', '2020-01-16 07:00:00', '2020-01-16 07:00:00', NULL),
(1273, 42, 5, '1', '2020-01-16 07:00:00', '2020-01-16 07:00:00', NULL),
(1274, 43, 5, '1', '2020-01-16 07:00:00', '2020-01-16 07:00:00', NULL),
(1275, 25, 5, '1', '2020-01-16 15:00:00', '2020-01-16 15:00:00', NULL),
(1276, 26, 5, '1', '2020-01-16 15:00:00', '2020-01-16 15:00:00', NULL),
(1277, 27, 5, '0', '2020-01-16 15:00:00', '2020-01-16 15:00:00', NULL),
(1278, 28, 5, '0', '2020-01-16 15:00:00', '2020-01-16 15:00:00', NULL),
(1279, 29, 5, '1', '2020-01-16 15:00:00', '2020-01-16 15:00:00', NULL),
(1280, 30, 5, '1', '2020-01-16 15:00:00', '2020-01-16 15:00:00', NULL),
(1281, 31, 5, '0', '2020-01-16 15:00:00', '2020-01-16 15:00:00', NULL),
(1282, 32, 5, '0', '2020-01-16 15:00:00', '2020-01-16 15:00:00', NULL),
(1283, 33, 5, '1', '2020-01-16 15:00:00', '2020-01-16 15:00:00', NULL),
(1284, 34, 5, '1', '2020-01-16 15:00:00', '2020-01-16 15:00:00', NULL),
(1285, 35, 5, '1', '2020-01-16 15:00:00', '2020-01-16 15:00:00', NULL),
(1286, 36, 5, '1', '2020-01-16 15:00:00', '2020-01-16 15:00:00', NULL),
(1287, 37, 5, '0', '2020-01-16 15:00:00', '2020-01-16 15:00:00', NULL),
(1288, 38, 5, '0', '2020-01-16 15:00:00', '2020-01-16 15:00:00', NULL),
(1289, 39, 5, '0', '2020-01-16 15:00:00', '2020-01-16 15:00:00', NULL),
(1290, 40, 5, '1', '2020-01-16 15:00:00', '2020-01-16 15:00:00', NULL),
(1291, 41, 5, '1', '2020-01-16 15:00:00', '2020-01-16 15:00:00', NULL),
(1292, 42, 5, '1', '2020-01-16 15:00:00', '2020-01-16 15:00:00', NULL),
(1293, 43, 5, '1', '2020-01-16 15:00:00', '2020-01-16 15:00:00', NULL),
(1294, 25, 6, '0', '2020-01-25 12:00:00', '2020-01-25 12:00:00', NULL),
(1295, 26, 6, '0', '2020-01-25 12:00:00', '2020-01-25 12:00:00', NULL),
(1296, 27, 6, '0', '2020-01-25 12:00:00', '2020-01-25 12:00:00', NULL),
(1297, 28, 6, '1', '2020-01-25 12:00:00', '2020-01-25 12:00:00', NULL),
(1298, 29, 6, '0', '2020-01-25 12:00:00', '2020-01-25 12:00:00', NULL),
(1299, 30, 6, '1', '2020-01-25 12:00:00', '2020-01-25 12:00:00', NULL),
(1300, 31, 6, '1', '2020-01-25 12:00:00', '2020-01-25 12:00:00', NULL),
(1301, 32, 6, '0', '2020-01-25 12:00:00', '2020-01-25 12:00:00', NULL),
(1302, 33, 6, '0', '2020-01-25 12:00:00', '2020-01-25 12:00:00', NULL),
(1303, 34, 6, '1', '2020-01-25 12:00:00', '2020-01-25 12:00:00', NULL),
(1304, 35, 6, '0', '2020-01-25 12:00:00', '2020-01-25 12:00:00', NULL),
(1305, 36, 6, '1', '2020-01-25 12:00:00', '2020-01-25 12:00:00', NULL),
(1306, 37, 6, '1', '2020-01-25 12:00:00', '2020-01-25 12:00:00', NULL),
(1307, 38, 6, '1', '2020-01-25 12:00:00', '2020-01-25 12:00:00', NULL),
(1308, 39, 6, '0', '2020-01-25 12:00:00', '2020-01-25 12:00:00', NULL),
(1309, 40, 6, '1', '2020-01-25 12:00:00', '2020-01-25 12:00:00', NULL),
(1310, 41, 6, '1', '2020-01-25 12:00:00', '2020-01-25 12:00:00', NULL),
(1311, 42, 6, '0', '2020-01-25 12:00:00', '2020-01-25 12:00:00', NULL),
(1312, 43, 6, '1', '2020-01-25 12:00:00', '2020-01-25 12:00:00', NULL),
(1313, 25, 6, '0', '2020-01-07 07:00:00', '2020-01-07 07:00:00', NULL),
(1314, 26, 6, '0', '2020-01-07 07:00:00', '2020-01-07 07:00:00', NULL),
(1315, 27, 6, '1', '2020-01-07 07:00:00', '2020-01-07 07:00:00', NULL),
(1316, 28, 6, '0', '2020-01-07 07:00:00', '2020-01-07 07:00:00', NULL),
(1317, 29, 6, '1', '2020-01-07 07:00:00', '2020-01-07 07:00:00', NULL),
(1318, 30, 6, '0', '2020-01-07 07:00:00', '2020-01-07 07:00:00', NULL),
(1319, 31, 6, '1', '2020-01-07 07:00:00', '2020-01-07 07:00:00', NULL),
(1320, 32, 6, '1', '2020-01-07 07:00:00', '2020-01-07 07:00:00', NULL),
(1321, 33, 6, '0', '2020-01-07 07:00:00', '2020-01-07 07:00:00', NULL),
(1322, 34, 6, '0', '2020-01-07 07:00:00', '2020-01-07 07:00:00', NULL),
(1323, 35, 6, '0', '2020-01-07 07:00:00', '2020-01-07 07:00:00', NULL),
(1324, 36, 6, '0', '2020-01-07 07:00:00', '2020-01-07 07:00:00', NULL),
(1325, 37, 6, '1', '2020-01-07 07:00:00', '2020-01-07 07:00:00', NULL),
(1326, 38, 6, '1', '2020-01-07 07:00:00', '2020-01-07 07:00:00', NULL),
(1327, 39, 6, '0', '2020-01-07 07:00:00', '2020-01-07 07:00:00', NULL),
(1328, 40, 6, '1', '2020-01-07 07:00:00', '2020-01-07 07:00:00', NULL),
(1329, 41, 6, '0', '2020-01-07 07:00:00', '2020-01-07 07:00:00', NULL),
(1330, 42, 6, '0', '2020-01-07 07:00:00', '2020-01-07 07:00:00', NULL),
(1331, 43, 6, '0', '2020-01-07 07:00:00', '2020-01-07 07:00:00', NULL),
(1332, 25, 6, '0', '2020-01-06 06:00:00', '2020-01-06 06:00:00', NULL),
(1333, 26, 6, '0', '2020-01-06 06:00:00', '2020-01-06 06:00:00', NULL),
(1334, 27, 6, '1', '2020-01-06 06:00:00', '2020-01-06 06:00:00', NULL),
(1335, 28, 6, '0', '2020-01-06 06:00:00', '2020-01-06 06:00:00', NULL),
(1336, 29, 6, '1', '2020-01-06 06:00:00', '2020-01-06 06:00:00', NULL),
(1337, 30, 6, '0', '2020-01-06 06:00:00', '2020-01-06 06:00:00', NULL),
(1338, 31, 6, '1', '2020-01-06 06:00:00', '2020-01-06 06:00:00', NULL),
(1339, 32, 6, '1', '2020-01-06 06:00:00', '2020-01-06 06:00:00', NULL),
(1340, 33, 6, '0', '2020-01-06 06:00:00', '2020-01-06 06:00:00', NULL),
(1341, 34, 6, '0', '2020-01-06 06:00:00', '2020-01-06 06:00:00', NULL),
(1342, 35, 6, '1', '2020-01-06 06:00:00', '2020-01-06 06:00:00', NULL),
(1343, 36, 6, '1', '2020-01-06 06:00:00', '2020-01-06 06:00:00', NULL),
(1344, 37, 6, '0', '2020-01-06 06:00:00', '2020-01-06 06:00:00', NULL),
(1345, 38, 6, '1', '2020-01-06 06:00:00', '2020-01-06 06:00:00', NULL),
(1346, 39, 6, '0', '2020-01-06 06:00:00', '2020-01-06 06:00:00', NULL),
(1347, 40, 6, '0', '2020-01-06 06:00:00', '2020-01-06 06:00:00', NULL),
(1348, 41, 6, '1', '2020-01-06 06:00:00', '2020-01-06 06:00:00', NULL),
(1349, 42, 6, '1', '2020-01-06 06:00:00', '2020-01-06 06:00:00', NULL),
(1350, 43, 6, '0', '2020-01-06 06:00:00', '2020-01-06 06:00:00', NULL),
(1351, 25, 7, '0', '2020-01-17 09:00:00', '2020-01-17 09:00:00', NULL),
(1352, 26, 7, '1', '2020-01-17 09:00:00', '2020-01-17 09:00:00', NULL),
(1353, 27, 7, '0', '2020-01-17 09:00:00', '2020-01-17 09:00:00', NULL),
(1354, 28, 7, '0', '2020-01-17 09:00:00', '2020-01-17 09:00:00', NULL),
(1355, 29, 7, '0', '2020-01-17 09:00:00', '2020-01-17 09:00:00', NULL),
(1356, 30, 7, '0', '2020-01-17 09:00:00', '2020-01-17 09:00:00', NULL),
(1357, 31, 7, '1', '2020-01-17 09:00:00', '2020-01-17 09:00:00', NULL),
(1358, 32, 7, '1', '2020-01-17 09:00:00', '2020-01-17 09:00:00', NULL),
(1359, 33, 7, '1', '2020-01-17 09:00:00', '2020-01-17 09:00:00', NULL),
(1360, 34, 7, '0', '2020-01-17 09:00:00', '2020-01-17 09:00:00', NULL),
(1361, 35, 7, '1', '2020-01-17 09:00:00', '2020-01-17 09:00:00', NULL),
(1362, 36, 7, '0', '2020-01-17 09:00:00', '2020-01-17 09:00:00', NULL),
(1363, 37, 7, '0', '2020-01-17 09:00:00', '2020-01-17 09:00:00', NULL),
(1364, 38, 7, '1', '2020-01-17 09:00:00', '2020-01-17 09:00:00', NULL),
(1365, 39, 7, '0', '2020-01-17 09:00:00', '2020-01-17 09:00:00', NULL),
(1366, 40, 7, '0', '2020-01-17 09:00:00', '2020-01-17 09:00:00', NULL),
(1367, 41, 7, '1', '2020-01-17 09:00:00', '2020-01-17 09:00:00', NULL),
(1368, 42, 7, '0', '2020-01-17 09:00:00', '2020-01-17 09:00:00', NULL),
(1369, 43, 7, '0', '2020-01-17 09:00:00', '2020-01-17 09:00:00', NULL),
(1370, 25, 7, '0', '2020-01-26 12:00:00', '2020-01-26 12:00:00', NULL),
(1371, 26, 7, '1', '2020-01-26 12:00:00', '2020-01-26 12:00:00', NULL),
(1372, 27, 7, '1', '2020-01-26 12:00:00', '2020-01-26 12:00:00', NULL),
(1373, 28, 7, '1', '2020-01-26 12:00:00', '2020-01-26 12:00:00', NULL),
(1374, 29, 7, '0', '2020-01-26 12:00:00', '2020-01-26 12:00:00', NULL),
(1375, 30, 7, '0', '2020-01-26 12:00:00', '2020-01-26 12:00:00', NULL),
(1376, 31, 7, '1', '2020-01-26 12:00:00', '2020-01-26 12:00:00', NULL),
(1377, 32, 7, '1', '2020-01-26 12:00:00', '2020-01-26 12:00:00', NULL),
(1378, 33, 7, '1', '2020-01-26 12:00:00', '2020-01-26 12:00:00', NULL),
(1379, 34, 7, '0', '2020-01-26 12:00:00', '2020-01-26 12:00:00', NULL),
(1380, 35, 7, '1', '2020-01-26 12:00:00', '2020-01-26 12:00:00', NULL),
(1381, 36, 7, '1', '2020-01-26 12:00:00', '2020-01-26 12:00:00', NULL),
(1382, 37, 7, '1', '2020-01-26 12:00:00', '2020-01-26 12:00:00', NULL),
(1383, 38, 7, '0', '2020-01-26 12:00:00', '2020-01-26 12:00:00', NULL),
(1384, 39, 7, '0', '2020-01-26 12:00:00', '2020-01-26 12:00:00', NULL),
(1385, 40, 7, '0', '2020-01-26 12:00:00', '2020-01-26 12:00:00', NULL),
(1386, 41, 7, '1', '2020-01-26 12:00:00', '2020-01-26 12:00:00', NULL),
(1387, 42, 7, '0', '2020-01-26 12:00:00', '2020-01-26 12:00:00', NULL),
(1388, 43, 7, '1', '2020-01-26 12:00:00', '2020-01-26 12:00:00', NULL),
(1389, 25, 7, '1', '2020-01-01 16:00:00', '2020-01-01 16:00:00', NULL),
(1390, 26, 7, '0', '2020-01-01 16:00:00', '2020-01-01 16:00:00', NULL),
(1391, 27, 7, '1', '2020-01-01 16:00:00', '2020-01-01 16:00:00', NULL),
(1392, 28, 7, '0', '2020-01-01 16:00:00', '2020-01-01 16:00:00', NULL),
(1393, 29, 7, '1', '2020-01-01 16:00:00', '2020-01-01 16:00:00', NULL),
(1394, 30, 7, '0', '2020-01-01 16:00:00', '2020-01-01 16:00:00', NULL),
(1395, 31, 7, '1', '2020-01-01 16:00:00', '2020-01-01 16:00:00', NULL),
(1396, 32, 7, '0', '2020-01-01 16:00:00', '2020-01-01 16:00:00', NULL),
(1397, 33, 7, '0', '2020-01-01 16:00:00', '2020-01-01 16:00:00', NULL),
(1398, 34, 7, '0', '2020-01-01 16:00:00', '2020-01-01 16:00:00', NULL),
(1399, 35, 7, '0', '2020-01-01 16:00:00', '2020-01-01 16:00:00', NULL),
(1400, 36, 7, '0', '2020-01-01 16:00:00', '2020-01-01 16:00:00', NULL),
(1401, 37, 7, '0', '2020-01-01 16:00:00', '2020-01-01 16:00:00', NULL),
(1402, 38, 7, '0', '2020-01-01 16:00:00', '2020-01-01 16:00:00', NULL),
(1403, 39, 7, '1', '2020-01-01 16:00:00', '2020-01-01 16:00:00', NULL),
(1404, 40, 7, '0', '2020-01-01 16:00:00', '2020-01-01 16:00:00', NULL),
(1405, 41, 7, '0', '2020-01-01 16:00:00', '2020-01-01 16:00:00', NULL),
(1406, 42, 7, '1', '2020-01-01 16:00:00', '2020-01-01 16:00:00', NULL),
(1407, 43, 7, '1', '2020-01-01 16:00:00', '2020-01-01 16:00:00', NULL),
(1408, 25, 8, '0', '2020-01-11 07:00:00', '2020-01-11 07:00:00', NULL),
(1409, 26, 8, '1', '2020-01-11 07:00:00', '2020-01-11 07:00:00', NULL),
(1410, 27, 8, '0', '2020-01-11 07:00:00', '2020-01-11 07:00:00', NULL),
(1411, 28, 8, '1', '2020-01-11 07:00:00', '2020-01-11 07:00:00', NULL),
(1412, 29, 8, '0', '2020-01-11 07:00:00', '2020-01-11 07:00:00', NULL),
(1413, 30, 8, '0', '2020-01-11 07:00:00', '2020-01-11 07:00:00', NULL),
(1414, 31, 8, '1', '2020-01-11 07:00:00', '2020-01-11 07:00:00', NULL),
(1415, 32, 8, '0', '2020-01-11 07:00:00', '2020-01-11 07:00:00', NULL),
(1416, 33, 8, '1', '2020-01-11 07:00:00', '2020-01-11 07:00:00', NULL),
(1417, 34, 8, '1', '2020-01-11 07:00:00', '2020-01-11 07:00:00', NULL),
(1418, 35, 8, '1', '2020-01-11 07:00:00', '2020-01-11 07:00:00', NULL),
(1419, 36, 8, '1', '2020-01-11 07:00:00', '2020-01-11 07:00:00', NULL),
(1420, 37, 8, '1', '2020-01-11 07:00:00', '2020-01-11 07:00:00', NULL),
(1421, 38, 8, '1', '2020-01-11 07:00:00', '2020-01-11 07:00:00', NULL),
(1422, 39, 8, '1', '2020-01-11 07:00:00', '2020-01-11 07:00:00', NULL),
(1423, 40, 8, '1', '2020-01-11 07:00:00', '2020-01-11 07:00:00', NULL),
(1424, 41, 8, '1', '2020-01-11 07:00:00', '2020-01-11 07:00:00', NULL),
(1425, 42, 8, '1', '2020-01-11 07:00:00', '2020-01-11 07:00:00', NULL),
(1426, 43, 8, '1', '2020-01-11 07:00:00', '2020-01-11 07:00:00', NULL),
(1427, 25, 8, '1', '2020-01-13 09:00:00', '2020-01-13 09:00:00', NULL),
(1428, 26, 8, '1', '2020-01-13 09:00:00', '2020-01-13 09:00:00', NULL),
(1429, 27, 8, '0', '2020-01-13 09:00:00', '2020-01-13 09:00:00', NULL),
(1430, 28, 8, '1', '2020-01-13 09:00:00', '2020-01-13 09:00:00', NULL),
(1431, 29, 8, '0', '2020-01-13 09:00:00', '2020-01-13 09:00:00', NULL),
(1432, 30, 8, '0', '2020-01-13 09:00:00', '2020-01-13 09:00:00', NULL),
(1433, 31, 8, '0', '2020-01-13 09:00:00', '2020-01-13 09:00:00', NULL),
(1434, 32, 8, '0', '2020-01-13 09:00:00', '2020-01-13 09:00:00', NULL),
(1435, 33, 8, '0', '2020-01-13 09:00:00', '2020-01-13 09:00:00', NULL),
(1436, 34, 8, '0', '2020-01-13 09:00:00', '2020-01-13 09:00:00', NULL),
(1437, 35, 8, '0', '2020-01-13 09:00:00', '2020-01-13 09:00:00', NULL),
(1438, 36, 8, '1', '2020-01-13 09:00:00', '2020-01-13 09:00:00', NULL),
(1439, 37, 8, '0', '2020-01-13 09:00:00', '2020-01-13 09:00:00', NULL),
(1440, 38, 8, '0', '2020-01-13 09:00:00', '2020-01-13 09:00:00', NULL);
INSERT INTO `journals` (`id`, `student_id`, `subject_id`, `value`, `created_at`, `updated_at`, `deleted_at`) VALUES
(1441, 39, 8, '1', '2020-01-13 09:00:00', '2020-01-13 09:00:00', NULL),
(1442, 40, 8, '1', '2020-01-13 09:00:00', '2020-01-13 09:00:00', NULL),
(1443, 41, 8, '0', '2020-01-13 09:00:00', '2020-01-13 09:00:00', NULL),
(1444, 42, 8, '1', '2020-01-13 09:00:00', '2020-01-13 09:00:00', NULL),
(1445, 43, 8, '0', '2020-01-13 09:00:00', '2020-01-13 09:00:00', NULL),
(1446, 25, 8, '1', '2020-01-03 14:00:00', '2020-01-03 14:00:00', NULL),
(1447, 26, 8, '0', '2020-01-03 14:00:00', '2020-01-03 14:00:00', NULL),
(1448, 27, 8, '1', '2020-01-03 14:00:00', '2020-01-03 14:00:00', NULL),
(1449, 28, 8, '0', '2020-01-03 14:00:00', '2020-01-03 14:00:00', NULL),
(1450, 29, 8, '0', '2020-01-03 14:00:00', '2020-01-03 14:00:00', NULL),
(1451, 30, 8, '0', '2020-01-03 14:00:00', '2020-01-03 14:00:00', NULL),
(1452, 31, 8, '1', '2020-01-03 14:00:00', '2020-01-03 14:00:00', NULL),
(1453, 32, 8, '0', '2020-01-03 14:00:00', '2020-01-03 14:00:00', NULL),
(1454, 33, 8, '0', '2020-01-03 14:00:00', '2020-01-03 14:00:00', NULL),
(1455, 34, 8, '1', '2020-01-03 14:00:00', '2020-01-03 14:00:00', NULL),
(1456, 35, 8, '1', '2020-01-03 14:00:00', '2020-01-03 14:00:00', NULL),
(1457, 36, 8, '1', '2020-01-03 14:00:00', '2020-01-03 14:00:00', NULL),
(1458, 37, 8, '0', '2020-01-03 14:00:00', '2020-01-03 14:00:00', NULL),
(1459, 38, 8, '1', '2020-01-03 14:00:00', '2020-01-03 14:00:00', NULL),
(1460, 39, 8, '0', '2020-01-03 14:00:00', '2020-01-03 14:00:00', NULL),
(1461, 40, 8, '1', '2020-01-03 14:00:00', '2020-01-03 14:00:00', NULL),
(1462, 41, 8, '1', '2020-01-03 14:00:00', '2020-01-03 14:00:00', NULL),
(1463, 42, 8, '0', '2020-01-03 14:00:00', '2020-01-03 14:00:00', NULL),
(1464, 43, 8, '1', '2020-01-03 14:00:00', '2020-01-03 14:00:00', NULL),
(1465, 25, 9, '0', '2020-01-24 11:00:00', '2020-01-24 11:00:00', NULL),
(1466, 26, 9, '1', '2020-01-24 11:00:00', '2020-01-24 11:00:00', NULL),
(1467, 27, 9, '0', '2020-01-24 11:00:00', '2020-01-24 11:00:00', NULL),
(1468, 28, 9, '1', '2020-01-24 11:00:00', '2020-01-24 11:00:00', NULL),
(1469, 29, 9, '1', '2020-01-24 11:00:00', '2020-01-24 11:00:00', NULL),
(1470, 30, 9, '1', '2020-01-24 11:00:00', '2020-01-24 11:00:00', NULL),
(1471, 31, 9, '0', '2020-01-24 11:00:00', '2020-01-24 11:00:00', NULL),
(1472, 32, 9, '0', '2020-01-24 11:00:00', '2020-01-24 11:00:00', NULL),
(1473, 33, 9, '0', '2020-01-24 11:00:00', '2020-01-24 11:00:00', NULL),
(1474, 34, 9, '0', '2020-01-24 11:00:00', '2020-01-24 11:00:00', NULL),
(1475, 35, 9, '1', '2020-01-24 11:00:00', '2020-01-24 11:00:00', NULL),
(1476, 36, 9, '1', '2020-01-24 11:00:00', '2020-01-24 11:00:00', NULL),
(1477, 37, 9, '1', '2020-01-24 11:00:00', '2020-01-24 11:00:00', NULL),
(1478, 38, 9, '1', '2020-01-24 11:00:00', '2020-01-24 11:00:00', NULL),
(1479, 39, 9, '1', '2020-01-24 11:00:00', '2020-01-24 11:00:00', NULL),
(1480, 40, 9, '0', '2020-01-24 11:00:00', '2020-01-24 11:00:00', NULL),
(1481, 41, 9, '0', '2020-01-24 11:00:00', '2020-01-24 11:00:00', NULL),
(1482, 42, 9, '0', '2020-01-24 11:00:00', '2020-01-24 11:00:00', NULL),
(1483, 43, 9, '1', '2020-01-24 11:00:00', '2020-01-24 11:00:00', NULL),
(1484, 25, 9, '0', '2020-01-30 12:00:00', '2020-01-30 12:00:00', NULL),
(1485, 26, 9, '1', '2020-01-30 12:00:00', '2020-01-30 12:00:00', NULL),
(1486, 27, 9, '1', '2020-01-30 12:00:00', '2020-01-30 12:00:00', NULL),
(1487, 28, 9, '0', '2020-01-30 12:00:00', '2020-01-30 12:00:00', NULL),
(1488, 29, 9, '0', '2020-01-30 12:00:00', '2020-01-30 12:00:00', NULL),
(1489, 30, 9, '1', '2020-01-30 12:00:00', '2020-01-30 12:00:00', NULL),
(1490, 31, 9, '0', '2020-01-30 12:00:00', '2020-01-30 12:00:00', NULL),
(1491, 32, 9, '0', '2020-01-30 12:00:00', '2020-01-30 12:00:00', NULL),
(1492, 33, 9, '0', '2020-01-30 12:00:00', '2020-01-30 12:00:00', NULL),
(1493, 34, 9, '0', '2020-01-30 12:00:00', '2020-01-30 12:00:00', NULL),
(1494, 35, 9, '0', '2020-01-30 12:00:00', '2020-01-30 12:00:00', NULL),
(1495, 36, 9, '0', '2020-01-30 12:00:00', '2020-01-30 12:00:00', NULL),
(1496, 37, 9, '0', '2020-01-30 12:00:00', '2020-01-30 12:00:00', NULL),
(1497, 38, 9, '0', '2020-01-30 12:00:00', '2020-01-30 12:00:00', NULL),
(1498, 39, 9, '1', '2020-01-30 12:00:00', '2020-01-30 12:00:00', NULL),
(1499, 40, 9, '0', '2020-01-30 12:00:00', '2020-01-30 12:00:00', NULL),
(1500, 41, 9, '1', '2020-01-30 12:00:00', '2020-01-30 12:00:00', NULL),
(1501, 42, 9, '1', '2020-01-30 12:00:00', '2020-01-30 12:00:00', NULL),
(1502, 43, 9, '1', '2020-01-30 12:00:00', '2020-01-30 12:00:00', NULL),
(1503, 25, 9, '0', '2020-01-09 07:00:00', '2020-01-09 07:00:00', NULL),
(1504, 26, 9, '0', '2020-01-09 07:00:00', '2020-01-09 07:00:00', NULL),
(1505, 27, 9, '0', '2020-01-09 07:00:00', '2020-01-09 07:00:00', NULL),
(1506, 28, 9, '1', '2020-01-09 07:00:00', '2020-01-09 07:00:00', NULL),
(1507, 29, 9, '0', '2020-01-09 07:00:00', '2020-01-09 07:00:00', NULL),
(1508, 30, 9, '0', '2020-01-09 07:00:00', '2020-01-09 07:00:00', NULL),
(1509, 31, 9, '0', '2020-01-09 07:00:00', '2020-01-09 07:00:00', NULL),
(1510, 32, 9, '1', '2020-01-09 07:00:00', '2020-01-09 07:00:00', NULL),
(1511, 33, 9, '1', '2020-01-09 07:00:00', '2020-01-09 07:00:00', NULL),
(1512, 34, 9, '1', '2020-01-09 07:00:00', '2020-01-09 07:00:00', NULL),
(1513, 35, 9, '1', '2020-01-09 07:00:00', '2020-01-09 07:00:00', NULL),
(1514, 36, 9, '0', '2020-01-09 07:00:00', '2020-01-09 07:00:00', NULL),
(1515, 37, 9, '1', '2020-01-09 07:00:00', '2020-01-09 07:00:00', NULL),
(1516, 38, 9, '1', '2020-01-09 07:00:00', '2020-01-09 07:00:00', NULL),
(1517, 39, 9, '0', '2020-01-09 07:00:00', '2020-01-09 07:00:00', NULL),
(1518, 40, 9, '0', '2020-01-09 07:00:00', '2020-01-09 07:00:00', NULL),
(1519, 41, 9, '1', '2020-01-09 07:00:00', '2020-01-09 07:00:00', NULL),
(1520, 42, 9, '0', '2020-01-09 07:00:00', '2020-01-09 07:00:00', NULL),
(1521, 43, 9, '1', '2020-01-09 07:00:00', '2020-01-09 07:00:00', NULL),
(1522, 25, 10, '0', '2020-01-25 12:00:00', '2020-01-25 12:00:00', NULL),
(1523, 26, 10, '0', '2020-01-25 12:00:00', '2020-01-25 12:00:00', NULL),
(1524, 27, 10, '0', '2020-01-25 12:00:00', '2020-01-25 12:00:00', NULL),
(1525, 28, 10, '0', '2020-01-25 12:00:00', '2020-01-25 12:00:00', NULL),
(1526, 29, 10, '0', '2020-01-25 12:00:00', '2020-01-25 12:00:00', NULL),
(1527, 30, 10, '0', '2020-01-25 12:00:00', '2020-01-25 12:00:00', NULL),
(1528, 31, 10, '1', '2020-01-25 12:00:00', '2020-01-25 12:00:00', NULL),
(1529, 32, 10, '0', '2020-01-25 12:00:00', '2020-01-25 12:00:00', NULL),
(1530, 33, 10, '0', '2020-01-25 12:00:00', '2020-01-25 12:00:00', NULL),
(1531, 34, 10, '0', '2020-01-25 12:00:00', '2020-01-25 12:00:00', NULL),
(1532, 35, 10, '0', '2020-01-25 12:00:00', '2020-01-25 12:00:00', NULL),
(1533, 36, 10, '1', '2020-01-25 12:00:00', '2020-01-25 12:00:00', NULL),
(1534, 37, 10, '0', '2020-01-25 12:00:00', '2020-01-25 12:00:00', NULL),
(1535, 38, 10, '1', '2020-01-25 12:00:00', '2020-01-25 12:00:00', NULL),
(1536, 39, 10, '0', '2020-01-25 12:00:00', '2020-01-25 12:00:00', NULL),
(1537, 40, 10, '0', '2020-01-25 12:00:00', '2020-01-25 12:00:00', NULL),
(1538, 41, 10, '1', '2020-01-25 12:00:00', '2020-01-25 12:00:00', NULL),
(1539, 42, 10, '0', '2020-01-25 12:00:00', '2020-01-25 12:00:00', NULL),
(1540, 43, 10, '0', '2020-01-25 12:00:00', '2020-01-25 12:00:00', NULL),
(1541, 25, 10, '1', '2020-01-12 11:00:00', '2020-01-12 11:00:00', NULL),
(1542, 26, 10, '1', '2020-01-12 11:00:00', '2020-01-12 11:00:00', NULL),
(1543, 27, 10, '0', '2020-01-12 11:00:00', '2020-01-12 11:00:00', NULL),
(1544, 28, 10, '1', '2020-01-12 11:00:00', '2020-01-12 11:00:00', NULL),
(1545, 29, 10, '0', '2020-01-12 11:00:00', '2020-01-12 11:00:00', NULL),
(1546, 30, 10, '1', '2020-01-12 11:00:00', '2020-01-12 11:00:00', NULL),
(1547, 31, 10, '0', '2020-01-12 11:00:00', '2020-01-12 11:00:00', NULL),
(1548, 32, 10, '1', '2020-01-12 11:00:00', '2020-01-12 11:00:00', NULL),
(1549, 33, 10, '0', '2020-01-12 11:00:00', '2020-01-12 11:00:00', NULL),
(1550, 34, 10, '1', '2020-01-12 11:00:00', '2020-01-12 11:00:00', NULL),
(1551, 35, 10, '0', '2020-01-12 11:00:00', '2020-01-12 11:00:00', NULL),
(1552, 36, 10, '0', '2020-01-12 11:00:00', '2020-01-12 11:00:00', NULL),
(1553, 37, 10, '0', '2020-01-12 11:00:00', '2020-01-12 11:00:00', NULL),
(1554, 38, 10, '0', '2020-01-12 11:00:00', '2020-01-12 11:00:00', NULL),
(1555, 39, 10, '0', '2020-01-12 11:00:00', '2020-01-12 11:00:00', NULL),
(1556, 40, 10, '1', '2020-01-12 11:00:00', '2020-01-12 11:00:00', NULL),
(1557, 41, 10, '0', '2020-01-12 11:00:00', '2020-01-12 11:00:00', NULL),
(1558, 42, 10, '0', '2020-01-12 11:00:00', '2020-01-12 11:00:00', NULL),
(1559, 43, 10, '1', '2020-01-12 11:00:00', '2020-01-12 11:00:00', NULL),
(1560, 25, 10, '1', '2020-01-27 10:00:00', '2020-01-27 10:00:00', NULL),
(1561, 26, 10, '0', '2020-01-27 10:00:00', '2020-01-27 10:00:00', NULL),
(1562, 27, 10, '0', '2020-01-27 10:00:00', '2020-01-27 10:00:00', NULL),
(1563, 28, 10, '1', '2020-01-27 10:00:00', '2020-01-27 10:00:00', NULL),
(1564, 29, 10, '0', '2020-01-27 10:00:00', '2020-01-27 10:00:00', NULL),
(1565, 30, 10, '1', '2020-01-27 10:00:00', '2020-01-27 10:00:00', NULL),
(1566, 31, 10, '0', '2020-01-27 10:00:00', '2020-01-27 10:00:00', NULL),
(1567, 32, 10, '1', '2020-01-27 10:00:00', '2020-01-27 10:00:00', NULL),
(1568, 33, 10, '1', '2020-01-27 10:00:00', '2020-01-27 10:00:00', NULL),
(1569, 34, 10, '1', '2020-01-27 10:00:00', '2020-01-27 10:00:00', NULL),
(1570, 35, 10, '1', '2020-01-27 10:00:00', '2020-01-27 10:00:00', NULL),
(1571, 36, 10, '1', '2020-01-27 10:00:00', '2020-01-27 10:00:00', NULL),
(1572, 37, 10, '1', '2020-01-27 10:00:00', '2020-01-27 10:00:00', NULL),
(1573, 38, 10, '0', '2020-01-27 10:00:00', '2020-01-27 10:00:00', NULL),
(1574, 39, 10, '0', '2020-01-27 10:00:00', '2020-01-27 10:00:00', NULL),
(1575, 40, 10, '0', '2020-01-27 10:00:00', '2020-01-27 10:00:00', NULL),
(1576, 41, 10, '0', '2020-01-27 10:00:00', '2020-01-27 10:00:00', NULL),
(1577, 42, 10, '0', '2020-01-27 10:00:00', '2020-01-27 10:00:00', NULL),
(1578, 43, 10, '0', '2020-01-27 10:00:00', '2020-01-27 10:00:00', NULL),
(1579, 25, 11, '0', '2020-01-01 15:00:00', '2020-01-01 15:00:00', NULL),
(1580, 26, 11, '0', '2020-01-01 15:00:00', '2020-01-01 15:00:00', NULL),
(1581, 27, 11, '1', '2020-01-01 15:00:00', '2020-01-01 15:00:00', NULL),
(1582, 28, 11, '1', '2020-01-01 15:00:00', '2020-01-01 15:00:00', NULL),
(1583, 29, 11, '1', '2020-01-01 15:00:00', '2020-01-01 15:00:00', NULL),
(1584, 30, 11, '1', '2020-01-01 15:00:00', '2020-01-01 15:00:00', NULL),
(1585, 31, 11, '1', '2020-01-01 15:00:00', '2020-01-01 15:00:00', NULL),
(1586, 32, 11, '1', '2020-01-01 15:00:00', '2020-01-01 15:00:00', NULL),
(1587, 33, 11, '1', '2020-01-01 15:00:00', '2020-01-01 15:00:00', NULL),
(1588, 34, 11, '0', '2020-01-01 15:00:00', '2020-01-01 15:00:00', NULL),
(1589, 35, 11, '0', '2020-01-01 15:00:00', '2020-01-01 15:00:00', NULL),
(1590, 36, 11, '0', '2020-01-01 15:00:00', '2020-01-01 15:00:00', NULL),
(1591, 37, 11, '1', '2020-01-01 15:00:00', '2020-01-01 15:00:00', NULL),
(1592, 38, 11, '0', '2020-01-01 15:00:00', '2020-01-01 15:00:00', NULL),
(1593, 39, 11, '1', '2020-01-01 15:00:00', '2020-01-01 15:00:00', NULL),
(1594, 40, 11, '1', '2020-01-01 15:00:00', '2020-01-01 15:00:00', NULL),
(1595, 41, 11, '1', '2020-01-01 15:00:00', '2020-01-01 15:00:00', NULL),
(1596, 42, 11, '1', '2020-01-01 15:00:00', '2020-01-01 15:00:00', NULL),
(1597, 43, 11, '1', '2020-01-01 15:00:00', '2020-01-01 15:00:00', NULL),
(1598, 25, 11, '0', '2020-01-15 16:00:00', '2020-01-15 16:00:00', NULL),
(1599, 26, 11, '0', '2020-01-15 16:00:00', '2020-01-15 16:00:00', NULL),
(1600, 27, 11, '0', '2020-01-15 16:00:00', '2020-01-15 16:00:00', NULL),
(1601, 28, 11, '1', '2020-01-15 16:00:00', '2020-01-15 16:00:00', NULL),
(1602, 29, 11, '0', '2020-01-15 16:00:00', '2020-01-15 16:00:00', NULL),
(1603, 30, 11, '0', '2020-01-15 16:00:00', '2020-01-15 16:00:00', NULL),
(1604, 31, 11, '0', '2020-01-15 16:00:00', '2020-01-15 16:00:00', NULL),
(1605, 32, 11, '0', '2020-01-15 16:00:00', '2020-01-15 16:00:00', NULL),
(1606, 33, 11, '1', '2020-01-15 16:00:00', '2020-01-15 16:00:00', NULL),
(1607, 34, 11, '1', '2020-01-15 16:00:00', '2020-01-15 16:00:00', NULL),
(1608, 35, 11, '0', '2020-01-15 16:00:00', '2020-01-15 16:00:00', NULL),
(1609, 36, 11, '0', '2020-01-15 16:00:00', '2020-01-15 16:00:00', NULL),
(1610, 37, 11, '1', '2020-01-15 16:00:00', '2020-01-15 16:00:00', NULL),
(1611, 38, 11, '1', '2020-01-15 16:00:00', '2020-01-15 16:00:00', NULL),
(1612, 39, 11, '0', '2020-01-15 16:00:00', '2020-01-15 16:00:00', NULL),
(1613, 40, 11, '1', '2020-01-15 16:00:00', '2020-01-15 16:00:00', NULL),
(1614, 41, 11, '1', '2020-01-15 16:00:00', '2020-01-15 16:00:00', NULL),
(1615, 42, 11, '0', '2020-01-15 16:00:00', '2020-01-15 16:00:00', NULL),
(1616, 43, 11, '0', '2020-01-15 16:00:00', '2020-01-15 16:00:00', NULL),
(1617, 25, 11, '1', '2020-01-07 06:00:00', '2020-01-07 06:00:00', NULL),
(1618, 26, 11, '1', '2020-01-07 06:00:00', '2020-01-07 06:00:00', NULL),
(1619, 27, 11, '1', '2020-01-07 06:00:00', '2020-01-07 06:00:00', NULL),
(1620, 28, 11, '1', '2020-01-07 06:00:00', '2020-01-07 06:00:00', NULL),
(1621, 29, 11, '1', '2020-01-07 06:00:00', '2020-01-07 06:00:00', NULL),
(1622, 30, 11, '1', '2020-01-07 06:00:00', '2020-01-07 06:00:00', NULL),
(1623, 31, 11, '0', '2020-01-07 06:00:00', '2020-01-07 06:00:00', NULL),
(1624, 32, 11, '1', '2020-01-07 06:00:00', '2020-01-07 06:00:00', NULL),
(1625, 33, 11, '0', '2020-01-07 06:00:00', '2020-01-07 06:00:00', NULL),
(1626, 34, 11, '0', '2020-01-07 06:00:00', '2020-01-07 06:00:00', NULL),
(1627, 35, 11, '0', '2020-01-07 06:00:00', '2020-01-07 06:00:00', NULL),
(1628, 36, 11, '1', '2020-01-07 06:00:00', '2020-01-07 06:00:00', NULL),
(1629, 37, 11, '1', '2020-01-07 06:00:00', '2020-01-07 06:00:00', NULL),
(1630, 38, 11, '1', '2020-01-07 06:00:00', '2020-01-07 06:00:00', NULL),
(1631, 39, 11, '0', '2020-01-07 06:00:00', '2020-01-07 06:00:00', NULL),
(1632, 40, 11, '1', '2020-01-07 06:00:00', '2020-01-07 06:00:00', NULL),
(1633, 41, 11, '1', '2020-01-07 06:00:00', '2020-01-07 06:00:00', NULL),
(1634, 42, 11, '0', '2020-01-07 06:00:00', '2020-01-07 06:00:00', NULL),
(1635, 43, 11, '0', '2020-01-07 06:00:00', '2020-01-07 06:00:00', NULL),
(1636, 25, 12, '0', '2020-01-08 06:00:00', '2020-01-08 06:00:00', NULL),
(1637, 26, 12, '1', '2020-01-08 06:00:00', '2020-01-08 06:00:00', NULL),
(1638, 27, 12, '0', '2020-01-08 06:00:00', '2020-01-08 06:00:00', NULL),
(1639, 28, 12, '1', '2020-01-08 06:00:00', '2020-01-08 06:00:00', NULL),
(1640, 29, 12, '0', '2020-01-08 06:00:00', '2020-01-08 06:00:00', NULL),
(1641, 30, 12, '1', '2020-01-08 06:00:00', '2020-01-08 06:00:00', NULL),
(1642, 31, 12, '1', '2020-01-08 06:00:00', '2020-01-08 06:00:00', NULL),
(1643, 32, 12, '1', '2020-01-08 06:00:00', '2020-01-08 06:00:00', NULL),
(1644, 33, 12, '1', '2020-01-08 06:00:00', '2020-01-08 06:00:00', NULL),
(1645, 34, 12, '0', '2020-01-08 06:00:00', '2020-01-08 06:00:00', NULL),
(1646, 35, 12, '1', '2020-01-08 06:00:00', '2020-01-08 06:00:00', NULL),
(1647, 36, 12, '0', '2020-01-08 06:00:00', '2020-01-08 06:00:00', NULL),
(1648, 37, 12, '0', '2020-01-08 06:00:00', '2020-01-08 06:00:00', NULL),
(1649, 38, 12, '0', '2020-01-08 06:00:00', '2020-01-08 06:00:00', NULL),
(1650, 39, 12, '0', '2020-01-08 06:00:00', '2020-01-08 06:00:00', NULL),
(1651, 40, 12, '1', '2020-01-08 06:00:00', '2020-01-08 06:00:00', NULL),
(1652, 41, 12, '0', '2020-01-08 06:00:00', '2020-01-08 06:00:00', NULL),
(1653, 42, 12, '1', '2020-01-08 06:00:00', '2020-01-08 06:00:00', NULL),
(1654, 43, 12, '0', '2020-01-08 06:00:00', '2020-01-08 06:00:00', NULL),
(1655, 25, 12, '0', '2020-01-21 16:00:00', '2020-01-21 16:00:00', NULL),
(1656, 26, 12, '1', '2020-01-21 16:00:00', '2020-01-21 16:00:00', NULL),
(1657, 27, 12, '1', '2020-01-21 16:00:00', '2020-01-21 16:00:00', NULL),
(1658, 28, 12, '0', '2020-01-21 16:00:00', '2020-01-21 16:00:00', NULL),
(1659, 29, 12, '1', '2020-01-21 16:00:00', '2020-01-21 16:00:00', NULL),
(1660, 30, 12, '1', '2020-01-21 16:00:00', '2020-01-21 16:00:00', NULL),
(1661, 31, 12, '0', '2020-01-21 16:00:00', '2020-01-21 16:00:00', NULL),
(1662, 32, 12, '0', '2020-01-21 16:00:00', '2020-01-21 16:00:00', NULL),
(1663, 33, 12, '1', '2020-01-21 16:00:00', '2020-01-21 16:00:00', NULL),
(1664, 34, 12, '1', '2020-01-21 16:00:00', '2020-01-21 16:00:00', NULL),
(1665, 35, 12, '1', '2020-01-21 16:00:00', '2020-01-21 16:00:00', NULL),
(1666, 36, 12, '0', '2020-01-21 16:00:00', '2020-01-21 16:00:00', NULL),
(1667, 37, 12, '0', '2020-01-21 16:00:00', '2020-01-21 16:00:00', NULL),
(1668, 38, 12, '1', '2020-01-21 16:00:00', '2020-01-21 16:00:00', NULL),
(1669, 39, 12, '1', '2020-01-21 16:00:00', '2020-01-21 16:00:00', NULL),
(1670, 40, 12, '1', '2020-01-21 16:00:00', '2020-01-21 16:00:00', NULL),
(1671, 41, 12, '0', '2020-01-21 16:00:00', '2020-01-21 16:00:00', NULL),
(1672, 42, 12, '0', '2020-01-21 16:00:00', '2020-01-21 16:00:00', NULL),
(1673, 43, 12, '1', '2020-01-21 16:00:00', '2020-01-21 16:00:00', NULL),
(1674, 25, 12, '0', '2020-01-14 07:00:00', '2020-01-14 07:00:00', NULL),
(1675, 26, 12, '1', '2020-01-14 07:00:00', '2020-01-14 07:00:00', NULL),
(1676, 27, 12, '1', '2020-01-14 07:00:00', '2020-01-14 07:00:00', NULL),
(1677, 28, 12, '1', '2020-01-14 07:00:00', '2020-01-14 07:00:00', NULL),
(1678, 29, 12, '0', '2020-01-14 07:00:00', '2020-01-14 07:00:00', NULL),
(1679, 30, 12, '1', '2020-01-14 07:00:00', '2020-01-14 07:00:00', NULL),
(1680, 31, 12, '1', '2020-01-14 07:00:00', '2020-01-14 07:00:00', NULL),
(1681, 32, 12, '0', '2020-01-14 07:00:00', '2020-01-14 07:00:00', NULL),
(1682, 33, 12, '1', '2020-01-14 07:00:00', '2020-01-14 07:00:00', NULL),
(1683, 34, 12, '0', '2020-01-14 07:00:00', '2020-01-14 07:00:00', NULL),
(1684, 35, 12, '1', '2020-01-14 07:00:00', '2020-01-14 07:00:00', NULL),
(1685, 36, 12, '0', '2020-01-14 07:00:00', '2020-01-14 07:00:00', NULL),
(1686, 37, 12, '0', '2020-01-14 07:00:00', '2020-01-14 07:00:00', NULL),
(1687, 38, 12, '0', '2020-01-14 07:00:00', '2020-01-14 07:00:00', NULL),
(1688, 39, 12, '1', '2020-01-14 07:00:00', '2020-01-14 07:00:00', NULL),
(1689, 40, 12, '1', '2020-01-14 07:00:00', '2020-01-14 07:00:00', NULL),
(1690, 41, 12, '1', '2020-01-14 07:00:00', '2020-01-14 07:00:00', NULL),
(1691, 42, 12, '1', '2020-01-14 07:00:00', '2020-01-14 07:00:00', NULL),
(1692, 43, 12, '0', '2020-01-14 07:00:00', '2020-01-14 07:00:00', NULL),
(1693, 25, 13, '1', '2020-01-12 08:00:00', '2020-01-12 08:00:00', NULL),
(1694, 26, 13, '0', '2020-01-12 08:00:00', '2020-01-12 08:00:00', NULL),
(1695, 27, 13, '1', '2020-01-12 08:00:00', '2020-01-12 08:00:00', NULL),
(1696, 28, 13, '1', '2020-01-12 08:00:00', '2020-01-12 08:00:00', NULL),
(1697, 29, 13, '0', '2020-01-12 08:00:00', '2020-01-12 08:00:00', NULL),
(1698, 30, 13, '0', '2020-01-12 08:00:00', '2020-01-12 08:00:00', NULL),
(1699, 31, 13, '1', '2020-01-12 08:00:00', '2020-01-12 08:00:00', NULL),
(1700, 32, 13, '0', '2020-01-12 08:00:00', '2020-01-12 08:00:00', NULL),
(1701, 33, 13, '1', '2020-01-12 08:00:00', '2020-01-12 08:00:00', NULL),
(1702, 34, 13, '1', '2020-01-12 08:00:00', '2020-01-12 08:00:00', NULL),
(1703, 35, 13, '1', '2020-01-12 08:00:00', '2020-01-12 08:00:00', NULL),
(1704, 36, 13, '0', '2020-01-12 08:00:00', '2020-01-12 08:00:00', NULL),
(1705, 37, 13, '0', '2020-01-12 08:00:00', '2020-01-12 08:00:00', NULL),
(1706, 38, 13, '1', '2020-01-12 08:00:00', '2020-01-12 08:00:00', NULL),
(1707, 39, 13, '0', '2020-01-12 08:00:00', '2020-01-12 08:00:00', NULL),
(1708, 40, 13, '1', '2020-01-12 08:00:00', '2020-01-12 08:00:00', NULL),
(1709, 41, 13, '1', '2020-01-12 08:00:00', '2020-01-12 08:00:00', NULL),
(1710, 42, 13, '1', '2020-01-12 08:00:00', '2020-01-12 08:00:00', NULL),
(1711, 43, 13, '1', '2020-01-12 08:00:00', '2020-01-12 08:00:00', NULL),
(1712, 25, 13, '1', '2020-01-27 06:00:00', '2020-01-27 06:00:00', NULL),
(1713, 26, 13, '0', '2020-01-27 06:00:00', '2020-01-27 06:00:00', NULL),
(1714, 27, 13, '0', '2020-01-27 06:00:00', '2020-01-27 06:00:00', NULL),
(1715, 28, 13, '1', '2020-01-27 06:00:00', '2020-01-27 06:00:00', NULL),
(1716, 29, 13, '0', '2020-01-27 06:00:00', '2020-01-27 06:00:00', NULL),
(1717, 30, 13, '1', '2020-01-27 06:00:00', '2020-01-27 06:00:00', NULL),
(1718, 31, 13, '1', '2020-01-27 06:00:00', '2020-01-27 06:00:00', NULL),
(1719, 32, 13, '1', '2020-01-27 06:00:00', '2020-01-27 06:00:00', NULL),
(1720, 33, 13, '0', '2020-01-27 06:00:00', '2020-01-27 06:00:00', NULL),
(1721, 34, 13, '1', '2020-01-27 06:00:00', '2020-01-27 06:00:00', NULL),
(1722, 35, 13, '1', '2020-01-27 06:00:00', '2020-01-27 06:00:00', NULL),
(1723, 36, 13, '0', '2020-01-27 06:00:00', '2020-01-27 06:00:00', NULL),
(1724, 37, 13, '0', '2020-01-27 06:00:00', '2020-01-27 06:00:00', NULL),
(1725, 38, 13, '1', '2020-01-27 06:00:00', '2020-01-27 06:00:00', NULL),
(1726, 39, 13, '1', '2020-01-27 06:00:00', '2020-01-27 06:00:00', NULL),
(1727, 40, 13, '0', '2020-01-27 06:00:00', '2020-01-27 06:00:00', NULL),
(1728, 41, 13, '0', '2020-01-27 06:00:00', '2020-01-27 06:00:00', NULL),
(1729, 42, 13, '1', '2020-01-27 06:00:00', '2020-01-27 06:00:00', NULL),
(1730, 43, 13, '0', '2020-01-27 06:00:00', '2020-01-27 06:00:00', NULL),
(1731, 25, 13, '1', '2020-01-17 11:00:00', '2020-01-17 11:00:00', NULL),
(1732, 26, 13, '1', '2020-01-17 11:00:00', '2020-01-17 11:00:00', NULL),
(1733, 27, 13, '1', '2020-01-17 11:00:00', '2020-01-17 11:00:00', NULL),
(1734, 28, 13, '1', '2020-01-17 11:00:00', '2020-01-17 11:00:00', NULL),
(1735, 29, 13, '0', '2020-01-17 11:00:00', '2020-01-17 11:00:00', NULL),
(1736, 30, 13, '0', '2020-01-17 11:00:00', '2020-01-17 11:00:00', NULL),
(1737, 31, 13, '1', '2020-01-17 11:00:00', '2020-01-17 11:00:00', NULL),
(1738, 32, 13, '1', '2020-01-17 11:00:00', '2020-01-17 11:00:00', NULL),
(1739, 33, 13, '1', '2020-01-17 11:00:00', '2020-01-17 11:00:00', NULL),
(1740, 34, 13, '1', '2020-01-17 11:00:00', '2020-01-17 11:00:00', NULL),
(1741, 35, 13, '1', '2020-01-17 11:00:00', '2020-01-17 11:00:00', NULL),
(1742, 36, 13, '1', '2020-01-17 11:00:00', '2020-01-17 11:00:00', NULL),
(1743, 37, 13, '0', '2020-01-17 11:00:00', '2020-01-17 11:00:00', NULL),
(1744, 38, 13, '1', '2020-01-17 11:00:00', '2020-01-17 11:00:00', NULL),
(1745, 39, 13, '1', '2020-01-17 11:00:00', '2020-01-17 11:00:00', NULL),
(1746, 40, 13, '0', '2020-01-17 11:00:00', '2020-01-17 11:00:00', NULL),
(1747, 41, 13, '0', '2020-01-17 11:00:00', '2020-01-17 11:00:00', NULL),
(1748, 42, 13, '1', '2020-01-17 11:00:00', '2020-01-17 11:00:00', NULL),
(1749, 43, 13, '0', '2020-01-17 11:00:00', '2020-01-17 11:00:00', NULL),
(1750, 25, 14, '1', '2020-01-17 15:00:00', '2020-01-17 15:00:00', NULL),
(1751, 26, 14, '0', '2020-01-17 15:00:00', '2020-01-17 15:00:00', NULL),
(1752, 27, 14, '1', '2020-01-17 15:00:00', '2020-01-17 15:00:00', NULL),
(1753, 28, 14, '1', '2020-01-17 15:00:00', '2020-01-17 15:00:00', NULL),
(1754, 29, 14, '0', '2020-01-17 15:00:00', '2020-01-17 15:00:00', NULL),
(1755, 30, 14, '1', '2020-01-17 15:00:00', '2020-01-17 15:00:00', NULL),
(1756, 31, 14, '1', '2020-01-17 15:00:00', '2020-01-17 15:00:00', NULL),
(1757, 32, 14, '0', '2020-01-17 15:00:00', '2020-01-17 15:00:00', NULL),
(1758, 33, 14, '0', '2020-01-17 15:00:00', '2020-01-17 15:00:00', NULL),
(1759, 34, 14, '0', '2020-01-17 15:00:00', '2020-01-17 15:00:00', NULL),
(1760, 35, 14, '1', '2020-01-17 15:00:00', '2020-01-17 15:00:00', NULL),
(1761, 36, 14, '0', '2020-01-17 15:00:00', '2020-01-17 15:00:00', NULL),
(1762, 37, 14, '1', '2020-01-17 15:00:00', '2020-01-17 15:00:00', NULL),
(1763, 38, 14, '1', '2020-01-17 15:00:00', '2020-01-17 15:00:00', NULL),
(1764, 39, 14, '0', '2020-01-17 15:00:00', '2020-01-17 15:00:00', NULL),
(1765, 40, 14, '0', '2020-01-17 15:00:00', '2020-01-17 15:00:00', NULL),
(1766, 41, 14, '1', '2020-01-17 15:00:00', '2020-01-17 15:00:00', NULL),
(1767, 42, 14, '0', '2020-01-17 15:00:00', '2020-01-17 15:00:00', NULL),
(1768, 43, 14, '1', '2020-01-17 15:00:00', '2020-01-17 15:00:00', NULL),
(1769, 25, 14, '0', '2020-01-21 08:00:00', '2020-01-21 08:00:00', NULL),
(1770, 26, 14, '0', '2020-01-21 08:00:00', '2020-01-21 08:00:00', NULL),
(1771, 27, 14, '0', '2020-01-21 08:00:00', '2020-01-21 08:00:00', NULL),
(1772, 28, 14, '1', '2020-01-21 08:00:00', '2020-01-21 08:00:00', NULL),
(1773, 29, 14, '1', '2020-01-21 08:00:00', '2020-01-21 08:00:00', NULL),
(1774, 30, 14, '1', '2020-01-21 08:00:00', '2020-01-21 08:00:00', NULL),
(1775, 31, 14, '0', '2020-01-21 08:00:00', '2020-01-21 08:00:00', NULL),
(1776, 32, 14, '1', '2020-01-21 08:00:00', '2020-01-21 08:00:00', NULL),
(1777, 33, 14, '1', '2020-01-21 08:00:00', '2020-01-21 08:00:00', NULL),
(1778, 34, 14, '0', '2020-01-21 08:00:00', '2020-01-21 08:00:00', NULL),
(1779, 35, 14, '1', '2020-01-21 08:00:00', '2020-01-21 08:00:00', NULL),
(1780, 36, 14, '0', '2020-01-21 08:00:00', '2020-01-21 08:00:00', NULL),
(1781, 37, 14, '1', '2020-01-21 08:00:00', '2020-01-21 08:00:00', NULL),
(1782, 38, 14, '1', '2020-01-21 08:00:00', '2020-01-21 08:00:00', NULL),
(1783, 39, 14, '0', '2020-01-21 08:00:00', '2020-01-21 08:00:00', NULL),
(1784, 40, 14, '0', '2020-01-21 08:00:00', '2020-01-21 08:00:00', NULL),
(1785, 41, 14, '0', '2020-01-21 08:00:00', '2020-01-21 08:00:00', NULL),
(1786, 42, 14, '0', '2020-01-21 08:00:00', '2020-01-21 08:00:00', NULL),
(1787, 43, 14, '0', '2020-01-21 08:00:00', '2020-01-21 08:00:00', NULL),
(1788, 25, 14, '0', '2020-01-26 08:00:00', '2020-01-26 08:00:00', NULL),
(1789, 26, 14, '0', '2020-01-26 08:00:00', '2020-01-26 08:00:00', NULL),
(1790, 27, 14, '0', '2020-01-26 08:00:00', '2020-01-26 08:00:00', NULL),
(1791, 28, 14, '1', '2020-01-26 08:00:00', '2020-01-26 08:00:00', NULL),
(1792, 29, 14, '1', '2020-01-26 08:00:00', '2020-01-26 08:00:00', NULL),
(1793, 30, 14, '0', '2020-01-26 08:00:00', '2020-01-26 08:00:00', NULL),
(1794, 31, 14, '1', '2020-01-26 08:00:00', '2020-01-26 08:00:00', NULL),
(1795, 32, 14, '0', '2020-01-26 08:00:00', '2020-01-26 08:00:00', NULL),
(1796, 33, 14, '1', '2020-01-26 08:00:00', '2020-01-26 08:00:00', NULL),
(1797, 34, 14, '1', '2020-01-26 08:00:00', '2020-01-26 08:00:00', NULL),
(1798, 35, 14, '0', '2020-01-26 08:00:00', '2020-01-26 08:00:00', NULL),
(1799, 36, 14, '1', '2020-01-26 08:00:00', '2020-01-26 08:00:00', NULL),
(1800, 37, 14, '0', '2020-01-26 08:00:00', '2020-01-26 08:00:00', NULL),
(1801, 38, 14, '1', '2020-01-26 08:00:00', '2020-01-26 08:00:00', NULL),
(1802, 39, 14, '1', '2020-01-26 08:00:00', '2020-01-26 08:00:00', NULL),
(1803, 40, 14, '1', '2020-01-26 08:00:00', '2020-01-26 08:00:00', NULL),
(1804, 41, 14, '0', '2020-01-26 08:00:00', '2020-01-26 08:00:00', NULL),
(1805, 42, 14, '0', '2020-01-26 08:00:00', '2020-01-26 08:00:00', NULL),
(1806, 43, 14, '0', '2020-01-26 08:00:00', '2020-01-26 08:00:00', NULL),
(1807, 44, 1, '0', '2020-01-25 09:00:00', '2020-01-25 09:00:00', NULL),
(1808, 45, 1, '1', '2020-01-25 09:00:00', '2020-01-25 09:00:00', NULL),
(1809, 46, 1, '0', '2020-01-25 09:00:00', '2020-01-25 09:00:00', NULL),
(1810, 47, 1, '1', '2020-01-25 09:00:00', '2020-01-25 09:00:00', NULL),
(1811, 48, 1, '1', '2020-01-25 09:00:00', '2020-01-25 09:00:00', NULL),
(1812, 49, 1, '1', '2020-01-25 09:00:00', '2020-01-25 09:00:00', NULL),
(1813, 50, 1, '1', '2020-01-25 09:00:00', '2020-01-25 09:00:00', NULL),
(1814, 51, 1, '0', '2020-01-25 09:00:00', '2020-01-25 09:00:00', NULL),
(1815, 52, 1, '1', '2020-01-25 09:00:00', '2020-01-25 09:00:00', NULL),
(1816, 53, 1, '1', '2020-01-25 09:00:00', '2020-01-25 09:00:00', NULL),
(1817, 54, 1, '0', '2020-01-25 09:00:00', '2020-01-25 09:00:00', NULL),
(1818, 55, 1, '1', '2020-01-25 09:00:00', '2020-01-25 09:00:00', NULL),
(1819, 56, 1, '1', '2020-01-25 09:00:00', '2020-01-25 09:00:00', NULL),
(1820, 57, 1, '0', '2020-01-25 09:00:00', '2020-01-25 09:00:00', NULL),
(1821, 58, 1, '1', '2020-01-25 09:00:00', '2020-01-25 09:00:00', NULL),
(1822, 59, 1, '0', '2020-01-25 09:00:00', '2020-01-25 09:00:00', NULL),
(1823, 60, 1, '0', '2020-01-25 09:00:00', '2020-01-25 09:00:00', NULL),
(1824, 61, 1, '0', '2020-01-25 09:00:00', '2020-01-25 09:00:00', NULL),
(1825, 62, 1, '0', '2020-01-25 09:00:00', '2020-01-25 09:00:00', NULL),
(1826, 63, 1, '0', '2020-01-25 09:00:00', '2020-01-25 09:00:00', NULL),
(1827, 64, 1, '0', '2020-01-25 09:00:00', '2020-01-25 09:00:00', NULL),
(1828, 44, 1, '0', '2020-01-03 16:00:00', '2020-01-03 16:00:00', NULL),
(1829, 45, 1, '1', '2020-01-03 16:00:00', '2020-01-03 16:00:00', NULL),
(1830, 46, 1, '1', '2020-01-03 16:00:00', '2020-01-03 16:00:00', NULL),
(1831, 47, 1, '0', '2020-01-03 16:00:00', '2020-01-03 16:00:00', NULL),
(1832, 48, 1, '0', '2020-01-03 16:00:00', '2020-01-03 16:00:00', NULL),
(1833, 49, 1, '1', '2020-01-03 16:00:00', '2020-01-03 16:00:00', NULL),
(1834, 50, 1, '1', '2020-01-03 16:00:00', '2020-01-03 16:00:00', NULL),
(1835, 51, 1, '1', '2020-01-03 16:00:00', '2020-01-03 16:00:00', NULL),
(1836, 52, 1, '0', '2020-01-03 16:00:00', '2020-01-03 16:00:00', NULL),
(1837, 53, 1, '1', '2020-01-03 16:00:00', '2020-01-03 16:00:00', NULL),
(1838, 54, 1, '0', '2020-01-03 16:00:00', '2020-01-03 16:00:00', NULL),
(1839, 55, 1, '0', '2020-01-03 16:00:00', '2020-01-03 16:00:00', NULL),
(1840, 56, 1, '0', '2020-01-03 16:00:00', '2020-01-03 16:00:00', NULL),
(1841, 57, 1, '0', '2020-01-03 16:00:00', '2020-01-03 16:00:00', NULL),
(1842, 58, 1, '0', '2020-01-03 16:00:00', '2020-01-03 16:00:00', NULL),
(1843, 59, 1, '0', '2020-01-03 16:00:00', '2020-01-03 16:00:00', NULL),
(1844, 60, 1, '1', '2020-01-03 16:00:00', '2020-01-03 16:00:00', NULL),
(1845, 61, 1, '0', '2020-01-03 16:00:00', '2020-01-03 16:00:00', NULL),
(1846, 62, 1, '0', '2020-01-03 16:00:00', '2020-01-03 16:00:00', NULL),
(1847, 63, 1, '1', '2020-01-03 16:00:00', '2020-01-03 16:00:00', NULL),
(1848, 64, 1, '1', '2020-01-03 16:00:00', '2020-01-03 16:00:00', NULL),
(1849, 44, 1, '1', '2020-01-08 12:00:00', '2020-01-08 12:00:00', NULL),
(1850, 45, 1, '0', '2020-01-08 12:00:00', '2020-01-08 12:00:00', NULL),
(1851, 46, 1, '0', '2020-01-08 12:00:00', '2020-01-08 12:00:00', NULL),
(1852, 47, 1, '1', '2020-01-08 12:00:00', '2020-01-08 12:00:00', NULL),
(1853, 48, 1, '1', '2020-01-08 12:00:00', '2020-01-08 12:00:00', NULL),
(1854, 49, 1, '1', '2020-01-08 12:00:00', '2020-01-08 12:00:00', NULL),
(1855, 50, 1, '1', '2020-01-08 12:00:00', '2020-01-08 12:00:00', NULL),
(1856, 51, 1, '1', '2020-01-08 12:00:00', '2020-01-08 12:00:00', NULL),
(1857, 52, 1, '1', '2020-01-08 12:00:00', '2020-01-08 12:00:00', NULL),
(1858, 53, 1, '0', '2020-01-08 12:00:00', '2020-01-08 12:00:00', NULL),
(1859, 54, 1, '0', '2020-01-08 12:00:00', '2020-01-08 12:00:00', NULL),
(1860, 55, 1, '0', '2020-01-08 12:00:00', '2020-01-08 12:00:00', NULL),
(1861, 56, 1, '1', '2020-01-08 12:00:00', '2020-01-08 12:00:00', NULL),
(1862, 57, 1, '1', '2020-01-08 12:00:00', '2020-01-08 12:00:00', NULL),
(1863, 58, 1, '0', '2020-01-08 12:00:00', '2020-01-08 12:00:00', NULL),
(1864, 59, 1, '1', '2020-01-08 12:00:00', '2020-01-08 12:00:00', NULL),
(1865, 60, 1, '1', '2020-01-08 12:00:00', '2020-01-08 12:00:00', NULL),
(1866, 61, 1, '0', '2020-01-08 12:00:00', '2020-01-08 12:00:00', NULL),
(1867, 62, 1, '0', '2020-01-08 12:00:00', '2020-01-08 12:00:00', NULL),
(1868, 63, 1, '1', '2020-01-08 12:00:00', '2020-01-08 12:00:00', NULL),
(1869, 64, 1, '0', '2020-01-08 12:00:00', '2020-01-08 12:00:00', NULL),
(1870, 44, 2, '1', '2020-01-27 07:00:00', '2020-01-27 07:00:00', NULL),
(1871, 45, 2, '1', '2020-01-27 07:00:00', '2020-01-27 07:00:00', NULL),
(1872, 46, 2, '1', '2020-01-27 07:00:00', '2020-01-27 07:00:00', NULL),
(1873, 47, 2, '0', '2020-01-27 07:00:00', '2020-01-27 07:00:00', NULL),
(1874, 48, 2, '1', '2020-01-27 07:00:00', '2020-01-27 07:00:00', NULL),
(1875, 49, 2, '1', '2020-01-27 07:00:00', '2020-01-27 07:00:00', NULL),
(1876, 50, 2, '1', '2020-01-27 07:00:00', '2020-01-27 07:00:00', NULL),
(1877, 51, 2, '0', '2020-01-27 07:00:00', '2020-01-27 07:00:00', NULL),
(1878, 52, 2, '1', '2020-01-27 07:00:00', '2020-01-27 07:00:00', NULL),
(1879, 53, 2, '0', '2020-01-27 07:00:00', '2020-01-27 07:00:00', NULL),
(1880, 54, 2, '0', '2020-01-27 07:00:00', '2020-01-27 07:00:00', NULL),
(1881, 55, 2, '1', '2020-01-27 07:00:00', '2020-01-27 07:00:00', NULL),
(1882, 56, 2, '1', '2020-01-27 07:00:00', '2020-01-27 07:00:00', NULL),
(1883, 57, 2, '0', '2020-01-27 07:00:00', '2020-01-27 07:00:00', NULL),
(1884, 58, 2, '1', '2020-01-27 07:00:00', '2020-01-27 07:00:00', NULL),
(1885, 59, 2, '0', '2020-01-27 07:00:00', '2020-01-27 07:00:00', NULL),
(1886, 60, 2, '0', '2020-01-27 07:00:00', '2020-01-27 07:00:00', NULL),
(1887, 61, 2, '0', '2020-01-27 07:00:00', '2020-01-27 07:00:00', NULL),
(1888, 62, 2, '1', '2020-01-27 07:00:00', '2020-01-27 07:00:00', NULL),
(1889, 63, 2, '1', '2020-01-27 07:00:00', '2020-01-27 07:00:00', NULL),
(1890, 64, 2, '0', '2020-01-27 07:00:00', '2020-01-27 07:00:00', NULL),
(1891, 44, 2, '0', '2020-01-30 06:00:00', '2020-01-30 06:00:00', NULL),
(1892, 45, 2, '0', '2020-01-30 06:00:00', '2020-01-30 06:00:00', NULL),
(1893, 46, 2, '1', '2020-01-30 06:00:00', '2020-01-30 06:00:00', NULL),
(1894, 47, 2, '1', '2020-01-30 06:00:00', '2020-01-30 06:00:00', NULL),
(1895, 48, 2, '1', '2020-01-30 06:00:00', '2020-01-30 06:00:00', NULL),
(1896, 49, 2, '0', '2020-01-30 06:00:00', '2020-01-30 06:00:00', NULL),
(1897, 50, 2, '1', '2020-01-30 06:00:00', '2020-01-30 06:00:00', NULL),
(1898, 51, 2, '1', '2020-01-30 06:00:00', '2020-01-30 06:00:00', NULL),
(1899, 52, 2, '1', '2020-01-30 06:00:00', '2020-01-30 06:00:00', NULL),
(1900, 53, 2, '0', '2020-01-30 06:00:00', '2020-01-30 06:00:00', NULL),
(1901, 54, 2, '0', '2020-01-30 06:00:00', '2020-01-30 06:00:00', NULL),
(1902, 55, 2, '0', '2020-01-30 06:00:00', '2020-01-30 06:00:00', NULL),
(1903, 56, 2, '0', '2020-01-30 06:00:00', '2020-01-30 06:00:00', NULL),
(1904, 57, 2, '0', '2020-01-30 06:00:00', '2020-01-30 06:00:00', NULL),
(1905, 58, 2, '1', '2020-01-30 06:00:00', '2020-01-30 06:00:00', NULL),
(1906, 59, 2, '1', '2020-01-30 06:00:00', '2020-01-30 06:00:00', NULL),
(1907, 60, 2, '1', '2020-01-30 06:00:00', '2020-01-30 06:00:00', NULL),
(1908, 61, 2, '1', '2020-01-30 06:00:00', '2020-01-30 06:00:00', NULL),
(1909, 62, 2, '0', '2020-01-30 06:00:00', '2020-01-30 06:00:00', NULL),
(1910, 63, 2, '0', '2020-01-30 06:00:00', '2020-01-30 06:00:00', NULL),
(1911, 64, 2, '1', '2020-01-30 06:00:00', '2020-01-30 06:00:00', NULL),
(1912, 44, 2, '0', '2020-01-01 07:00:00', '2020-01-01 07:00:00', NULL),
(1913, 45, 2, '0', '2020-01-01 07:00:00', '2020-01-01 07:00:00', NULL),
(1914, 46, 2, '1', '2020-01-01 07:00:00', '2020-01-01 07:00:00', NULL),
(1915, 47, 2, '1', '2020-01-01 07:00:00', '2020-01-01 07:00:00', NULL),
(1916, 48, 2, '0', '2020-01-01 07:00:00', '2020-01-01 07:00:00', NULL),
(1917, 49, 2, '0', '2020-01-01 07:00:00', '2020-01-01 07:00:00', NULL),
(1918, 50, 2, '1', '2020-01-01 07:00:00', '2020-01-01 07:00:00', NULL),
(1919, 51, 2, '1', '2020-01-01 07:00:00', '2020-01-01 07:00:00', NULL),
(1920, 52, 2, '0', '2020-01-01 07:00:00', '2020-01-01 07:00:00', NULL),
(1921, 53, 2, '1', '2020-01-01 07:00:00', '2020-01-01 07:00:00', NULL),
(1922, 54, 2, '1', '2020-01-01 07:00:00', '2020-01-01 07:00:00', NULL),
(1923, 55, 2, '1', '2020-01-01 07:00:00', '2020-01-01 07:00:00', NULL),
(1924, 56, 2, '1', '2020-01-01 07:00:00', '2020-01-01 07:00:00', NULL),
(1925, 57, 2, '0', '2020-01-01 07:00:00', '2020-01-01 07:00:00', NULL),
(1926, 58, 2, '0', '2020-01-01 07:00:00', '2020-01-01 07:00:00', NULL),
(1927, 59, 2, '0', '2020-01-01 07:00:00', '2020-01-01 07:00:00', NULL),
(1928, 60, 2, '0', '2020-01-01 07:00:00', '2020-01-01 07:00:00', NULL),
(1929, 61, 2, '0', '2020-01-01 07:00:00', '2020-01-01 07:00:00', NULL),
(1930, 62, 2, '0', '2020-01-01 07:00:00', '2020-01-01 07:00:00', NULL),
(1931, 63, 2, '1', '2020-01-01 07:00:00', '2020-01-01 07:00:00', NULL),
(1932, 64, 2, '1', '2020-01-01 07:00:00', '2020-01-01 07:00:00', NULL),
(1933, 44, 5, '0', '2020-01-25 12:00:00', '2020-01-25 12:00:00', NULL),
(1934, 45, 5, '0', '2020-01-25 12:00:00', '2020-01-25 12:00:00', NULL),
(1935, 46, 5, '0', '2020-01-25 12:00:00', '2020-01-25 12:00:00', NULL),
(1936, 47, 5, '0', '2020-01-25 12:00:00', '2020-01-25 12:00:00', NULL),
(1937, 48, 5, '1', '2020-01-25 12:00:00', '2020-01-25 12:00:00', NULL),
(1938, 49, 5, '0', '2020-01-25 12:00:00', '2020-01-25 12:00:00', NULL),
(1939, 50, 5, '1', '2020-01-25 12:00:00', '2020-01-25 12:00:00', NULL),
(1940, 51, 5, '0', '2020-01-25 12:00:00', '2020-01-25 12:00:00', NULL),
(1941, 52, 5, '1', '2020-01-25 12:00:00', '2020-01-25 12:00:00', NULL),
(1942, 53, 5, '1', '2020-01-25 12:00:00', '2020-01-25 12:00:00', NULL),
(1943, 54, 5, '1', '2020-01-25 12:00:00', '2020-01-25 12:00:00', NULL),
(1944, 55, 5, '1', '2020-01-25 12:00:00', '2020-01-25 12:00:00', NULL),
(1945, 56, 5, '1', '2020-01-25 12:00:00', '2020-01-25 12:00:00', NULL),
(1946, 57, 5, '0', '2020-01-25 12:00:00', '2020-01-25 12:00:00', NULL),
(1947, 58, 5, '1', '2020-01-25 12:00:00', '2020-01-25 12:00:00', NULL),
(1948, 59, 5, '1', '2020-01-25 12:00:00', '2020-01-25 12:00:00', NULL),
(1949, 60, 5, '0', '2020-01-25 12:00:00', '2020-01-25 12:00:00', NULL),
(1950, 61, 5, '0', '2020-01-25 12:00:00', '2020-01-25 12:00:00', NULL),
(1951, 62, 5, '1', '2020-01-25 12:00:00', '2020-01-25 12:00:00', NULL),
(1952, 63, 5, '0', '2020-01-25 12:00:00', '2020-01-25 12:00:00', NULL),
(1953, 64, 5, '1', '2020-01-25 12:00:00', '2020-01-25 12:00:00', NULL),
(1954, 44, 5, '1', '2020-01-03 07:00:00', '2020-01-03 07:00:00', NULL),
(1955, 45, 5, '1', '2020-01-03 07:00:00', '2020-01-03 07:00:00', NULL),
(1956, 46, 5, '0', '2020-01-03 07:00:00', '2020-01-03 07:00:00', NULL),
(1957, 47, 5, '0', '2020-01-03 07:00:00', '2020-01-03 07:00:00', NULL),
(1958, 48, 5, '1', '2020-01-03 07:00:00', '2020-01-03 07:00:00', NULL),
(1959, 49, 5, '0', '2020-01-03 07:00:00', '2020-01-03 07:00:00', NULL),
(1960, 50, 5, '0', '2020-01-03 07:00:00', '2020-01-03 07:00:00', NULL),
(1961, 51, 5, '0', '2020-01-03 07:00:00', '2020-01-03 07:00:00', NULL),
(1962, 52, 5, '1', '2020-01-03 07:00:00', '2020-01-03 07:00:00', NULL),
(1963, 53, 5, '1', '2020-01-03 07:00:00', '2020-01-03 07:00:00', NULL),
(1964, 54, 5, '0', '2020-01-03 07:00:00', '2020-01-03 07:00:00', NULL),
(1965, 55, 5, '1', '2020-01-03 07:00:00', '2020-01-03 07:00:00', NULL),
(1966, 56, 5, '0', '2020-01-03 07:00:00', '2020-01-03 07:00:00', NULL),
(1967, 57, 5, '0', '2020-01-03 07:00:00', '2020-01-03 07:00:00', NULL),
(1968, 58, 5, '1', '2020-01-03 07:00:00', '2020-01-03 07:00:00', NULL),
(1969, 59, 5, '1', '2020-01-03 07:00:00', '2020-01-03 07:00:00', NULL),
(1970, 60, 5, '0', '2020-01-03 07:00:00', '2020-01-03 07:00:00', NULL),
(1971, 61, 5, '1', '2020-01-03 07:00:00', '2020-01-03 07:00:00', NULL),
(1972, 62, 5, '0', '2020-01-03 07:00:00', '2020-01-03 07:00:00', NULL),
(1973, 63, 5, '0', '2020-01-03 07:00:00', '2020-01-03 07:00:00', NULL),
(1974, 64, 5, '0', '2020-01-03 07:00:00', '2020-01-03 07:00:00', NULL),
(1975, 44, 5, '1', '2020-01-01 14:00:00', '2020-01-01 14:00:00', NULL),
(1976, 45, 5, '1', '2020-01-01 14:00:00', '2020-01-01 14:00:00', NULL),
(1977, 46, 5, '1', '2020-01-01 14:00:00', '2020-01-01 14:00:00', NULL),
(1978, 47, 5, '1', '2020-01-01 14:00:00', '2020-01-01 14:00:00', NULL),
(1979, 48, 5, '1', '2020-01-01 14:00:00', '2020-01-01 14:00:00', NULL),
(1980, 49, 5, '0', '2020-01-01 14:00:00', '2020-01-01 14:00:00', NULL),
(1981, 50, 5, '0', '2020-01-01 14:00:00', '2020-01-01 14:00:00', NULL),
(1982, 51, 5, '1', '2020-01-01 14:00:00', '2020-01-01 14:00:00', NULL),
(1983, 52, 5, '0', '2020-01-01 14:00:00', '2020-01-01 14:00:00', NULL),
(1984, 53, 5, '0', '2020-01-01 14:00:00', '2020-01-01 14:00:00', NULL),
(1985, 54, 5, '0', '2020-01-01 14:00:00', '2020-01-01 14:00:00', NULL),
(1986, 55, 5, '0', '2020-01-01 14:00:00', '2020-01-01 14:00:00', NULL),
(1987, 56, 5, '1', '2020-01-01 14:00:00', '2020-01-01 14:00:00', NULL),
(1988, 57, 5, '1', '2020-01-01 14:00:00', '2020-01-01 14:00:00', NULL),
(1989, 58, 5, '1', '2020-01-01 14:00:00', '2020-01-01 14:00:00', NULL),
(1990, 59, 5, '1', '2020-01-01 14:00:00', '2020-01-01 14:00:00', NULL),
(1991, 60, 5, '1', '2020-01-01 14:00:00', '2020-01-01 14:00:00', NULL),
(1992, 61, 5, '0', '2020-01-01 14:00:00', '2020-01-01 14:00:00', NULL),
(1993, 62, 5, '0', '2020-01-01 14:00:00', '2020-01-01 14:00:00', NULL),
(1994, 63, 5, '1', '2020-01-01 14:00:00', '2020-01-01 14:00:00', NULL),
(1995, 64, 5, '1', '2020-01-01 14:00:00', '2020-01-01 14:00:00', NULL),
(1996, 44, 6, '0', '2020-01-23 13:00:00', '2020-01-23 13:00:00', NULL),
(1997, 45, 6, '1', '2020-01-23 13:00:00', '2020-01-23 13:00:00', NULL),
(1998, 46, 6, '1', '2020-01-23 13:00:00', '2020-01-23 13:00:00', NULL),
(1999, 47, 6, '0', '2020-01-23 13:00:00', '2020-01-23 13:00:00', NULL),
(2000, 48, 6, '0', '2020-01-23 13:00:00', '2020-01-23 13:00:00', NULL),
(2001, 49, 6, '0', '2020-01-23 13:00:00', '2020-01-23 13:00:00', NULL),
(2002, 50, 6, '1', '2020-01-23 13:00:00', '2020-01-23 13:00:00', NULL),
(2003, 51, 6, '0', '2020-01-23 13:00:00', '2020-01-23 13:00:00', NULL),
(2004, 52, 6, '0', '2020-01-23 13:00:00', '2020-01-23 13:00:00', NULL),
(2005, 53, 6, '0', '2020-01-23 13:00:00', '2020-01-23 13:00:00', NULL),
(2006, 54, 6, '0', '2020-01-23 13:00:00', '2020-01-23 13:00:00', NULL),
(2007, 55, 6, '1', '2020-01-23 13:00:00', '2020-01-23 13:00:00', NULL),
(2008, 56, 6, '1', '2020-01-23 13:00:00', '2020-01-23 13:00:00', NULL),
(2009, 57, 6, '1', '2020-01-23 13:00:00', '2020-01-23 13:00:00', NULL),
(2010, 58, 6, '1', '2020-01-23 13:00:00', '2020-01-23 13:00:00', NULL),
(2011, 59, 6, '1', '2020-01-23 13:00:00', '2020-01-23 13:00:00', NULL),
(2012, 60, 6, '1', '2020-01-23 13:00:00', '2020-01-23 13:00:00', NULL),
(2013, 61, 6, '0', '2020-01-23 13:00:00', '2020-01-23 13:00:00', NULL),
(2014, 62, 6, '0', '2020-01-23 13:00:00', '2020-01-23 13:00:00', NULL),
(2015, 63, 6, '0', '2020-01-23 13:00:00', '2020-01-23 13:00:00', NULL),
(2016, 64, 6, '1', '2020-01-23 13:00:00', '2020-01-23 13:00:00', NULL),
(2017, 44, 6, '1', '2020-01-02 12:00:00', '2020-01-02 12:00:00', NULL),
(2018, 45, 6, '1', '2020-01-02 12:00:00', '2020-01-02 12:00:00', NULL),
(2019, 46, 6, '1', '2020-01-02 12:00:00', '2020-01-02 12:00:00', NULL),
(2020, 47, 6, '0', '2020-01-02 12:00:00', '2020-01-02 12:00:00', NULL),
(2021, 48, 6, '1', '2020-01-02 12:00:00', '2020-01-02 12:00:00', NULL),
(2022, 49, 6, '1', '2020-01-02 12:00:00', '2020-01-02 12:00:00', NULL),
(2023, 50, 6, '0', '2020-01-02 12:00:00', '2020-01-02 12:00:00', NULL),
(2024, 51, 6, '1', '2020-01-02 12:00:00', '2020-01-02 12:00:00', NULL),
(2025, 52, 6, '1', '2020-01-02 12:00:00', '2020-01-02 12:00:00', NULL),
(2026, 53, 6, '0', '2020-01-02 12:00:00', '2020-01-02 12:00:00', NULL),
(2027, 54, 6, '0', '2020-01-02 12:00:00', '2020-01-02 12:00:00', NULL),
(2028, 55, 6, '0', '2020-01-02 12:00:00', '2020-01-02 12:00:00', NULL),
(2029, 56, 6, '1', '2020-01-02 12:00:00', '2020-01-02 12:00:00', NULL),
(2030, 57, 6, '1', '2020-01-02 12:00:00', '2020-01-02 12:00:00', NULL),
(2031, 58, 6, '1', '2020-01-02 12:00:00', '2020-01-02 12:00:00', NULL),
(2032, 59, 6, '1', '2020-01-02 12:00:00', '2020-01-02 12:00:00', NULL),
(2033, 60, 6, '1', '2020-01-02 12:00:00', '2020-01-02 12:00:00', NULL),
(2034, 61, 6, '0', '2020-01-02 12:00:00', '2020-01-02 12:00:00', NULL),
(2035, 62, 6, '1', '2020-01-02 12:00:00', '2020-01-02 12:00:00', NULL),
(2036, 63, 6, '1', '2020-01-02 12:00:00', '2020-01-02 12:00:00', NULL),
(2037, 64, 6, '0', '2020-01-02 12:00:00', '2020-01-02 12:00:00', NULL),
(2038, 44, 6, '1', '2020-01-02 12:00:00', '2020-01-02 12:00:00', NULL),
(2039, 45, 6, '1', '2020-01-02 12:00:00', '2020-01-02 12:00:00', NULL),
(2040, 46, 6, '0', '2020-01-02 12:00:00', '2020-01-02 12:00:00', NULL),
(2041, 47, 6, '0', '2020-01-02 12:00:00', '2020-01-02 12:00:00', NULL),
(2042, 48, 6, '0', '2020-01-02 12:00:00', '2020-01-02 12:00:00', NULL),
(2043, 49, 6, '0', '2020-01-02 12:00:00', '2020-01-02 12:00:00', NULL),
(2044, 50, 6, '0', '2020-01-02 12:00:00', '2020-01-02 12:00:00', NULL),
(2045, 51, 6, '0', '2020-01-02 12:00:00', '2020-01-02 12:00:00', NULL),
(2046, 52, 6, '0', '2020-01-02 12:00:00', '2020-01-02 12:00:00', NULL),
(2047, 53, 6, '1', '2020-01-02 12:00:00', '2020-01-02 12:00:00', NULL),
(2048, 54, 6, '0', '2020-01-02 12:00:00', '2020-01-02 12:00:00', NULL),
(2049, 55, 6, '0', '2020-01-02 12:00:00', '2020-01-02 12:00:00', NULL),
(2050, 56, 6, '0', '2020-01-02 12:00:00', '2020-01-02 12:00:00', NULL),
(2051, 57, 6, '0', '2020-01-02 12:00:00', '2020-01-02 12:00:00', NULL),
(2052, 58, 6, '0', '2020-01-02 12:00:00', '2020-01-02 12:00:00', NULL),
(2053, 59, 6, '0', '2020-01-02 12:00:00', '2020-01-02 12:00:00', NULL),
(2054, 60, 6, '0', '2020-01-02 12:00:00', '2020-01-02 12:00:00', NULL),
(2055, 61, 6, '1', '2020-01-02 12:00:00', '2020-01-02 12:00:00', NULL),
(2056, 62, 6, '0', '2020-01-02 12:00:00', '2020-01-02 12:00:00', NULL),
(2057, 63, 6, '0', '2020-01-02 12:00:00', '2020-01-02 12:00:00', NULL),
(2058, 64, 6, '1', '2020-01-02 12:00:00', '2020-01-02 12:00:00', NULL),
(2059, 44, 7, '1', '2020-01-26 08:00:00', '2020-01-26 08:00:00', NULL),
(2060, 45, 7, '0', '2020-01-26 08:00:00', '2020-01-26 08:00:00', NULL),
(2061, 46, 7, '1', '2020-01-26 08:00:00', '2020-01-26 08:00:00', NULL),
(2062, 47, 7, '0', '2020-01-26 08:00:00', '2020-01-26 08:00:00', NULL),
(2063, 48, 7, '1', '2020-01-26 08:00:00', '2020-01-26 08:00:00', NULL),
(2064, 49, 7, '0', '2020-01-26 08:00:00', '2020-01-26 08:00:00', NULL),
(2065, 50, 7, '0', '2020-01-26 08:00:00', '2020-01-26 08:00:00', NULL),
(2066, 51, 7, '1', '2020-01-26 08:00:00', '2020-01-26 08:00:00', NULL),
(2067, 52, 7, '0', '2020-01-26 08:00:00', '2020-01-26 08:00:00', NULL),
(2068, 53, 7, '0', '2020-01-26 08:00:00', '2020-01-26 08:00:00', NULL),
(2069, 54, 7, '0', '2020-01-26 08:00:00', '2020-01-26 08:00:00', NULL),
(2070, 55, 7, '0', '2020-01-26 08:00:00', '2020-01-26 08:00:00', NULL),
(2071, 56, 7, '1', '2020-01-26 08:00:00', '2020-01-26 08:00:00', NULL),
(2072, 57, 7, '0', '2020-01-26 08:00:00', '2020-01-26 08:00:00', NULL),
(2073, 58, 7, '0', '2020-01-26 08:00:00', '2020-01-26 08:00:00', NULL),
(2074, 59, 7, '1', '2020-01-26 08:00:00', '2020-01-26 08:00:00', NULL),
(2075, 60, 7, '1', '2020-01-26 08:00:00', '2020-01-26 08:00:00', NULL),
(2076, 61, 7, '1', '2020-01-26 08:00:00', '2020-01-26 08:00:00', NULL),
(2077, 62, 7, '1', '2020-01-26 08:00:00', '2020-01-26 08:00:00', NULL),
(2078, 63, 7, '0', '2020-01-26 08:00:00', '2020-01-26 08:00:00', NULL),
(2079, 64, 7, '0', '2020-01-26 08:00:00', '2020-01-26 08:00:00', NULL),
(2080, 44, 7, '0', '2020-01-28 13:00:00', '2020-01-28 13:00:00', NULL),
(2081, 45, 7, '0', '2020-01-28 13:00:00', '2020-01-28 13:00:00', NULL),
(2082, 46, 7, '1', '2020-01-28 13:00:00', '2020-01-28 13:00:00', NULL),
(2083, 47, 7, '0', '2020-01-28 13:00:00', '2020-01-28 13:00:00', NULL),
(2084, 48, 7, '0', '2020-01-28 13:00:00', '2020-01-28 13:00:00', NULL),
(2085, 49, 7, '0', '2020-01-28 13:00:00', '2020-01-28 13:00:00', NULL),
(2086, 50, 7, '1', '2020-01-28 13:00:00', '2020-01-28 13:00:00', NULL),
(2087, 51, 7, '1', '2020-01-28 13:00:00', '2020-01-28 13:00:00', NULL),
(2088, 52, 7, '1', '2020-01-28 13:00:00', '2020-01-28 13:00:00', NULL),
(2089, 53, 7, '1', '2020-01-28 13:00:00', '2020-01-28 13:00:00', NULL),
(2090, 54, 7, '1', '2020-01-28 13:00:00', '2020-01-28 13:00:00', NULL),
(2091, 55, 7, '1', '2020-01-28 13:00:00', '2020-01-28 13:00:00', NULL),
(2092, 56, 7, '1', '2020-01-28 13:00:00', '2020-01-28 13:00:00', NULL),
(2093, 57, 7, '1', '2020-01-28 13:00:00', '2020-01-28 13:00:00', NULL),
(2094, 58, 7, '1', '2020-01-28 13:00:00', '2020-01-28 13:00:00', NULL),
(2095, 59, 7, '0', '2020-01-28 13:00:00', '2020-01-28 13:00:00', NULL),
(2096, 60, 7, '0', '2020-01-28 13:00:00', '2020-01-28 13:00:00', NULL),
(2097, 61, 7, '0', '2020-01-28 13:00:00', '2020-01-28 13:00:00', NULL),
(2098, 62, 7, '1', '2020-01-28 13:00:00', '2020-01-28 13:00:00', NULL),
(2099, 63, 7, '0', '2020-01-28 13:00:00', '2020-01-28 13:00:00', NULL),
(2100, 64, 7, '1', '2020-01-28 13:00:00', '2020-01-28 13:00:00', NULL),
(2101, 44, 7, '1', '2020-01-07 07:00:00', '2020-01-07 07:00:00', NULL),
(2102, 45, 7, '1', '2020-01-07 07:00:00', '2020-01-07 07:00:00', NULL),
(2103, 46, 7, '1', '2020-01-07 07:00:00', '2020-01-07 07:00:00', NULL),
(2104, 47, 7, '0', '2020-01-07 07:00:00', '2020-01-07 07:00:00', NULL),
(2105, 48, 7, '1', '2020-01-07 07:00:00', '2020-01-07 07:00:00', NULL),
(2106, 49, 7, '0', '2020-01-07 07:00:00', '2020-01-07 07:00:00', NULL),
(2107, 50, 7, '1', '2020-01-07 07:00:00', '2020-01-07 07:00:00', NULL),
(2108, 51, 7, '0', '2020-01-07 07:00:00', '2020-01-07 07:00:00', NULL),
(2109, 52, 7, '1', '2020-01-07 07:00:00', '2020-01-07 07:00:00', NULL),
(2110, 53, 7, '1', '2020-01-07 07:00:00', '2020-01-07 07:00:00', NULL),
(2111, 54, 7, '0', '2020-01-07 07:00:00', '2020-01-07 07:00:00', NULL),
(2112, 55, 7, '0', '2020-01-07 07:00:00', '2020-01-07 07:00:00', NULL),
(2113, 56, 7, '1', '2020-01-07 07:00:00', '2020-01-07 07:00:00', NULL),
(2114, 57, 7, '0', '2020-01-07 07:00:00', '2020-01-07 07:00:00', NULL),
(2115, 58, 7, '1', '2020-01-07 07:00:00', '2020-01-07 07:00:00', NULL),
(2116, 59, 7, '1', '2020-01-07 07:00:00', '2020-01-07 07:00:00', NULL),
(2117, 60, 7, '0', '2020-01-07 07:00:00', '2020-01-07 07:00:00', NULL),
(2118, 61, 7, '0', '2020-01-07 07:00:00', '2020-01-07 07:00:00', NULL),
(2119, 62, 7, '0', '2020-01-07 07:00:00', '2020-01-07 07:00:00', NULL),
(2120, 63, 7, '1', '2020-01-07 07:00:00', '2020-01-07 07:00:00', NULL),
(2121, 64, 7, '1', '2020-01-07 07:00:00', '2020-01-07 07:00:00', NULL),
(2122, 44, 8, '0', '2020-01-03 11:00:00', '2020-01-03 11:00:00', NULL),
(2123, 45, 8, '0', '2020-01-03 11:00:00', '2020-01-03 11:00:00', NULL),
(2124, 46, 8, '1', '2020-01-03 11:00:00', '2020-01-03 11:00:00', NULL),
(2125, 47, 8, '1', '2020-01-03 11:00:00', '2020-01-03 11:00:00', NULL),
(2126, 48, 8, '1', '2020-01-03 11:00:00', '2020-01-03 11:00:00', NULL),
(2127, 49, 8, '1', '2020-01-03 11:00:00', '2020-01-03 11:00:00', NULL),
(2128, 50, 8, '0', '2020-01-03 11:00:00', '2020-01-03 11:00:00', NULL),
(2129, 51, 8, '0', '2020-01-03 11:00:00', '2020-01-03 11:00:00', NULL),
(2130, 52, 8, '1', '2020-01-03 11:00:00', '2020-01-03 11:00:00', NULL),
(2131, 53, 8, '0', '2020-01-03 11:00:00', '2020-01-03 11:00:00', NULL),
(2132, 54, 8, '1', '2020-01-03 11:00:00', '2020-01-03 11:00:00', NULL),
(2133, 55, 8, '0', '2020-01-03 11:00:00', '2020-01-03 11:00:00', NULL),
(2134, 56, 8, '1', '2020-01-03 11:00:00', '2020-01-03 11:00:00', NULL),
(2135, 57, 8, '0', '2020-01-03 11:00:00', '2020-01-03 11:00:00', NULL),
(2136, 58, 8, '0', '2020-01-03 11:00:00', '2020-01-03 11:00:00', NULL),
(2137, 59, 8, '1', '2020-01-03 11:00:00', '2020-01-03 11:00:00', NULL),
(2138, 60, 8, '1', '2020-01-03 11:00:00', '2020-01-03 11:00:00', NULL),
(2139, 61, 8, '1', '2020-01-03 11:00:00', '2020-01-03 11:00:00', NULL),
(2140, 62, 8, '0', '2020-01-03 11:00:00', '2020-01-03 11:00:00', NULL),
(2141, 63, 8, '1', '2020-01-03 11:00:00', '2020-01-03 11:00:00', NULL),
(2142, 64, 8, '0', '2020-01-03 11:00:00', '2020-01-03 11:00:00', NULL),
(2143, 44, 8, '1', '2020-01-05 07:00:00', '2020-01-05 07:00:00', NULL),
(2144, 45, 8, '0', '2020-01-05 07:00:00', '2020-01-05 07:00:00', NULL),
(2145, 46, 8, '0', '2020-01-05 07:00:00', '2020-01-05 07:00:00', NULL),
(2146, 47, 8, '1', '2020-01-05 07:00:00', '2020-01-05 07:00:00', NULL),
(2147, 48, 8, '0', '2020-01-05 07:00:00', '2020-01-05 07:00:00', NULL),
(2148, 49, 8, '1', '2020-01-05 07:00:00', '2020-01-05 07:00:00', NULL);
INSERT INTO `journals` (`id`, `student_id`, `subject_id`, `value`, `created_at`, `updated_at`, `deleted_at`) VALUES
(2149, 50, 8, '0', '2020-01-05 07:00:00', '2020-01-05 07:00:00', NULL),
(2150, 51, 8, '0', '2020-01-05 07:00:00', '2020-01-05 07:00:00', NULL),
(2151, 52, 8, '1', '2020-01-05 07:00:00', '2020-01-05 07:00:00', NULL),
(2152, 53, 8, '1', '2020-01-05 07:00:00', '2020-01-05 07:00:00', NULL),
(2153, 54, 8, '1', '2020-01-05 07:00:00', '2020-01-05 07:00:00', NULL),
(2154, 55, 8, '1', '2020-01-05 07:00:00', '2020-01-05 07:00:00', NULL),
(2155, 56, 8, '0', '2020-01-05 07:00:00', '2020-01-05 07:00:00', NULL),
(2156, 57, 8, '0', '2020-01-05 07:00:00', '2020-01-05 07:00:00', NULL),
(2157, 58, 8, '0', '2020-01-05 07:00:00', '2020-01-05 07:00:00', NULL),
(2158, 59, 8, '0', '2020-01-05 07:00:00', '2020-01-05 07:00:00', NULL),
(2159, 60, 8, '1', '2020-01-05 07:00:00', '2020-01-05 07:00:00', NULL),
(2160, 61, 8, '0', '2020-01-05 07:00:00', '2020-01-05 07:00:00', NULL),
(2161, 62, 8, '1', '2020-01-05 07:00:00', '2020-01-05 07:00:00', NULL),
(2162, 63, 8, '0', '2020-01-05 07:00:00', '2020-01-05 07:00:00', NULL),
(2163, 64, 8, '0', '2020-01-05 07:00:00', '2020-01-05 07:00:00', NULL),
(2164, 44, 8, '1', '2020-01-25 10:00:00', '2020-01-25 10:00:00', NULL),
(2165, 45, 8, '0', '2020-01-25 10:00:00', '2020-01-25 10:00:00', NULL),
(2166, 46, 8, '0', '2020-01-25 10:00:00', '2020-01-25 10:00:00', NULL),
(2167, 47, 8, '1', '2020-01-25 10:00:00', '2020-01-25 10:00:00', NULL),
(2168, 48, 8, '0', '2020-01-25 10:00:00', '2020-01-25 10:00:00', NULL),
(2169, 49, 8, '0', '2020-01-25 10:00:00', '2020-01-25 10:00:00', NULL),
(2170, 50, 8, '1', '2020-01-25 10:00:00', '2020-01-25 10:00:00', NULL),
(2171, 51, 8, '0', '2020-01-25 10:00:00', '2020-01-25 10:00:00', NULL),
(2172, 52, 8, '1', '2020-01-25 10:00:00', '2020-01-25 10:00:00', NULL),
(2173, 53, 8, '1', '2020-01-25 10:00:00', '2020-01-25 10:00:00', NULL),
(2174, 54, 8, '1', '2020-01-25 10:00:00', '2020-01-25 10:00:00', NULL),
(2175, 55, 8, '0', '2020-01-25 10:00:00', '2020-01-25 10:00:00', NULL),
(2176, 56, 8, '1', '2020-01-25 10:00:00', '2020-01-25 10:00:00', NULL),
(2177, 57, 8, '0', '2020-01-25 10:00:00', '2020-01-25 10:00:00', NULL),
(2178, 58, 8, '0', '2020-01-25 10:00:00', '2020-01-25 10:00:00', NULL),
(2179, 59, 8, '1', '2020-01-25 10:00:00', '2020-01-25 10:00:00', NULL),
(2180, 60, 8, '0', '2020-01-25 10:00:00', '2020-01-25 10:00:00', NULL),
(2181, 61, 8, '1', '2020-01-25 10:00:00', '2020-01-25 10:00:00', NULL),
(2182, 62, 8, '0', '2020-01-25 10:00:00', '2020-01-25 10:00:00', NULL),
(2183, 63, 8, '1', '2020-01-25 10:00:00', '2020-01-25 10:00:00', NULL),
(2184, 64, 8, '1', '2020-01-25 10:00:00', '2020-01-25 10:00:00', NULL),
(2185, 44, 9, '1', '2020-01-19 15:00:00', '2020-01-19 15:00:00', NULL),
(2186, 45, 9, '1', '2020-01-19 15:00:00', '2020-01-19 15:00:00', NULL),
(2187, 46, 9, '1', '2020-01-19 15:00:00', '2020-01-19 15:00:00', NULL),
(2188, 47, 9, '1', '2020-01-19 15:00:00', '2020-01-19 15:00:00', NULL),
(2189, 48, 9, '1', '2020-01-19 15:00:00', '2020-01-19 15:00:00', NULL),
(2190, 49, 9, '0', '2020-01-19 15:00:00', '2020-01-19 15:00:00', NULL),
(2191, 50, 9, '1', '2020-01-19 15:00:00', '2020-01-19 15:00:00', NULL),
(2192, 51, 9, '1', '2020-01-19 15:00:00', '2020-01-19 15:00:00', NULL),
(2193, 52, 9, '1', '2020-01-19 15:00:00', '2020-01-19 15:00:00', NULL),
(2194, 53, 9, '0', '2020-01-19 15:00:00', '2020-01-19 15:00:00', NULL),
(2195, 54, 9, '1', '2020-01-19 15:00:00', '2020-01-19 15:00:00', NULL),
(2196, 55, 9, '0', '2020-01-19 15:00:00', '2020-01-19 15:00:00', NULL),
(2197, 56, 9, '0', '2020-01-19 15:00:00', '2020-01-19 15:00:00', NULL),
(2198, 57, 9, '1', '2020-01-19 15:00:00', '2020-01-19 15:00:00', NULL),
(2199, 58, 9, '1', '2020-01-19 15:00:00', '2020-01-19 15:00:00', NULL),
(2200, 59, 9, '1', '2020-01-19 15:00:00', '2020-01-19 15:00:00', NULL),
(2201, 60, 9, '1', '2020-01-19 15:00:00', '2020-01-19 15:00:00', NULL),
(2202, 61, 9, '1', '2020-01-19 15:00:00', '2020-01-19 15:00:00', NULL),
(2203, 62, 9, '0', '2020-01-19 15:00:00', '2020-01-19 15:00:00', NULL),
(2204, 63, 9, '1', '2020-01-19 15:00:00', '2020-01-19 15:00:00', NULL),
(2205, 64, 9, '1', '2020-01-19 15:00:00', '2020-01-19 15:00:00', NULL),
(2206, 44, 9, '1', '2020-01-11 06:00:00', '2020-01-11 06:00:00', NULL),
(2207, 45, 9, '1', '2020-01-11 06:00:00', '2020-01-11 06:00:00', NULL),
(2208, 46, 9, '0', '2020-01-11 06:00:00', '2020-01-11 06:00:00', NULL),
(2209, 47, 9, '1', '2020-01-11 06:00:00', '2020-01-11 06:00:00', NULL),
(2210, 48, 9, '1', '2020-01-11 06:00:00', '2020-01-11 06:00:00', NULL),
(2211, 49, 9, '0', '2020-01-11 06:00:00', '2020-01-11 06:00:00', NULL),
(2212, 50, 9, '1', '2020-01-11 06:00:00', '2020-01-11 06:00:00', NULL),
(2213, 51, 9, '1', '2020-01-11 06:00:00', '2020-01-11 06:00:00', NULL),
(2214, 52, 9, '1', '2020-01-11 06:00:00', '2020-01-11 06:00:00', NULL),
(2215, 53, 9, '1', '2020-01-11 06:00:00', '2020-01-11 06:00:00', NULL),
(2216, 54, 9, '0', '2020-01-11 06:00:00', '2020-01-11 06:00:00', NULL),
(2217, 55, 9, '1', '2020-01-11 06:00:00', '2020-01-11 06:00:00', NULL),
(2218, 56, 9, '1', '2020-01-11 06:00:00', '2020-01-11 06:00:00', NULL),
(2219, 57, 9, '1', '2020-01-11 06:00:00', '2020-01-11 06:00:00', NULL),
(2220, 58, 9, '0', '2020-01-11 06:00:00', '2020-01-11 06:00:00', NULL),
(2221, 59, 9, '1', '2020-01-11 06:00:00', '2020-01-11 06:00:00', NULL),
(2222, 60, 9, '1', '2020-01-11 06:00:00', '2020-01-11 06:00:00', NULL),
(2223, 61, 9, '0', '2020-01-11 06:00:00', '2020-01-11 06:00:00', NULL),
(2224, 62, 9, '1', '2020-01-11 06:00:00', '2020-01-11 06:00:00', NULL),
(2225, 63, 9, '1', '2020-01-11 06:00:00', '2020-01-11 06:00:00', NULL),
(2226, 64, 9, '1', '2020-01-11 06:00:00', '2020-01-11 06:00:00', NULL),
(2227, 44, 9, '0', '2020-01-16 14:00:00', '2020-01-16 14:00:00', NULL),
(2228, 45, 9, '0', '2020-01-16 14:00:00', '2020-01-16 14:00:00', NULL),
(2229, 46, 9, '0', '2020-01-16 14:00:00', '2020-01-16 14:00:00', NULL),
(2230, 47, 9, '0', '2020-01-16 14:00:00', '2020-01-16 14:00:00', NULL),
(2231, 48, 9, '0', '2020-01-16 14:00:00', '2020-01-16 14:00:00', NULL),
(2232, 49, 9, '0', '2020-01-16 14:00:00', '2020-01-16 14:00:00', NULL),
(2233, 50, 9, '0', '2020-01-16 14:00:00', '2020-01-16 14:00:00', NULL),
(2234, 51, 9, '0', '2020-01-16 14:00:00', '2020-01-16 14:00:00', NULL),
(2235, 52, 9, '1', '2020-01-16 14:00:00', '2020-01-16 14:00:00', NULL),
(2236, 53, 9, '1', '2020-01-16 14:00:00', '2020-01-16 14:00:00', NULL),
(2237, 54, 9, '0', '2020-01-16 14:00:00', '2020-01-16 14:00:00', NULL),
(2238, 55, 9, '1', '2020-01-16 14:00:00', '2020-01-16 14:00:00', NULL),
(2239, 56, 9, '0', '2020-01-16 14:00:00', '2020-01-16 14:00:00', NULL),
(2240, 57, 9, '0', '2020-01-16 14:00:00', '2020-01-16 14:00:00', NULL),
(2241, 58, 9, '0', '2020-01-16 14:00:00', '2020-01-16 14:00:00', NULL),
(2242, 59, 9, '1', '2020-01-16 14:00:00', '2020-01-16 14:00:00', NULL),
(2243, 60, 9, '0', '2020-01-16 14:00:00', '2020-01-16 14:00:00', NULL),
(2244, 61, 9, '1', '2020-01-16 14:00:00', '2020-01-16 14:00:00', NULL),
(2245, 62, 9, '1', '2020-01-16 14:00:00', '2020-01-16 14:00:00', NULL),
(2246, 63, 9, '0', '2020-01-16 14:00:00', '2020-01-16 14:00:00', NULL),
(2247, 64, 9, '0', '2020-01-16 14:00:00', '2020-01-16 14:00:00', NULL),
(2248, 44, 10, '0', '2020-01-23 11:00:00', '2020-01-23 11:00:00', NULL),
(2249, 45, 10, '1', '2020-01-23 11:00:00', '2020-01-23 11:00:00', NULL),
(2250, 46, 10, '0', '2020-01-23 11:00:00', '2020-01-23 11:00:00', NULL),
(2251, 47, 10, '0', '2020-01-23 11:00:00', '2020-01-23 11:00:00', NULL),
(2252, 48, 10, '1', '2020-01-23 11:00:00', '2020-01-23 11:00:00', NULL),
(2253, 49, 10, '1', '2020-01-23 11:00:00', '2020-01-23 11:00:00', NULL),
(2254, 50, 10, '1', '2020-01-23 11:00:00', '2020-01-23 11:00:00', NULL),
(2255, 51, 10, '1', '2020-01-23 11:00:00', '2020-01-23 11:00:00', NULL),
(2256, 52, 10, '1', '2020-01-23 11:00:00', '2020-01-23 11:00:00', NULL),
(2257, 53, 10, '1', '2020-01-23 11:00:00', '2020-01-23 11:00:00', NULL),
(2258, 54, 10, '1', '2020-01-23 11:00:00', '2020-01-23 11:00:00', NULL),
(2259, 55, 10, '1', '2020-01-23 11:00:00', '2020-01-23 11:00:00', NULL),
(2260, 56, 10, '0', '2020-01-23 11:00:00', '2020-01-23 11:00:00', NULL),
(2261, 57, 10, '0', '2020-01-23 11:00:00', '2020-01-23 11:00:00', NULL),
(2262, 58, 10, '0', '2020-01-23 11:00:00', '2020-01-23 11:00:00', NULL),
(2263, 59, 10, '1', '2020-01-23 11:00:00', '2020-01-23 11:00:00', NULL),
(2264, 60, 10, '1', '2020-01-23 11:00:00', '2020-01-23 11:00:00', NULL),
(2265, 61, 10, '0', '2020-01-23 11:00:00', '2020-01-23 11:00:00', NULL),
(2266, 62, 10, '1', '2020-01-23 11:00:00', '2020-01-23 11:00:00', NULL),
(2267, 63, 10, '0', '2020-01-23 11:00:00', '2020-01-23 11:00:00', NULL),
(2268, 64, 10, '1', '2020-01-23 11:00:00', '2020-01-23 11:00:00', NULL),
(2269, 44, 10, '0', '2020-01-06 15:00:00', '2020-01-06 15:00:00', NULL),
(2270, 45, 10, '0', '2020-01-06 15:00:00', '2020-01-06 15:00:00', NULL),
(2271, 46, 10, '0', '2020-01-06 15:00:00', '2020-01-06 15:00:00', NULL),
(2272, 47, 10, '1', '2020-01-06 15:00:00', '2020-01-06 15:00:00', NULL),
(2273, 48, 10, '0', '2020-01-06 15:00:00', '2020-01-06 15:00:00', NULL),
(2274, 49, 10, '0', '2020-01-06 15:00:00', '2020-01-06 15:00:00', NULL),
(2275, 50, 10, '0', '2020-01-06 15:00:00', '2020-01-06 15:00:00', NULL),
(2276, 51, 10, '1', '2020-01-06 15:00:00', '2020-01-06 15:00:00', NULL),
(2277, 52, 10, '0', '2020-01-06 15:00:00', '2020-01-06 15:00:00', NULL),
(2278, 53, 10, '0', '2020-01-06 15:00:00', '2020-01-06 15:00:00', NULL),
(2279, 54, 10, '1', '2020-01-06 15:00:00', '2020-01-06 15:00:00', NULL),
(2280, 55, 10, '0', '2020-01-06 15:00:00', '2020-01-06 15:00:00', NULL),
(2281, 56, 10, '1', '2020-01-06 15:00:00', '2020-01-06 15:00:00', NULL),
(2282, 57, 10, '0', '2020-01-06 15:00:00', '2020-01-06 15:00:00', NULL),
(2283, 58, 10, '1', '2020-01-06 15:00:00', '2020-01-06 15:00:00', NULL),
(2284, 59, 10, '1', '2020-01-06 15:00:00', '2020-01-06 15:00:00', NULL),
(2285, 60, 10, '1', '2020-01-06 15:00:00', '2020-01-06 15:00:00', NULL),
(2286, 61, 10, '1', '2020-01-06 15:00:00', '2020-01-06 15:00:00', NULL),
(2287, 62, 10, '0', '2020-01-06 15:00:00', '2020-01-06 15:00:00', NULL),
(2288, 63, 10, '1', '2020-01-06 15:00:00', '2020-01-06 15:00:00', NULL),
(2289, 64, 10, '1', '2020-01-06 15:00:00', '2020-01-06 15:00:00', NULL),
(2290, 44, 10, '1', '2020-01-17 12:00:00', '2020-01-17 12:00:00', NULL),
(2291, 45, 10, '0', '2020-01-17 12:00:00', '2020-01-17 12:00:00', NULL),
(2292, 46, 10, '1', '2020-01-17 12:00:00', '2020-01-17 12:00:00', NULL),
(2293, 47, 10, '0', '2020-01-17 12:00:00', '2020-01-17 12:00:00', NULL),
(2294, 48, 10, '0', '2020-01-17 12:00:00', '2020-01-17 12:00:00', NULL),
(2295, 49, 10, '0', '2020-01-17 12:00:00', '2020-01-17 12:00:00', NULL),
(2296, 50, 10, '0', '2020-01-17 12:00:00', '2020-01-17 12:00:00', NULL),
(2297, 51, 10, '0', '2020-01-17 12:00:00', '2020-01-17 12:00:00', NULL),
(2298, 52, 10, '1', '2020-01-17 12:00:00', '2020-01-17 12:00:00', NULL),
(2299, 53, 10, '0', '2020-01-17 12:00:00', '2020-01-17 12:00:00', NULL),
(2300, 54, 10, '1', '2020-01-17 12:00:00', '2020-01-17 12:00:00', NULL),
(2301, 55, 10, '1', '2020-01-17 12:00:00', '2020-01-17 12:00:00', NULL),
(2302, 56, 10, '0', '2020-01-17 12:00:00', '2020-01-17 12:00:00', NULL),
(2303, 57, 10, '1', '2020-01-17 12:00:00', '2020-01-17 12:00:00', NULL),
(2304, 58, 10, '1', '2020-01-17 12:00:00', '2020-01-17 12:00:00', NULL),
(2305, 59, 10, '1', '2020-01-17 12:00:00', '2020-01-17 12:00:00', NULL),
(2306, 60, 10, '1', '2020-01-17 12:00:00', '2020-01-17 12:00:00', NULL),
(2307, 61, 10, '0', '2020-01-17 12:00:00', '2020-01-17 12:00:00', NULL),
(2308, 62, 10, '1', '2020-01-17 12:00:00', '2020-01-17 12:00:00', NULL),
(2309, 63, 10, '1', '2020-01-17 12:00:00', '2020-01-17 12:00:00', NULL),
(2310, 64, 10, '0', '2020-01-17 12:00:00', '2020-01-17 12:00:00', NULL),
(2311, 44, 15, '1', '2020-01-30 13:00:00', '2020-01-30 13:00:00', NULL),
(2312, 45, 15, '1', '2020-01-30 13:00:00', '2020-01-30 13:00:00', NULL),
(2313, 46, 15, '1', '2020-01-30 13:00:00', '2020-01-30 13:00:00', NULL),
(2314, 47, 15, '1', '2020-01-30 13:00:00', '2020-01-30 13:00:00', NULL),
(2315, 48, 15, '0', '2020-01-30 13:00:00', '2020-01-30 13:00:00', NULL),
(2316, 49, 15, '1', '2020-01-30 13:00:00', '2020-01-30 13:00:00', NULL),
(2317, 50, 15, '1', '2020-01-30 13:00:00', '2020-01-30 13:00:00', NULL),
(2318, 51, 15, '1', '2020-01-30 13:00:00', '2020-01-30 13:00:00', NULL),
(2319, 52, 15, '0', '2020-01-30 13:00:00', '2020-01-30 13:00:00', NULL),
(2320, 53, 15, '1', '2020-01-30 13:00:00', '2020-01-30 13:00:00', NULL),
(2321, 54, 15, '1', '2020-01-30 13:00:00', '2020-01-30 13:00:00', NULL),
(2322, 55, 15, '1', '2020-01-30 13:00:00', '2020-01-30 13:00:00', NULL),
(2323, 56, 15, '1', '2020-01-30 13:00:00', '2020-01-30 13:00:00', NULL),
(2324, 57, 15, '0', '2020-01-30 13:00:00', '2020-01-30 13:00:00', NULL),
(2325, 58, 15, '0', '2020-01-30 13:00:00', '2020-01-30 13:00:00', NULL),
(2326, 59, 15, '0', '2020-01-30 13:00:00', '2020-01-30 13:00:00', NULL),
(2327, 60, 15, '0', '2020-01-30 13:00:00', '2020-01-30 13:00:00', NULL),
(2328, 61, 15, '0', '2020-01-30 13:00:00', '2020-01-30 13:00:00', NULL),
(2329, 62, 15, '1', '2020-01-30 13:00:00', '2020-01-30 13:00:00', NULL),
(2330, 63, 15, '0', '2020-01-30 13:00:00', '2020-01-30 13:00:00', NULL),
(2331, 64, 15, '0', '2020-01-30 13:00:00', '2020-01-30 13:00:00', NULL),
(2332, 44, 15, '1', '2020-01-23 13:00:00', '2020-01-23 13:00:00', NULL),
(2333, 45, 15, '0', '2020-01-23 13:00:00', '2020-01-23 13:00:00', NULL),
(2334, 46, 15, '1', '2020-01-23 13:00:00', '2020-01-23 13:00:00', NULL),
(2335, 47, 15, '0', '2020-01-23 13:00:00', '2020-01-23 13:00:00', NULL),
(2336, 48, 15, '0', '2020-01-23 13:00:00', '2020-01-23 13:00:00', NULL),
(2337, 49, 15, '1', '2020-01-23 13:00:00', '2020-01-23 13:00:00', NULL),
(2338, 50, 15, '1', '2020-01-23 13:00:00', '2020-01-23 13:00:00', NULL),
(2339, 51, 15, '0', '2020-01-23 13:00:00', '2020-01-23 13:00:00', NULL),
(2340, 52, 15, '1', '2020-01-23 13:00:00', '2020-01-23 13:00:00', NULL),
(2341, 53, 15, '1', '2020-01-23 13:00:00', '2020-01-23 13:00:00', NULL),
(2342, 54, 15, '1', '2020-01-23 13:00:00', '2020-01-23 13:00:00', NULL),
(2343, 55, 15, '1', '2020-01-23 13:00:00', '2020-01-23 13:00:00', NULL),
(2344, 56, 15, '1', '2020-01-23 13:00:00', '2020-01-23 13:00:00', NULL),
(2345, 57, 15, '0', '2020-01-23 13:00:00', '2020-01-23 13:00:00', NULL),
(2346, 58, 15, '0', '2020-01-23 13:00:00', '2020-01-23 13:00:00', NULL),
(2347, 59, 15, '1', '2020-01-23 13:00:00', '2020-01-23 13:00:00', NULL),
(2348, 60, 15, '0', '2020-01-23 13:00:00', '2020-01-23 13:00:00', NULL),
(2349, 61, 15, '1', '2020-01-23 13:00:00', '2020-01-23 13:00:00', NULL),
(2350, 62, 15, '1', '2020-01-23 13:00:00', '2020-01-23 13:00:00', NULL),
(2351, 63, 15, '0', '2020-01-23 13:00:00', '2020-01-23 13:00:00', NULL),
(2352, 64, 15, '1', '2020-01-23 13:00:00', '2020-01-23 13:00:00', NULL),
(2353, 44, 15, '0', '2020-01-22 09:00:00', '2020-01-22 09:00:00', NULL),
(2354, 45, 15, '0', '2020-01-22 09:00:00', '2020-01-22 09:00:00', NULL),
(2355, 46, 15, '0', '2020-01-22 09:00:00', '2020-01-22 09:00:00', NULL),
(2356, 47, 15, '1', '2020-01-22 09:00:00', '2020-01-22 09:00:00', NULL),
(2357, 48, 15, '0', '2020-01-22 09:00:00', '2020-01-22 09:00:00', NULL),
(2358, 49, 15, '1', '2020-01-22 09:00:00', '2020-01-22 09:00:00', NULL),
(2359, 50, 15, '0', '2020-01-22 09:00:00', '2020-01-22 09:00:00', NULL),
(2360, 51, 15, '0', '2020-01-22 09:00:00', '2020-01-22 09:00:00', NULL),
(2361, 52, 15, '0', '2020-01-22 09:00:00', '2020-01-22 09:00:00', NULL),
(2362, 53, 15, '0', '2020-01-22 09:00:00', '2020-01-22 09:00:00', NULL),
(2363, 54, 15, '0', '2020-01-22 09:00:00', '2020-01-22 09:00:00', NULL),
(2364, 55, 15, '0', '2020-01-22 09:00:00', '2020-01-22 09:00:00', NULL),
(2365, 56, 15, '1', '2020-01-22 09:00:00', '2020-01-22 09:00:00', NULL),
(2366, 57, 15, '1', '2020-01-22 09:00:00', '2020-01-22 09:00:00', NULL),
(2367, 58, 15, '1', '2020-01-22 09:00:00', '2020-01-22 09:00:00', NULL),
(2368, 59, 15, '1', '2020-01-22 09:00:00', '2020-01-22 09:00:00', NULL),
(2369, 60, 15, '1', '2020-01-22 09:00:00', '2020-01-22 09:00:00', NULL),
(2370, 61, 15, '1', '2020-01-22 09:00:00', '2020-01-22 09:00:00', NULL),
(2371, 62, 15, '1', '2020-01-22 09:00:00', '2020-01-22 09:00:00', NULL),
(2372, 63, 15, '1', '2020-01-22 09:00:00', '2020-01-22 09:00:00', NULL),
(2373, 64, 15, '1', '2020-01-22 09:00:00', '2020-01-22 09:00:00', NULL),
(2374, 44, 16, '1', '2020-01-01 07:00:00', '2020-01-01 07:00:00', NULL),
(2375, 45, 16, '1', '2020-01-01 07:00:00', '2020-01-01 07:00:00', NULL),
(2376, 46, 16, '0', '2020-01-01 07:00:00', '2020-01-01 07:00:00', NULL),
(2377, 47, 16, '1', '2020-01-01 07:00:00', '2020-01-01 07:00:00', NULL),
(2378, 48, 16, '1', '2020-01-01 07:00:00', '2020-01-01 07:00:00', NULL),
(2379, 49, 16, '0', '2020-01-01 07:00:00', '2020-01-01 07:00:00', NULL),
(2380, 50, 16, '0', '2020-01-01 07:00:00', '2020-01-01 07:00:00', NULL),
(2381, 51, 16, '0', '2020-01-01 07:00:00', '2020-01-01 07:00:00', NULL),
(2382, 52, 16, '1', '2020-01-01 07:00:00', '2020-01-01 07:00:00', NULL),
(2383, 53, 16, '0', '2020-01-01 07:00:00', '2020-01-01 07:00:00', NULL),
(2384, 54, 16, '1', '2020-01-01 07:00:00', '2020-01-01 07:00:00', NULL),
(2385, 55, 16, '0', '2020-01-01 07:00:00', '2020-01-01 07:00:00', NULL),
(2386, 56, 16, '0', '2020-01-01 07:00:00', '2020-01-01 07:00:00', NULL),
(2387, 57, 16, '1', '2020-01-01 07:00:00', '2020-01-01 07:00:00', NULL),
(2388, 58, 16, '0', '2020-01-01 07:00:00', '2020-01-01 07:00:00', NULL),
(2389, 59, 16, '1', '2020-01-01 07:00:00', '2020-01-01 07:00:00', NULL),
(2390, 60, 16, '1', '2020-01-01 07:00:00', '2020-01-01 07:00:00', NULL),
(2391, 61, 16, '0', '2020-01-01 07:00:00', '2020-01-01 07:00:00', NULL),
(2392, 62, 16, '1', '2020-01-01 07:00:00', '2020-01-01 07:00:00', NULL),
(2393, 63, 16, '0', '2020-01-01 07:00:00', '2020-01-01 07:00:00', NULL),
(2394, 64, 16, '0', '2020-01-01 07:00:00', '2020-01-01 07:00:00', NULL),
(2395, 44, 16, '0', '2020-01-19 12:00:00', '2020-01-19 12:00:00', NULL),
(2396, 45, 16, '1', '2020-01-19 12:00:00', '2020-01-19 12:00:00', NULL),
(2397, 46, 16, '1', '2020-01-19 12:00:00', '2020-01-19 12:00:00', NULL),
(2398, 47, 16, '0', '2020-01-19 12:00:00', '2020-01-19 12:00:00', NULL),
(2399, 48, 16, '1', '2020-01-19 12:00:00', '2020-01-19 12:00:00', NULL),
(2400, 49, 16, '0', '2020-01-19 12:00:00', '2020-01-19 12:00:00', NULL),
(2401, 50, 16, '1', '2020-01-19 12:00:00', '2020-01-19 12:00:00', NULL),
(2402, 51, 16, '0', '2020-01-19 12:00:00', '2020-01-19 12:00:00', NULL),
(2403, 52, 16, '0', '2020-01-19 12:00:00', '2020-01-19 12:00:00', NULL),
(2404, 53, 16, '1', '2020-01-19 12:00:00', '2020-01-19 12:00:00', NULL),
(2405, 54, 16, '1', '2020-01-19 12:00:00', '2020-01-19 12:00:00', NULL),
(2406, 55, 16, '1', '2020-01-19 12:00:00', '2020-01-19 12:00:00', NULL),
(2407, 56, 16, '1', '2020-01-19 12:00:00', '2020-01-19 12:00:00', NULL),
(2408, 57, 16, '0', '2020-01-19 12:00:00', '2020-01-19 12:00:00', NULL),
(2409, 58, 16, '0', '2020-01-19 12:00:00', '2020-01-19 12:00:00', NULL),
(2410, 59, 16, '0', '2020-01-19 12:00:00', '2020-01-19 12:00:00', NULL),
(2411, 60, 16, '1', '2020-01-19 12:00:00', '2020-01-19 12:00:00', NULL),
(2412, 61, 16, '1', '2020-01-19 12:00:00', '2020-01-19 12:00:00', NULL),
(2413, 62, 16, '0', '2020-01-19 12:00:00', '2020-01-19 12:00:00', NULL),
(2414, 63, 16, '0', '2020-01-19 12:00:00', '2020-01-19 12:00:00', NULL),
(2415, 64, 16, '0', '2020-01-19 12:00:00', '2020-01-19 12:00:00', NULL),
(2416, 44, 16, '1', '2020-01-20 10:00:00', '2020-01-20 10:00:00', NULL),
(2417, 45, 16, '0', '2020-01-20 10:00:00', '2020-01-20 10:00:00', NULL),
(2418, 46, 16, '0', '2020-01-20 10:00:00', '2020-01-20 10:00:00', NULL),
(2419, 47, 16, '1', '2020-01-20 10:00:00', '2020-01-20 10:00:00', NULL),
(2420, 48, 16, '1', '2020-01-20 10:00:00', '2020-01-20 10:00:00', NULL),
(2421, 49, 16, '1', '2020-01-20 10:00:00', '2020-01-20 10:00:00', NULL),
(2422, 50, 16, '0', '2020-01-20 10:00:00', '2020-01-20 10:00:00', NULL),
(2423, 51, 16, '0', '2020-01-20 10:00:00', '2020-01-20 10:00:00', NULL),
(2424, 52, 16, '0', '2020-01-20 10:00:00', '2020-01-20 10:00:00', NULL),
(2425, 53, 16, '1', '2020-01-20 10:00:00', '2020-01-20 10:00:00', NULL),
(2426, 54, 16, '0', '2020-01-20 10:00:00', '2020-01-20 10:00:00', NULL),
(2427, 55, 16, '0', '2020-01-20 10:00:00', '2020-01-20 10:00:00', NULL),
(2428, 56, 16, '0', '2020-01-20 10:00:00', '2020-01-20 10:00:00', NULL),
(2429, 57, 16, '0', '2020-01-20 10:00:00', '2020-01-20 10:00:00', NULL),
(2430, 58, 16, '0', '2020-01-20 10:00:00', '2020-01-20 10:00:00', NULL),
(2431, 59, 16, '1', '2020-01-20 10:00:00', '2020-01-20 10:00:00', NULL),
(2432, 60, 16, '0', '2020-01-20 10:00:00', '2020-01-20 10:00:00', NULL),
(2433, 61, 16, '1', '2020-01-20 10:00:00', '2020-01-20 10:00:00', NULL),
(2434, 62, 16, '1', '2020-01-20 10:00:00', '2020-01-20 10:00:00', NULL),
(2435, 63, 16, '1', '2020-01-20 10:00:00', '2020-01-20 10:00:00', NULL),
(2436, 64, 16, '0', '2020-01-20 10:00:00', '2020-01-20 10:00:00', NULL),
(2437, 44, 17, '0', '2020-01-04 07:00:00', '2020-01-04 07:00:00', NULL),
(2438, 45, 17, '0', '2020-01-04 07:00:00', '2020-01-04 07:00:00', NULL),
(2439, 46, 17, '0', '2020-01-04 07:00:00', '2020-01-04 07:00:00', NULL),
(2440, 47, 17, '1', '2020-01-04 07:00:00', '2020-01-04 07:00:00', NULL),
(2441, 48, 17, '1', '2020-01-04 07:00:00', '2020-01-04 07:00:00', NULL),
(2442, 49, 17, '0', '2020-01-04 07:00:00', '2020-01-04 07:00:00', NULL),
(2443, 50, 17, '0', '2020-01-04 07:00:00', '2020-01-04 07:00:00', NULL),
(2444, 51, 17, '1', '2020-01-04 07:00:00', '2020-01-04 07:00:00', NULL),
(2445, 52, 17, '0', '2020-01-04 07:00:00', '2020-01-04 07:00:00', NULL),
(2446, 53, 17, '0', '2020-01-04 07:00:00', '2020-01-04 07:00:00', NULL),
(2447, 54, 17, '1', '2020-01-04 07:00:00', '2020-01-04 07:00:00', NULL),
(2448, 55, 17, '1', '2020-01-04 07:00:00', '2020-01-04 07:00:00', NULL),
(2449, 56, 17, '1', '2020-01-04 07:00:00', '2020-01-04 07:00:00', NULL),
(2450, 57, 17, '0', '2020-01-04 07:00:00', '2020-01-04 07:00:00', NULL),
(2451, 58, 17, '1', '2020-01-04 07:00:00', '2020-01-04 07:00:00', NULL),
(2452, 59, 17, '0', '2020-01-04 07:00:00', '2020-01-04 07:00:00', NULL),
(2453, 60, 17, '0', '2020-01-04 07:00:00', '2020-01-04 07:00:00', NULL),
(2454, 61, 17, '1', '2020-01-04 07:00:00', '2020-01-04 07:00:00', NULL),
(2455, 62, 17, '0', '2020-01-04 07:00:00', '2020-01-04 07:00:00', NULL),
(2456, 63, 17, '0', '2020-01-04 07:00:00', '2020-01-04 07:00:00', NULL),
(2457, 64, 17, '1', '2020-01-04 07:00:00', '2020-01-04 07:00:00', NULL),
(2458, 44, 17, '0', '2020-01-29 06:00:00', '2020-01-29 06:00:00', NULL),
(2459, 45, 17, '1', '2020-01-29 06:00:00', '2020-01-29 06:00:00', NULL),
(2460, 46, 17, '1', '2020-01-29 06:00:00', '2020-01-29 06:00:00', NULL),
(2461, 47, 17, '1', '2020-01-29 06:00:00', '2020-01-29 06:00:00', NULL),
(2462, 48, 17, '1', '2020-01-29 06:00:00', '2020-01-29 06:00:00', NULL),
(2463, 49, 17, '0', '2020-01-29 06:00:00', '2020-01-29 06:00:00', NULL),
(2464, 50, 17, '1', '2020-01-29 06:00:00', '2020-01-29 06:00:00', NULL),
(2465, 51, 17, '0', '2020-01-29 06:00:00', '2020-01-29 06:00:00', NULL),
(2466, 52, 17, '0', '2020-01-29 06:00:00', '2020-01-29 06:00:00', NULL),
(2467, 53, 17, '1', '2020-01-29 06:00:00', '2020-01-29 06:00:00', NULL),
(2468, 54, 17, '0', '2020-01-29 06:00:00', '2020-01-29 06:00:00', NULL),
(2469, 55, 17, '0', '2020-01-29 06:00:00', '2020-01-29 06:00:00', NULL),
(2470, 56, 17, '0', '2020-01-29 06:00:00', '2020-01-29 06:00:00', NULL),
(2471, 57, 17, '0', '2020-01-29 06:00:00', '2020-01-29 06:00:00', NULL),
(2472, 58, 17, '1', '2020-01-29 06:00:00', '2020-01-29 06:00:00', NULL),
(2473, 59, 17, '1', '2020-01-29 06:00:00', '2020-01-29 06:00:00', NULL),
(2474, 60, 17, '1', '2020-01-29 06:00:00', '2020-01-29 06:00:00', NULL),
(2475, 61, 17, '0', '2020-01-29 06:00:00', '2020-01-29 06:00:00', NULL),
(2476, 62, 17, '0', '2020-01-29 06:00:00', '2020-01-29 06:00:00', NULL),
(2477, 63, 17, '1', '2020-01-29 06:00:00', '2020-01-29 06:00:00', NULL),
(2478, 64, 17, '0', '2020-01-29 06:00:00', '2020-01-29 06:00:00', NULL),
(2479, 44, 17, '1', '2020-01-21 10:00:00', '2020-01-21 10:00:00', NULL),
(2480, 45, 17, '1', '2020-01-21 10:00:00', '2020-01-21 10:00:00', NULL),
(2481, 46, 17, '1', '2020-01-21 10:00:00', '2020-01-21 10:00:00', NULL),
(2482, 47, 17, '0', '2020-01-21 10:00:00', '2020-01-21 10:00:00', NULL),
(2483, 48, 17, '1', '2020-01-21 10:00:00', '2020-01-21 10:00:00', NULL),
(2484, 49, 17, '0', '2020-01-21 10:00:00', '2020-01-21 10:00:00', NULL),
(2485, 50, 17, '0', '2020-01-21 10:00:00', '2020-01-21 10:00:00', NULL),
(2486, 51, 17, '0', '2020-01-21 10:00:00', '2020-01-21 10:00:00', NULL),
(2487, 52, 17, '0', '2020-01-21 10:00:00', '2020-01-21 10:00:00', NULL),
(2488, 53, 17, '1', '2020-01-21 10:00:00', '2020-01-21 10:00:00', NULL),
(2489, 54, 17, '1', '2020-01-21 10:00:00', '2020-01-21 10:00:00', NULL),
(2490, 55, 17, '1', '2020-01-21 10:00:00', '2020-01-21 10:00:00', NULL),
(2491, 56, 17, '1', '2020-01-21 10:00:00', '2020-01-21 10:00:00', NULL),
(2492, 57, 17, '0', '2020-01-21 10:00:00', '2020-01-21 10:00:00', NULL),
(2493, 58, 17, '1', '2020-01-21 10:00:00', '2020-01-21 10:00:00', NULL),
(2494, 59, 17, '1', '2020-01-21 10:00:00', '2020-01-21 10:00:00', NULL),
(2495, 60, 17, '1', '2020-01-21 10:00:00', '2020-01-21 10:00:00', NULL),
(2496, 61, 17, '0', '2020-01-21 10:00:00', '2020-01-21 10:00:00', NULL),
(2497, 62, 17, '0', '2020-01-21 10:00:00', '2020-01-21 10:00:00', NULL),
(2498, 63, 17, '0', '2020-01-21 10:00:00', '2020-01-21 10:00:00', NULL),
(2499, 64, 17, '0', '2020-01-21 10:00:00', '2020-01-21 10:00:00', NULL),
(2500, 44, 18, '0', '2020-01-19 12:00:00', '2020-01-19 12:00:00', NULL),
(2501, 45, 18, '1', '2020-01-19 12:00:00', '2020-01-19 12:00:00', NULL),
(2502, 46, 18, '1', '2020-01-19 12:00:00', '2020-01-19 12:00:00', NULL),
(2503, 47, 18, '1', '2020-01-19 12:00:00', '2020-01-19 12:00:00', NULL),
(2504, 48, 18, '0', '2020-01-19 12:00:00', '2020-01-19 12:00:00', NULL),
(2505, 49, 18, '1', '2020-01-19 12:00:00', '2020-01-19 12:00:00', NULL),
(2506, 50, 18, '0', '2020-01-19 12:00:00', '2020-01-19 12:00:00', NULL),
(2507, 51, 18, '0', '2020-01-19 12:00:00', '2020-01-19 12:00:00', NULL),
(2508, 52, 18, '1', '2020-01-19 12:00:00', '2020-01-19 12:00:00', NULL),
(2509, 53, 18, '1', '2020-01-19 12:00:00', '2020-01-19 12:00:00', NULL),
(2510, 54, 18, '1', '2020-01-19 12:00:00', '2020-01-19 12:00:00', NULL),
(2511, 55, 18, '1', '2020-01-19 12:00:00', '2020-01-19 12:00:00', NULL),
(2512, 56, 18, '1', '2020-01-19 12:00:00', '2020-01-19 12:00:00', NULL),
(2513, 57, 18, '1', '2020-01-19 12:00:00', '2020-01-19 12:00:00', NULL),
(2514, 58, 18, '1', '2020-01-19 12:00:00', '2020-01-19 12:00:00', NULL),
(2515, 59, 18, '0', '2020-01-19 12:00:00', '2020-01-19 12:00:00', NULL),
(2516, 60, 18, '0', '2020-01-19 12:00:00', '2020-01-19 12:00:00', NULL),
(2517, 61, 18, '0', '2020-01-19 12:00:00', '2020-01-19 12:00:00', NULL),
(2518, 62, 18, '1', '2020-01-19 12:00:00', '2020-01-19 12:00:00', NULL),
(2519, 63, 18, '0', '2020-01-19 12:00:00', '2020-01-19 12:00:00', NULL),
(2520, 64, 18, '0', '2020-01-19 12:00:00', '2020-01-19 12:00:00', NULL),
(2521, 44, 18, '0', '2020-01-07 14:00:00', '2020-01-07 14:00:00', NULL),
(2522, 45, 18, '1', '2020-01-07 14:00:00', '2020-01-07 14:00:00', NULL),
(2523, 46, 18, '1', '2020-01-07 14:00:00', '2020-01-07 14:00:00', NULL),
(2524, 47, 18, '0', '2020-01-07 14:00:00', '2020-01-07 14:00:00', NULL),
(2525, 48, 18, '0', '2020-01-07 14:00:00', '2020-01-07 14:00:00', NULL),
(2526, 49, 18, '1', '2020-01-07 14:00:00', '2020-01-07 14:00:00', NULL),
(2527, 50, 18, '1', '2020-01-07 14:00:00', '2020-01-07 14:00:00', NULL),
(2528, 51, 18, '1', '2020-01-07 14:00:00', '2020-01-07 14:00:00', NULL),
(2529, 52, 18, '0', '2020-01-07 14:00:00', '2020-01-07 14:00:00', NULL),
(2530, 53, 18, '1', '2020-01-07 14:00:00', '2020-01-07 14:00:00', NULL),
(2531, 54, 18, '1', '2020-01-07 14:00:00', '2020-01-07 14:00:00', NULL),
(2532, 55, 18, '1', '2020-01-07 14:00:00', '2020-01-07 14:00:00', NULL),
(2533, 56, 18, '0', '2020-01-07 14:00:00', '2020-01-07 14:00:00', NULL),
(2534, 57, 18, '0', '2020-01-07 14:00:00', '2020-01-07 14:00:00', NULL),
(2535, 58, 18, '0', '2020-01-07 14:00:00', '2020-01-07 14:00:00', NULL),
(2536, 59, 18, '1', '2020-01-07 14:00:00', '2020-01-07 14:00:00', NULL),
(2537, 60, 18, '0', '2020-01-07 14:00:00', '2020-01-07 14:00:00', NULL),
(2538, 61, 18, '1', '2020-01-07 14:00:00', '2020-01-07 14:00:00', NULL),
(2539, 62, 18, '0', '2020-01-07 14:00:00', '2020-01-07 14:00:00', NULL),
(2540, 63, 18, '0', '2020-01-07 14:00:00', '2020-01-07 14:00:00', NULL),
(2541, 64, 18, '0', '2020-01-07 14:00:00', '2020-01-07 14:00:00', NULL),
(2542, 44, 18, '0', '2020-01-16 14:00:00', '2020-01-16 14:00:00', NULL),
(2543, 45, 18, '1', '2020-01-16 14:00:00', '2020-01-16 14:00:00', NULL),
(2544, 46, 18, '1', '2020-01-16 14:00:00', '2020-01-16 14:00:00', NULL),
(2545, 47, 18, '0', '2020-01-16 14:00:00', '2020-01-16 14:00:00', NULL),
(2546, 48, 18, '0', '2020-01-16 14:00:00', '2020-01-16 14:00:00', NULL),
(2547, 49, 18, '0', '2020-01-16 14:00:00', '2020-01-16 14:00:00', NULL),
(2548, 50, 18, '1', '2020-01-16 14:00:00', '2020-01-16 14:00:00', NULL),
(2549, 51, 18, '0', '2020-01-16 14:00:00', '2020-01-16 14:00:00', NULL),
(2550, 52, 18, '0', '2020-01-16 14:00:00', '2020-01-16 14:00:00', NULL),
(2551, 53, 18, '0', '2020-01-16 14:00:00', '2020-01-16 14:00:00', NULL),
(2552, 54, 18, '0', '2020-01-16 14:00:00', '2020-01-16 14:00:00', NULL),
(2553, 55, 18, '1', '2020-01-16 14:00:00', '2020-01-16 14:00:00', NULL),
(2554, 56, 18, '1', '2020-01-16 14:00:00', '2020-01-16 14:00:00', NULL),
(2555, 57, 18, '1', '2020-01-16 14:00:00', '2020-01-16 14:00:00', NULL),
(2556, 58, 18, '1', '2020-01-16 14:00:00', '2020-01-16 14:00:00', NULL),
(2557, 59, 18, '1', '2020-01-16 14:00:00', '2020-01-16 14:00:00', NULL),
(2558, 60, 18, '0', '2020-01-16 14:00:00', '2020-01-16 14:00:00', NULL),
(2559, 61, 18, '0', '2020-01-16 14:00:00', '2020-01-16 14:00:00', NULL),
(2560, 62, 18, '0', '2020-01-16 14:00:00', '2020-01-16 14:00:00', NULL),
(2561, 63, 18, '1', '2020-01-16 14:00:00', '2020-01-16 14:00:00', NULL),
(2562, 64, 18, '0', '2020-01-16 14:00:00', '2020-01-16 14:00:00', NULL),
(2563, 44, 19, '1', '2020-01-03 15:00:00', '2020-01-03 15:00:00', NULL),
(2564, 45, 19, '1', '2020-01-03 15:00:00', '2020-01-03 15:00:00', NULL),
(2565, 46, 19, '1', '2020-01-03 15:00:00', '2020-01-03 15:00:00', NULL),
(2566, 47, 19, '0', '2020-01-03 15:00:00', '2020-01-03 15:00:00', NULL),
(2567, 48, 19, '1', '2020-01-03 15:00:00', '2020-01-03 15:00:00', NULL),
(2568, 49, 19, '0', '2020-01-03 15:00:00', '2020-01-03 15:00:00', NULL),
(2569, 50, 19, '1', '2020-01-03 15:00:00', '2020-01-03 15:00:00', NULL),
(2570, 51, 19, '0', '2020-01-03 15:00:00', '2020-01-03 15:00:00', NULL),
(2571, 52, 19, '1', '2020-01-03 15:00:00', '2020-01-03 15:00:00', NULL),
(2572, 53, 19, '0', '2020-01-03 15:00:00', '2020-01-03 15:00:00', NULL),
(2573, 54, 19, '0', '2020-01-03 15:00:00', '2020-01-03 15:00:00', NULL),
(2574, 55, 19, '1', '2020-01-03 15:00:00', '2020-01-03 15:00:00', NULL),
(2575, 56, 19, '1', '2020-01-03 15:00:00', '2020-01-03 15:00:00', NULL),
(2576, 57, 19, '0', '2020-01-03 15:00:00', '2020-01-03 15:00:00', NULL),
(2577, 58, 19, '0', '2020-01-03 15:00:00', '2020-01-03 15:00:00', NULL),
(2578, 59, 19, '1', '2020-01-03 15:00:00', '2020-01-03 15:00:00', NULL),
(2579, 60, 19, '0', '2020-01-03 15:00:00', '2020-01-03 15:00:00', NULL),
(2580, 61, 19, '1', '2020-01-03 15:00:00', '2020-01-03 15:00:00', NULL),
(2581, 62, 19, '1', '2020-01-03 15:00:00', '2020-01-03 15:00:00', NULL),
(2582, 63, 19, '1', '2020-01-03 15:00:00', '2020-01-03 15:00:00', NULL),
(2583, 64, 19, '0', '2020-01-03 15:00:00', '2020-01-03 15:00:00', NULL),
(2584, 44, 19, '0', '2020-01-30 15:00:00', '2020-01-30 15:00:00', NULL),
(2585, 45, 19, '0', '2020-01-30 15:00:00', '2020-01-30 15:00:00', NULL),
(2586, 46, 19, '1', '2020-01-30 15:00:00', '2020-01-30 15:00:00', NULL),
(2587, 47, 19, '0', '2020-01-30 15:00:00', '2020-01-30 15:00:00', NULL),
(2588, 48, 19, '1', '2020-01-30 15:00:00', '2020-01-30 15:00:00', NULL),
(2589, 49, 19, '1', '2020-01-30 15:00:00', '2020-01-30 15:00:00', NULL),
(2590, 50, 19, '0', '2020-01-30 15:00:00', '2020-01-30 15:00:00', NULL),
(2591, 51, 19, '1', '2020-01-30 15:00:00', '2020-01-30 15:00:00', NULL),
(2592, 52, 19, '1', '2020-01-30 15:00:00', '2020-01-30 15:00:00', NULL),
(2593, 53, 19, '1', '2020-01-30 15:00:00', '2020-01-30 15:00:00', NULL),
(2594, 54, 19, '0', '2020-01-30 15:00:00', '2020-01-30 15:00:00', NULL),
(2595, 55, 19, '1', '2020-01-30 15:00:00', '2020-01-30 15:00:00', NULL),
(2596, 56, 19, '0', '2020-01-30 15:00:00', '2020-01-30 15:00:00', NULL),
(2597, 57, 19, '0', '2020-01-30 15:00:00', '2020-01-30 15:00:00', NULL),
(2598, 58, 19, '1', '2020-01-30 15:00:00', '2020-01-30 15:00:00', NULL),
(2599, 59, 19, '0', '2020-01-30 15:00:00', '2020-01-30 15:00:00', NULL),
(2600, 60, 19, '1', '2020-01-30 15:00:00', '2020-01-30 15:00:00', NULL),
(2601, 61, 19, '1', '2020-01-30 15:00:00', '2020-01-30 15:00:00', NULL),
(2602, 62, 19, '0', '2020-01-30 15:00:00', '2020-01-30 15:00:00', NULL),
(2603, 63, 19, '1', '2020-01-30 15:00:00', '2020-01-30 15:00:00', NULL),
(2604, 64, 19, '0', '2020-01-30 15:00:00', '2020-01-30 15:00:00', NULL),
(2605, 44, 19, '0', '2020-01-10 09:00:00', '2020-01-10 09:00:00', NULL),
(2606, 45, 19, '1', '2020-01-10 09:00:00', '2020-01-10 09:00:00', NULL),
(2607, 46, 19, '0', '2020-01-10 09:00:00', '2020-01-10 09:00:00', NULL),
(2608, 47, 19, '1', '2020-01-10 09:00:00', '2020-01-10 09:00:00', NULL),
(2609, 48, 19, '0', '2020-01-10 09:00:00', '2020-01-10 09:00:00', NULL),
(2610, 49, 19, '1', '2020-01-10 09:00:00', '2020-01-10 09:00:00', NULL),
(2611, 50, 19, '0', '2020-01-10 09:00:00', '2020-01-10 09:00:00', NULL),
(2612, 51, 19, '0', '2020-01-10 09:00:00', '2020-01-10 09:00:00', NULL),
(2613, 52, 19, '0', '2020-01-10 09:00:00', '2020-01-10 09:00:00', NULL),
(2614, 53, 19, '0', '2020-01-10 09:00:00', '2020-01-10 09:00:00', NULL),
(2615, 54, 19, '0', '2020-01-10 09:00:00', '2020-01-10 09:00:00', NULL),
(2616, 55, 19, '1', '2020-01-10 09:00:00', '2020-01-10 09:00:00', NULL),
(2617, 56, 19, '1', '2020-01-10 09:00:00', '2020-01-10 09:00:00', NULL),
(2618, 57, 19, '0', '2020-01-10 09:00:00', '2020-01-10 09:00:00', NULL),
(2619, 58, 19, '0', '2020-01-10 09:00:00', '2020-01-10 09:00:00', NULL),
(2620, 59, 19, '1', '2020-01-10 09:00:00', '2020-01-10 09:00:00', NULL),
(2621, 60, 19, '0', '2020-01-10 09:00:00', '2020-01-10 09:00:00', NULL),
(2622, 61, 19, '1', '2020-01-10 09:00:00', '2020-01-10 09:00:00', NULL),
(2623, 62, 19, '0', '2020-01-10 09:00:00', '2020-01-10 09:00:00', NULL),
(2624, 63, 19, '0', '2020-01-10 09:00:00', '2020-01-10 09:00:00', NULL),
(2625, 64, 19, '1', '2020-01-10 09:00:00', '2020-01-10 09:00:00', NULL),
(2626, 44, 20, '0', '2020-01-19 07:00:00', '2020-01-19 07:00:00', NULL),
(2627, 45, 20, '1', '2020-01-19 07:00:00', '2020-01-19 07:00:00', NULL),
(2628, 46, 20, '0', '2020-01-19 07:00:00', '2020-01-19 07:00:00', NULL),
(2629, 47, 20, '1', '2020-01-19 07:00:00', '2020-01-19 07:00:00', NULL),
(2630, 48, 20, '1', '2020-01-19 07:00:00', '2020-01-19 07:00:00', NULL),
(2631, 49, 20, '1', '2020-01-19 07:00:00', '2020-01-19 07:00:00', NULL),
(2632, 50, 20, '0', '2020-01-19 07:00:00', '2020-01-19 07:00:00', NULL),
(2633, 51, 20, '1', '2020-01-19 07:00:00', '2020-01-19 07:00:00', NULL),
(2634, 52, 20, '1', '2020-01-19 07:00:00', '2020-01-19 07:00:00', NULL),
(2635, 53, 20, '1', '2020-01-19 07:00:00', '2020-01-19 07:00:00', NULL),
(2636, 54, 20, '0', '2020-01-19 07:00:00', '2020-01-19 07:00:00', NULL),
(2637, 55, 20, '0', '2020-01-19 07:00:00', '2020-01-19 07:00:00', NULL),
(2638, 56, 20, '1', '2020-01-19 07:00:00', '2020-01-19 07:00:00', NULL),
(2639, 57, 20, '0', '2020-01-19 07:00:00', '2020-01-19 07:00:00', NULL),
(2640, 58, 20, '0', '2020-01-19 07:00:00', '2020-01-19 07:00:00', NULL),
(2641, 59, 20, '1', '2020-01-19 07:00:00', '2020-01-19 07:00:00', NULL),
(2642, 60, 20, '0', '2020-01-19 07:00:00', '2020-01-19 07:00:00', NULL),
(2643, 61, 20, '0', '2020-01-19 07:00:00', '2020-01-19 07:00:00', NULL),
(2644, 62, 20, '0', '2020-01-19 07:00:00', '2020-01-19 07:00:00', NULL),
(2645, 63, 20, '1', '2020-01-19 07:00:00', '2020-01-19 07:00:00', NULL),
(2646, 64, 20, '1', '2020-01-19 07:00:00', '2020-01-19 07:00:00', NULL),
(2647, 44, 20, '1', '2020-01-15 06:00:00', '2020-01-15 06:00:00', NULL),
(2648, 45, 20, '1', '2020-01-15 06:00:00', '2020-01-15 06:00:00', NULL),
(2649, 46, 20, '1', '2020-01-15 06:00:00', '2020-01-15 06:00:00', NULL),
(2650, 47, 20, '0', '2020-01-15 06:00:00', '2020-01-15 06:00:00', NULL),
(2651, 48, 20, '1', '2020-01-15 06:00:00', '2020-01-15 06:00:00', NULL),
(2652, 49, 20, '0', '2020-01-15 06:00:00', '2020-01-15 06:00:00', NULL),
(2653, 50, 20, '0', '2020-01-15 06:00:00', '2020-01-15 06:00:00', NULL),
(2654, 51, 20, '0', '2020-01-15 06:00:00', '2020-01-15 06:00:00', NULL),
(2655, 52, 20, '1', '2020-01-15 06:00:00', '2020-01-15 06:00:00', NULL),
(2656, 53, 20, '0', '2020-01-15 06:00:00', '2020-01-15 06:00:00', NULL),
(2657, 54, 20, '1', '2020-01-15 06:00:00', '2020-01-15 06:00:00', NULL),
(2658, 55, 20, '1', '2020-01-15 06:00:00', '2020-01-15 06:00:00', NULL),
(2659, 56, 20, '0', '2020-01-15 06:00:00', '2020-01-15 06:00:00', NULL),
(2660, 57, 20, '0', '2020-01-15 06:00:00', '2020-01-15 06:00:00', NULL),
(2661, 58, 20, '1', '2020-01-15 06:00:00', '2020-01-15 06:00:00', NULL),
(2662, 59, 20, '1', '2020-01-15 06:00:00', '2020-01-15 06:00:00', NULL),
(2663, 60, 20, '1', '2020-01-15 06:00:00', '2020-01-15 06:00:00', NULL),
(2664, 61, 20, '0', '2020-01-15 06:00:00', '2020-01-15 06:00:00', NULL),
(2665, 62, 20, '0', '2020-01-15 06:00:00', '2020-01-15 06:00:00', NULL),
(2666, 63, 20, '1', '2020-01-15 06:00:00', '2020-01-15 06:00:00', NULL),
(2667, 64, 20, '0', '2020-01-15 06:00:00', '2020-01-15 06:00:00', NULL),
(2668, 44, 20, '0', '2020-01-26 15:00:00', '2020-01-26 15:00:00', NULL),
(2669, 45, 20, '0', '2020-01-26 15:00:00', '2020-01-26 15:00:00', NULL),
(2670, 46, 20, '0', '2020-01-26 15:00:00', '2020-01-26 15:00:00', NULL),
(2671, 47, 20, '1', '2020-01-26 15:00:00', '2020-01-26 15:00:00', NULL),
(2672, 48, 20, '1', '2020-01-26 15:00:00', '2020-01-26 15:00:00', NULL),
(2673, 49, 20, '1', '2020-01-26 15:00:00', '2020-01-26 15:00:00', NULL),
(2674, 50, 20, '1', '2020-01-26 15:00:00', '2020-01-26 15:00:00', NULL),
(2675, 51, 20, '1', '2020-01-26 15:00:00', '2020-01-26 15:00:00', NULL),
(2676, 52, 20, '1', '2020-01-26 15:00:00', '2020-01-26 15:00:00', NULL),
(2677, 53, 20, '0', '2020-01-26 15:00:00', '2020-01-26 15:00:00', NULL),
(2678, 54, 20, '1', '2020-01-26 15:00:00', '2020-01-26 15:00:00', NULL),
(2679, 55, 20, '1', '2020-01-26 15:00:00', '2020-01-26 15:00:00', NULL),
(2680, 56, 20, '0', '2020-01-26 15:00:00', '2020-01-26 15:00:00', NULL),
(2681, 57, 20, '1', '2020-01-26 15:00:00', '2020-01-26 15:00:00', NULL),
(2682, 58, 20, '1', '2020-01-26 15:00:00', '2020-01-26 15:00:00', NULL),
(2683, 59, 20, '0', '2020-01-26 15:00:00', '2020-01-26 15:00:00', NULL),
(2684, 60, 20, '0', '2020-01-26 15:00:00', '2020-01-26 15:00:00', NULL),
(2685, 61, 20, '1', '2020-01-26 15:00:00', '2020-01-26 15:00:00', NULL),
(2686, 62, 20, '1', '2020-01-26 15:00:00', '2020-01-26 15:00:00', NULL),
(2687, 63, 20, '1', '2020-01-26 15:00:00', '2020-01-26 15:00:00', NULL),
(2688, 64, 20, '0', '2020-01-26 15:00:00', '2020-01-26 15:00:00', NULL),
(2689, 65, 1, '1', '2020-01-18 12:00:00', '2020-01-18 12:00:00', NULL),
(2690, 66, 1, '0', '2020-01-18 12:00:00', '2020-01-18 12:00:00', NULL),
(2691, 67, 1, '1', '2020-01-18 12:00:00', '2020-01-18 12:00:00', NULL),
(2692, 68, 1, '0', '2020-01-18 12:00:00', '2020-01-18 12:00:00', NULL),
(2693, 69, 1, '1', '2020-01-18 12:00:00', '2020-01-18 12:00:00', NULL),
(2694, 70, 1, '1', '2020-01-18 12:00:00', '2020-01-18 12:00:00', NULL),
(2695, 71, 1, '0', '2020-01-18 12:00:00', '2020-01-18 12:00:00', NULL),
(2696, 72, 1, '0', '2020-01-18 12:00:00', '2020-01-18 12:00:00', NULL),
(2697, 73, 1, '1', '2020-01-18 12:00:00', '2020-01-18 12:00:00', NULL),
(2698, 74, 1, '0', '2020-01-18 12:00:00', '2020-01-18 12:00:00', NULL),
(2699, 75, 1, '1', '2020-01-18 12:00:00', '2020-01-18 12:00:00', NULL),
(2700, 76, 1, '0', '2020-01-18 12:00:00', '2020-01-18 12:00:00', NULL),
(2701, 77, 1, '1', '2020-01-18 12:00:00', '2020-01-18 12:00:00', NULL),
(2702, 78, 1, '0', '2020-01-18 12:00:00', '2020-01-18 12:00:00', NULL),
(2703, 79, 1, '0', '2020-01-18 12:00:00', '2020-01-18 12:00:00', NULL),
(2704, 65, 1, '1', '2020-01-06 15:00:00', '2020-01-06 15:00:00', NULL),
(2705, 66, 1, '0', '2020-01-06 15:00:00', '2020-01-06 15:00:00', NULL),
(2706, 67, 1, '0', '2020-01-06 15:00:00', '2020-01-06 15:00:00', NULL),
(2707, 68, 1, '0', '2020-01-06 15:00:00', '2020-01-06 15:00:00', NULL),
(2708, 69, 1, '0', '2020-01-06 15:00:00', '2020-01-06 15:00:00', NULL),
(2709, 70, 1, '0', '2020-01-06 15:00:00', '2020-01-06 15:00:00', NULL),
(2710, 71, 1, '1', '2020-01-06 15:00:00', '2020-01-06 15:00:00', NULL),
(2711, 72, 1, '0', '2020-01-06 15:00:00', '2020-01-06 15:00:00', NULL),
(2712, 73, 1, '1', '2020-01-06 15:00:00', '2020-01-06 15:00:00', NULL),
(2713, 74, 1, '0', '2020-01-06 15:00:00', '2020-01-06 15:00:00', NULL),
(2714, 75, 1, '0', '2020-01-06 15:00:00', '2020-01-06 15:00:00', NULL),
(2715, 76, 1, '0', '2020-01-06 15:00:00', '2020-01-06 15:00:00', NULL),
(2716, 77, 1, '0', '2020-01-06 15:00:00', '2020-01-06 15:00:00', NULL),
(2717, 78, 1, '0', '2020-01-06 15:00:00', '2020-01-06 15:00:00', NULL),
(2718, 79, 1, '0', '2020-01-06 15:00:00', '2020-01-06 15:00:00', NULL),
(2719, 65, 1, '0', '2020-01-19 09:00:00', '2020-01-19 09:00:00', NULL),
(2720, 66, 1, '1', '2020-01-19 09:00:00', '2020-01-19 09:00:00', NULL),
(2721, 67, 1, '1', '2020-01-19 09:00:00', '2020-01-19 09:00:00', NULL),
(2722, 68, 1, '1', '2020-01-19 09:00:00', '2020-01-19 09:00:00', NULL),
(2723, 69, 1, '1', '2020-01-19 09:00:00', '2020-01-19 09:00:00', NULL),
(2724, 70, 1, '0', '2020-01-19 09:00:00', '2020-01-19 09:00:00', NULL),
(2725, 71, 1, '0', '2020-01-19 09:00:00', '2020-01-19 09:00:00', NULL),
(2726, 72, 1, '0', '2020-01-19 09:00:00', '2020-01-19 09:00:00', NULL),
(2727, 73, 1, '1', '2020-01-19 09:00:00', '2020-01-19 09:00:00', NULL),
(2728, 74, 1, '1', '2020-01-19 09:00:00', '2020-01-19 09:00:00', NULL),
(2729, 75, 1, '0', '2020-01-19 09:00:00', '2020-01-19 09:00:00', NULL),
(2730, 76, 1, '0', '2020-01-19 09:00:00', '2020-01-19 09:00:00', NULL),
(2731, 77, 1, '0', '2020-01-19 09:00:00', '2020-01-19 09:00:00', NULL),
(2732, 78, 1, '0', '2020-01-19 09:00:00', '2020-01-19 09:00:00', NULL),
(2733, 79, 1, '1', '2020-01-19 09:00:00', '2020-01-19 09:00:00', NULL),
(2734, 65, 2, '0', '2020-01-07 11:00:00', '2020-01-07 11:00:00', NULL),
(2735, 66, 2, '1', '2020-01-07 11:00:00', '2020-01-07 11:00:00', NULL),
(2736, 67, 2, '0', '2020-01-07 11:00:00', '2020-01-07 11:00:00', NULL),
(2737, 68, 2, '0', '2020-01-07 11:00:00', '2020-01-07 11:00:00', NULL),
(2738, 69, 2, '0', '2020-01-07 11:00:00', '2020-01-07 11:00:00', NULL),
(2739, 70, 2, '1', '2020-01-07 11:00:00', '2020-01-07 11:00:00', NULL),
(2740, 71, 2, '1', '2020-01-07 11:00:00', '2020-01-07 11:00:00', NULL),
(2741, 72, 2, '1', '2020-01-07 11:00:00', '2020-01-07 11:00:00', NULL),
(2742, 73, 2, '0', '2020-01-07 11:00:00', '2020-01-07 11:00:00', NULL),
(2743, 74, 2, '0', '2020-01-07 11:00:00', '2020-01-07 11:00:00', NULL),
(2744, 75, 2, '0', '2020-01-07 11:00:00', '2020-01-07 11:00:00', NULL),
(2745, 76, 2, '1', '2020-01-07 11:00:00', '2020-01-07 11:00:00', NULL),
(2746, 77, 2, '0', '2020-01-07 11:00:00', '2020-01-07 11:00:00', NULL),
(2747, 78, 2, '1', '2020-01-07 11:00:00', '2020-01-07 11:00:00', NULL),
(2748, 79, 2, '0', '2020-01-07 11:00:00', '2020-01-07 11:00:00', NULL),
(2749, 65, 2, '1', '2020-01-10 08:00:00', '2020-01-10 08:00:00', NULL),
(2750, 66, 2, '1', '2020-01-10 08:00:00', '2020-01-10 08:00:00', NULL),
(2751, 67, 2, '0', '2020-01-10 08:00:00', '2020-01-10 08:00:00', NULL),
(2752, 68, 2, '0', '2020-01-10 08:00:00', '2020-01-10 08:00:00', NULL),
(2753, 69, 2, '0', '2020-01-10 08:00:00', '2020-01-10 08:00:00', NULL),
(2754, 70, 2, '1', '2020-01-10 08:00:00', '2020-01-10 08:00:00', NULL),
(2755, 71, 2, '1', '2020-01-10 08:00:00', '2020-01-10 08:00:00', NULL),
(2756, 72, 2, '0', '2020-01-10 08:00:00', '2020-01-10 08:00:00', NULL),
(2757, 73, 2, '1', '2020-01-10 08:00:00', '2020-01-10 08:00:00', NULL),
(2758, 74, 2, '1', '2020-01-10 08:00:00', '2020-01-10 08:00:00', NULL),
(2759, 75, 2, '1', '2020-01-10 08:00:00', '2020-01-10 08:00:00', NULL),
(2760, 76, 2, '0', '2020-01-10 08:00:00', '2020-01-10 08:00:00', NULL),
(2761, 77, 2, '1', '2020-01-10 08:00:00', '2020-01-10 08:00:00', NULL),
(2762, 78, 2, '0', '2020-01-10 08:00:00', '2020-01-10 08:00:00', NULL),
(2763, 79, 2, '1', '2020-01-10 08:00:00', '2020-01-10 08:00:00', NULL),
(2764, 65, 2, '0', '2020-01-11 11:00:00', '2020-01-11 11:00:00', NULL),
(2765, 66, 2, '1', '2020-01-11 11:00:00', '2020-01-11 11:00:00', NULL),
(2766, 67, 2, '0', '2020-01-11 11:00:00', '2020-01-11 11:00:00', NULL),
(2767, 68, 2, '0', '2020-01-11 11:00:00', '2020-01-11 11:00:00', NULL),
(2768, 69, 2, '0', '2020-01-11 11:00:00', '2020-01-11 11:00:00', NULL),
(2769, 70, 2, '0', '2020-01-11 11:00:00', '2020-01-11 11:00:00', NULL),
(2770, 71, 2, '0', '2020-01-11 11:00:00', '2020-01-11 11:00:00', NULL),
(2771, 72, 2, '1', '2020-01-11 11:00:00', '2020-01-11 11:00:00', NULL),
(2772, 73, 2, '1', '2020-01-11 11:00:00', '2020-01-11 11:00:00', NULL),
(2773, 74, 2, '0', '2020-01-11 11:00:00', '2020-01-11 11:00:00', NULL),
(2774, 75, 2, '0', '2020-01-11 11:00:00', '2020-01-11 11:00:00', NULL),
(2775, 76, 2, '0', '2020-01-11 11:00:00', '2020-01-11 11:00:00', NULL),
(2776, 77, 2, '0', '2020-01-11 11:00:00', '2020-01-11 11:00:00', NULL),
(2777, 78, 2, '1', '2020-01-11 11:00:00', '2020-01-11 11:00:00', NULL),
(2778, 79, 2, '1', '2020-01-11 11:00:00', '2020-01-11 11:00:00', NULL),
(2779, 65, 5, '0', '2020-01-22 13:00:00', '2020-01-22 13:00:00', NULL),
(2780, 66, 5, '1', '2020-01-22 13:00:00', '2020-01-22 13:00:00', NULL),
(2781, 67, 5, '0', '2020-01-22 13:00:00', '2020-01-22 13:00:00', NULL),
(2782, 68, 5, '1', '2020-01-22 13:00:00', '2020-01-22 13:00:00', NULL),
(2783, 69, 5, '0', '2020-01-22 13:00:00', '2020-01-22 13:00:00', NULL),
(2784, 70, 5, '1', '2020-01-22 13:00:00', '2020-01-22 13:00:00', NULL),
(2785, 71, 5, '1', '2020-01-22 13:00:00', '2020-01-22 13:00:00', NULL),
(2786, 72, 5, '1', '2020-01-22 13:00:00', '2020-01-22 13:00:00', NULL),
(2787, 73, 5, '1', '2020-01-22 13:00:00', '2020-01-22 13:00:00', NULL),
(2788, 74, 5, '1', '2020-01-22 13:00:00', '2020-01-22 13:00:00', NULL),
(2789, 75, 5, '1', '2020-01-22 13:00:00', '2020-01-22 13:00:00', NULL),
(2790, 76, 5, '1', '2020-01-22 13:00:00', '2020-01-22 13:00:00', NULL),
(2791, 77, 5, '1', '2020-01-22 13:00:00', '2020-01-22 13:00:00', NULL),
(2792, 78, 5, '0', '2020-01-22 13:00:00', '2020-01-22 13:00:00', NULL),
(2793, 79, 5, '1', '2020-01-22 13:00:00', '2020-01-22 13:00:00', NULL),
(2794, 65, 5, '1', '2020-01-03 14:00:00', '2020-01-03 14:00:00', NULL),
(2795, 66, 5, '0', '2020-01-03 14:00:00', '2020-01-03 14:00:00', NULL),
(2796, 67, 5, '0', '2020-01-03 14:00:00', '2020-01-03 14:00:00', NULL),
(2797, 68, 5, '0', '2020-01-03 14:00:00', '2020-01-03 14:00:00', NULL),
(2798, 69, 5, '1', '2020-01-03 14:00:00', '2020-01-03 14:00:00', NULL),
(2799, 70, 5, '1', '2020-01-03 14:00:00', '2020-01-03 14:00:00', NULL),
(2800, 71, 5, '0', '2020-01-03 14:00:00', '2020-01-03 14:00:00', NULL),
(2801, 72, 5, '1', '2020-01-03 14:00:00', '2020-01-03 14:00:00', NULL),
(2802, 73, 5, '0', '2020-01-03 14:00:00', '2020-01-03 14:00:00', NULL),
(2803, 74, 5, '0', '2020-01-03 14:00:00', '2020-01-03 14:00:00', NULL),
(2804, 75, 5, '0', '2020-01-03 14:00:00', '2020-01-03 14:00:00', NULL),
(2805, 76, 5, '1', '2020-01-03 14:00:00', '2020-01-03 14:00:00', NULL),
(2806, 77, 5, '1', '2020-01-03 14:00:00', '2020-01-03 14:00:00', NULL),
(2807, 78, 5, '0', '2020-01-03 14:00:00', '2020-01-03 14:00:00', NULL),
(2808, 79, 5, '1', '2020-01-03 14:00:00', '2020-01-03 14:00:00', NULL),
(2809, 65, 5, '1', '2020-01-09 15:00:00', '2020-01-09 15:00:00', NULL),
(2810, 66, 5, '0', '2020-01-09 15:00:00', '2020-01-09 15:00:00', NULL),
(2811, 67, 5, '1', '2020-01-09 15:00:00', '2020-01-09 15:00:00', NULL),
(2812, 68, 5, '1', '2020-01-09 15:00:00', '2020-01-09 15:00:00', NULL),
(2813, 69, 5, '0', '2020-01-09 15:00:00', '2020-01-09 15:00:00', NULL),
(2814, 70, 5, '1', '2020-01-09 15:00:00', '2020-01-09 15:00:00', NULL),
(2815, 71, 5, '0', '2020-01-09 15:00:00', '2020-01-09 15:00:00', NULL),
(2816, 72, 5, '1', '2020-01-09 15:00:00', '2020-01-09 15:00:00', NULL),
(2817, 73, 5, '0', '2020-01-09 15:00:00', '2020-01-09 15:00:00', NULL),
(2818, 74, 5, '0', '2020-01-09 15:00:00', '2020-01-09 15:00:00', NULL),
(2819, 75, 5, '1', '2020-01-09 15:00:00', '2020-01-09 15:00:00', NULL),
(2820, 76, 5, '0', '2020-01-09 15:00:00', '2020-01-09 15:00:00', NULL),
(2821, 77, 5, '0', '2020-01-09 15:00:00', '2020-01-09 15:00:00', NULL),
(2822, 78, 5, '0', '2020-01-09 15:00:00', '2020-01-09 15:00:00', NULL),
(2823, 79, 5, '0', '2020-01-09 15:00:00', '2020-01-09 15:00:00', NULL),
(2824, 65, 6, '0', '2020-01-24 09:00:00', '2020-01-24 09:00:00', NULL),
(2825, 66, 6, '0', '2020-01-24 09:00:00', '2020-01-24 09:00:00', NULL),
(2826, 67, 6, '0', '2020-01-24 09:00:00', '2020-01-24 09:00:00', NULL),
(2827, 68, 6, '1', '2020-01-24 09:00:00', '2020-01-24 09:00:00', NULL),
(2828, 69, 6, '1', '2020-01-24 09:00:00', '2020-01-24 09:00:00', NULL),
(2829, 70, 6, '0', '2020-01-24 09:00:00', '2020-01-24 09:00:00', NULL),
(2830, 71, 6, '0', '2020-01-24 09:00:00', '2020-01-24 09:00:00', NULL),
(2831, 72, 6, '1', '2020-01-24 09:00:00', '2020-01-24 09:00:00', NULL),
(2832, 73, 6, '0', '2020-01-24 09:00:00', '2020-01-24 09:00:00', NULL),
(2833, 74, 6, '1', '2020-01-24 09:00:00', '2020-01-24 09:00:00', NULL),
(2834, 75, 6, '0', '2020-01-24 09:00:00', '2020-01-24 09:00:00', NULL),
(2835, 76, 6, '1', '2020-01-24 09:00:00', '2020-01-24 09:00:00', NULL),
(2836, 77, 6, '1', '2020-01-24 09:00:00', '2020-01-24 09:00:00', NULL),
(2837, 78, 6, '0', '2020-01-24 09:00:00', '2020-01-24 09:00:00', NULL),
(2838, 79, 6, '1', '2020-01-24 09:00:00', '2020-01-24 09:00:00', NULL),
(2839, 65, 6, '0', '2020-01-12 11:00:00', '2020-01-12 11:00:00', NULL),
(2840, 66, 6, '1', '2020-01-12 11:00:00', '2020-01-12 11:00:00', NULL),
(2841, 67, 6, '1', '2020-01-12 11:00:00', '2020-01-12 11:00:00', NULL),
(2842, 68, 6, '1', '2020-01-12 11:00:00', '2020-01-12 11:00:00', NULL),
(2843, 69, 6, '1', '2020-01-12 11:00:00', '2020-01-12 11:00:00', NULL),
(2844, 70, 6, '0', '2020-01-12 11:00:00', '2020-01-12 11:00:00', NULL),
(2845, 71, 6, '0', '2020-01-12 11:00:00', '2020-01-12 11:00:00', NULL),
(2846, 72, 6, '1', '2020-01-12 11:00:00', '2020-01-12 11:00:00', NULL),
(2847, 73, 6, '0', '2020-01-12 11:00:00', '2020-01-12 11:00:00', NULL),
(2848, 74, 6, '1', '2020-01-12 11:00:00', '2020-01-12 11:00:00', NULL),
(2849, 75, 6, '1', '2020-01-12 11:00:00', '2020-01-12 11:00:00', NULL),
(2850, 76, 6, '0', '2020-01-12 11:00:00', '2020-01-12 11:00:00', NULL),
(2851, 77, 6, '1', '2020-01-12 11:00:00', '2020-01-12 11:00:00', NULL),
(2852, 78, 6, '0', '2020-01-12 11:00:00', '2020-01-12 11:00:00', NULL),
(2853, 79, 6, '1', '2020-01-12 11:00:00', '2020-01-12 11:00:00', NULL),
(2854, 65, 6, '0', '2020-01-04 09:00:00', '2020-01-04 09:00:00', NULL);
INSERT INTO `journals` (`id`, `student_id`, `subject_id`, `value`, `created_at`, `updated_at`, `deleted_at`) VALUES
(2855, 66, 6, '0', '2020-01-04 09:00:00', '2020-01-04 09:00:00', NULL),
(2856, 67, 6, '0', '2020-01-04 09:00:00', '2020-01-04 09:00:00', NULL),
(2857, 68, 6, '1', '2020-01-04 09:00:00', '2020-01-04 09:00:00', NULL),
(2858, 69, 6, '0', '2020-01-04 09:00:00', '2020-01-04 09:00:00', NULL),
(2859, 70, 6, '1', '2020-01-04 09:00:00', '2020-01-04 09:00:00', NULL),
(2860, 71, 6, '0', '2020-01-04 09:00:00', '2020-01-04 09:00:00', NULL),
(2861, 72, 6, '0', '2020-01-04 09:00:00', '2020-01-04 09:00:00', NULL),
(2862, 73, 6, '1', '2020-01-04 09:00:00', '2020-01-04 09:00:00', NULL),
(2863, 74, 6, '0', '2020-01-04 09:00:00', '2020-01-04 09:00:00', NULL),
(2864, 75, 6, '0', '2020-01-04 09:00:00', '2020-01-04 09:00:00', NULL),
(2865, 76, 6, '1', '2020-01-04 09:00:00', '2020-01-04 09:00:00', NULL),
(2866, 77, 6, '0', '2020-01-04 09:00:00', '2020-01-04 09:00:00', NULL),
(2867, 78, 6, '1', '2020-01-04 09:00:00', '2020-01-04 09:00:00', NULL),
(2868, 79, 6, '1', '2020-01-04 09:00:00', '2020-01-04 09:00:00', NULL),
(2869, 65, 7, '1', '2020-01-27 10:00:00', '2020-01-27 10:00:00', NULL),
(2870, 66, 7, '0', '2020-01-27 10:00:00', '2020-01-27 10:00:00', NULL),
(2871, 67, 7, '1', '2020-01-27 10:00:00', '2020-01-27 10:00:00', NULL),
(2872, 68, 7, '0', '2020-01-27 10:00:00', '2020-01-27 10:00:00', NULL),
(2873, 69, 7, '1', '2020-01-27 10:00:00', '2020-01-27 10:00:00', NULL),
(2874, 70, 7, '0', '2020-01-27 10:00:00', '2020-01-27 10:00:00', NULL),
(2875, 71, 7, '0', '2020-01-27 10:00:00', '2020-01-27 10:00:00', NULL),
(2876, 72, 7, '0', '2020-01-27 10:00:00', '2020-01-27 10:00:00', NULL),
(2877, 73, 7, '0', '2020-01-27 10:00:00', '2020-01-27 10:00:00', NULL),
(2878, 74, 7, '1', '2020-01-27 10:00:00', '2020-01-27 10:00:00', NULL),
(2879, 75, 7, '1', '2020-01-27 10:00:00', '2020-01-27 10:00:00', NULL),
(2880, 76, 7, '1', '2020-01-27 10:00:00', '2020-01-27 10:00:00', NULL),
(2881, 77, 7, '0', '2020-01-27 10:00:00', '2020-01-27 10:00:00', NULL),
(2882, 78, 7, '1', '2020-01-27 10:00:00', '2020-01-27 10:00:00', NULL),
(2883, 79, 7, '0', '2020-01-27 10:00:00', '2020-01-27 10:00:00', NULL),
(2884, 65, 7, '1', '2020-01-14 09:00:00', '2020-01-14 09:00:00', NULL),
(2885, 66, 7, '0', '2020-01-14 09:00:00', '2020-01-14 09:00:00', NULL),
(2886, 67, 7, '1', '2020-01-14 09:00:00', '2020-01-14 09:00:00', NULL),
(2887, 68, 7, '1', '2020-01-14 09:00:00', '2020-01-14 09:00:00', NULL),
(2888, 69, 7, '0', '2020-01-14 09:00:00', '2020-01-14 09:00:00', NULL),
(2889, 70, 7, '0', '2020-01-14 09:00:00', '2020-01-14 09:00:00', NULL),
(2890, 71, 7, '1', '2020-01-14 09:00:00', '2020-01-14 09:00:00', NULL),
(2891, 72, 7, '0', '2020-01-14 09:00:00', '2020-01-14 09:00:00', NULL),
(2892, 73, 7, '1', '2020-01-14 09:00:00', '2020-01-14 09:00:00', NULL),
(2893, 74, 7, '0', '2020-01-14 09:00:00', '2020-01-14 09:00:00', NULL),
(2894, 75, 7, '0', '2020-01-14 09:00:00', '2020-01-14 09:00:00', NULL),
(2895, 76, 7, '1', '2020-01-14 09:00:00', '2020-01-14 09:00:00', NULL),
(2896, 77, 7, '0', '2020-01-14 09:00:00', '2020-01-14 09:00:00', NULL),
(2897, 78, 7, '1', '2020-01-14 09:00:00', '2020-01-14 09:00:00', NULL),
(2898, 79, 7, '1', '2020-01-14 09:00:00', '2020-01-14 09:00:00', NULL),
(2899, 65, 7, '0', '2020-01-02 14:00:00', '2020-01-02 14:00:00', NULL),
(2900, 66, 7, '1', '2020-01-02 14:00:00', '2020-01-02 14:00:00', NULL),
(2901, 67, 7, '0', '2020-01-02 14:00:00', '2020-01-02 14:00:00', NULL),
(2902, 68, 7, '0', '2020-01-02 14:00:00', '2020-01-02 14:00:00', NULL),
(2903, 69, 7, '0', '2020-01-02 14:00:00', '2020-01-02 14:00:00', NULL),
(2904, 70, 7, '1', '2020-01-02 14:00:00', '2020-01-02 14:00:00', NULL),
(2905, 71, 7, '0', '2020-01-02 14:00:00', '2020-01-02 14:00:00', NULL),
(2906, 72, 7, '0', '2020-01-02 14:00:00', '2020-01-02 14:00:00', NULL),
(2907, 73, 7, '1', '2020-01-02 14:00:00', '2020-01-02 14:00:00', NULL),
(2908, 74, 7, '0', '2020-01-02 14:00:00', '2020-01-02 14:00:00', NULL),
(2909, 75, 7, '0', '2020-01-02 14:00:00', '2020-01-02 14:00:00', NULL),
(2910, 76, 7, '0', '2020-01-02 14:00:00', '2020-01-02 14:00:00', NULL),
(2911, 77, 7, '0', '2020-01-02 14:00:00', '2020-01-02 14:00:00', NULL),
(2912, 78, 7, '1', '2020-01-02 14:00:00', '2020-01-02 14:00:00', NULL),
(2913, 79, 7, '1', '2020-01-02 14:00:00', '2020-01-02 14:00:00', NULL),
(2914, 65, 8, '1', '2020-01-25 12:00:00', '2020-01-25 12:00:00', NULL),
(2915, 66, 8, '0', '2020-01-25 12:00:00', '2020-01-25 12:00:00', NULL),
(2916, 67, 8, '0', '2020-01-25 12:00:00', '2020-01-25 12:00:00', NULL),
(2917, 68, 8, '1', '2020-01-25 12:00:00', '2020-01-25 12:00:00', NULL),
(2918, 69, 8, '1', '2020-01-25 12:00:00', '2020-01-25 12:00:00', NULL),
(2919, 70, 8, '0', '2020-01-25 12:00:00', '2020-01-25 12:00:00', NULL),
(2920, 71, 8, '0', '2020-01-25 12:00:00', '2020-01-25 12:00:00', NULL),
(2921, 72, 8, '0', '2020-01-25 12:00:00', '2020-01-25 12:00:00', NULL),
(2922, 73, 8, '1', '2020-01-25 12:00:00', '2020-01-25 12:00:00', NULL),
(2923, 74, 8, '1', '2020-01-25 12:00:00', '2020-01-25 12:00:00', NULL),
(2924, 75, 8, '0', '2020-01-25 12:00:00', '2020-01-25 12:00:00', NULL),
(2925, 76, 8, '1', '2020-01-25 12:00:00', '2020-01-25 12:00:00', NULL),
(2926, 77, 8, '1', '2020-01-25 12:00:00', '2020-01-25 12:00:00', NULL),
(2927, 78, 8, '1', '2020-01-25 12:00:00', '2020-01-25 12:00:00', NULL),
(2928, 79, 8, '1', '2020-01-25 12:00:00', '2020-01-25 12:00:00', NULL),
(2929, 65, 8, '1', '2020-01-26 16:00:00', '2020-01-26 16:00:00', NULL),
(2930, 66, 8, '1', '2020-01-26 16:00:00', '2020-01-26 16:00:00', NULL),
(2931, 67, 8, '1', '2020-01-26 16:00:00', '2020-01-26 16:00:00', NULL),
(2932, 68, 8, '1', '2020-01-26 16:00:00', '2020-01-26 16:00:00', NULL),
(2933, 69, 8, '1', '2020-01-26 16:00:00', '2020-01-26 16:00:00', NULL),
(2934, 70, 8, '0', '2020-01-26 16:00:00', '2020-01-26 16:00:00', NULL),
(2935, 71, 8, '1', '2020-01-26 16:00:00', '2020-01-26 16:00:00', NULL),
(2936, 72, 8, '0', '2020-01-26 16:00:00', '2020-01-26 16:00:00', NULL),
(2937, 73, 8, '0', '2020-01-26 16:00:00', '2020-01-26 16:00:00', NULL),
(2938, 74, 8, '0', '2020-01-26 16:00:00', '2020-01-26 16:00:00', NULL),
(2939, 75, 8, '0', '2020-01-26 16:00:00', '2020-01-26 16:00:00', NULL),
(2940, 76, 8, '1', '2020-01-26 16:00:00', '2020-01-26 16:00:00', NULL),
(2941, 77, 8, '1', '2020-01-26 16:00:00', '2020-01-26 16:00:00', NULL),
(2942, 78, 8, '0', '2020-01-26 16:00:00', '2020-01-26 16:00:00', NULL),
(2943, 79, 8, '0', '2020-01-26 16:00:00', '2020-01-26 16:00:00', NULL),
(2944, 65, 8, '0', '2020-01-03 13:00:00', '2020-01-03 13:00:00', NULL),
(2945, 66, 8, '0', '2020-01-03 13:00:00', '2020-01-03 13:00:00', NULL),
(2946, 67, 8, '0', '2020-01-03 13:00:00', '2020-01-03 13:00:00', NULL),
(2947, 68, 8, '0', '2020-01-03 13:00:00', '2020-01-03 13:00:00', NULL),
(2948, 69, 8, '1', '2020-01-03 13:00:00', '2020-01-03 13:00:00', NULL),
(2949, 70, 8, '0', '2020-01-03 13:00:00', '2020-01-03 13:00:00', NULL),
(2950, 71, 8, '0', '2020-01-03 13:00:00', '2020-01-03 13:00:00', NULL),
(2951, 72, 8, '0', '2020-01-03 13:00:00', '2020-01-03 13:00:00', NULL),
(2952, 73, 8, '1', '2020-01-03 13:00:00', '2020-01-03 13:00:00', NULL),
(2953, 74, 8, '1', '2020-01-03 13:00:00', '2020-01-03 13:00:00', NULL),
(2954, 75, 8, '1', '2020-01-03 13:00:00', '2020-01-03 13:00:00', NULL),
(2955, 76, 8, '0', '2020-01-03 13:00:00', '2020-01-03 13:00:00', NULL),
(2956, 77, 8, '0', '2020-01-03 13:00:00', '2020-01-03 13:00:00', NULL),
(2957, 78, 8, '1', '2020-01-03 13:00:00', '2020-01-03 13:00:00', NULL),
(2958, 79, 8, '1', '2020-01-03 13:00:00', '2020-01-03 13:00:00', NULL),
(2959, 65, 9, '1', '2020-01-17 12:00:00', '2020-01-17 12:00:00', NULL),
(2960, 66, 9, '1', '2020-01-17 12:00:00', '2020-01-17 12:00:00', NULL),
(2961, 67, 9, '0', '2020-01-17 12:00:00', '2020-01-17 12:00:00', NULL),
(2962, 68, 9, '0', '2020-01-17 12:00:00', '2020-01-17 12:00:00', NULL),
(2963, 69, 9, '1', '2020-01-17 12:00:00', '2020-01-17 12:00:00', NULL),
(2964, 70, 9, '1', '2020-01-17 12:00:00', '2020-01-17 12:00:00', NULL),
(2965, 71, 9, '1', '2020-01-17 12:00:00', '2020-01-17 12:00:00', NULL),
(2966, 72, 9, '1', '2020-01-17 12:00:00', '2020-01-17 12:00:00', NULL),
(2967, 73, 9, '0', '2020-01-17 12:00:00', '2020-01-17 12:00:00', NULL),
(2968, 74, 9, '0', '2020-01-17 12:00:00', '2020-01-17 12:00:00', NULL),
(2969, 75, 9, '1', '2020-01-17 12:00:00', '2020-01-17 12:00:00', NULL),
(2970, 76, 9, '0', '2020-01-17 12:00:00', '2020-01-17 12:00:00', NULL),
(2971, 77, 9, '1', '2020-01-17 12:00:00', '2020-01-17 12:00:00', NULL),
(2972, 78, 9, '0', '2020-01-17 12:00:00', '2020-01-17 12:00:00', NULL),
(2973, 79, 9, '1', '2020-01-17 12:00:00', '2020-01-17 12:00:00', NULL),
(2974, 65, 9, '1', '2020-01-02 06:00:00', '2020-01-02 06:00:00', NULL),
(2975, 66, 9, '0', '2020-01-02 06:00:00', '2020-01-02 06:00:00', NULL),
(2976, 67, 9, '0', '2020-01-02 06:00:00', '2020-01-02 06:00:00', NULL),
(2977, 68, 9, '0', '2020-01-02 06:00:00', '2020-01-02 06:00:00', NULL),
(2978, 69, 9, '1', '2020-01-02 06:00:00', '2020-01-02 06:00:00', NULL),
(2979, 70, 9, '1', '2020-01-02 06:00:00', '2020-01-02 06:00:00', NULL),
(2980, 71, 9, '0', '2020-01-02 06:00:00', '2020-01-02 06:00:00', NULL),
(2981, 72, 9, '0', '2020-01-02 06:00:00', '2020-01-02 06:00:00', NULL),
(2982, 73, 9, '0', '2020-01-02 06:00:00', '2020-01-02 06:00:00', NULL),
(2983, 74, 9, '0', '2020-01-02 06:00:00', '2020-01-02 06:00:00', NULL),
(2984, 75, 9, '0', '2020-01-02 06:00:00', '2020-01-02 06:00:00', NULL),
(2985, 76, 9, '0', '2020-01-02 06:00:00', '2020-01-02 06:00:00', NULL),
(2986, 77, 9, '0', '2020-01-02 06:00:00', '2020-01-02 06:00:00', NULL),
(2987, 78, 9, '0', '2020-01-02 06:00:00', '2020-01-02 06:00:00', NULL),
(2988, 79, 9, '0', '2020-01-02 06:00:00', '2020-01-02 06:00:00', NULL),
(2989, 65, 9, '0', '2020-01-27 09:00:00', '2020-01-27 09:00:00', NULL),
(2990, 66, 9, '0', '2020-01-27 09:00:00', '2020-01-27 09:00:00', NULL),
(2991, 67, 9, '1', '2020-01-27 09:00:00', '2020-01-27 09:00:00', NULL),
(2992, 68, 9, '1', '2020-01-27 09:00:00', '2020-01-27 09:00:00', NULL),
(2993, 69, 9, '1', '2020-01-27 09:00:00', '2020-01-27 09:00:00', NULL),
(2994, 70, 9, '1', '2020-01-27 09:00:00', '2020-01-27 09:00:00', NULL),
(2995, 71, 9, '0', '2020-01-27 09:00:00', '2020-01-27 09:00:00', NULL),
(2996, 72, 9, '0', '2020-01-27 09:00:00', '2020-01-27 09:00:00', NULL),
(2997, 73, 9, '1', '2020-01-27 09:00:00', '2020-01-27 09:00:00', NULL),
(2998, 74, 9, '1', '2020-01-27 09:00:00', '2020-01-27 09:00:00', NULL),
(2999, 75, 9, '0', '2020-01-27 09:00:00', '2020-01-27 09:00:00', NULL),
(3000, 76, 9, '0', '2020-01-27 09:00:00', '2020-01-27 09:00:00', NULL),
(3001, 77, 9, '1', '2020-01-27 09:00:00', '2020-01-27 09:00:00', NULL),
(3002, 78, 9, '1', '2020-01-27 09:00:00', '2020-01-27 09:00:00', NULL),
(3003, 79, 9, '0', '2020-01-27 09:00:00', '2020-01-27 09:00:00', NULL),
(3004, 65, 10, '1', '2020-01-17 10:00:00', '2020-01-17 10:00:00', NULL),
(3005, 66, 10, '1', '2020-01-17 10:00:00', '2020-01-17 10:00:00', NULL),
(3006, 67, 10, '1', '2020-01-17 10:00:00', '2020-01-17 10:00:00', NULL),
(3007, 68, 10, '0', '2020-01-17 10:00:00', '2020-01-17 10:00:00', NULL),
(3008, 69, 10, '1', '2020-01-17 10:00:00', '2020-01-17 10:00:00', NULL),
(3009, 70, 10, '1', '2020-01-17 10:00:00', '2020-01-17 10:00:00', NULL),
(3010, 71, 10, '1', '2020-01-17 10:00:00', '2020-01-17 10:00:00', NULL),
(3011, 72, 10, '1', '2020-01-17 10:00:00', '2020-01-17 10:00:00', NULL),
(3012, 73, 10, '0', '2020-01-17 10:00:00', '2020-01-17 10:00:00', NULL),
(3013, 74, 10, '0', '2020-01-17 10:00:00', '2020-01-17 10:00:00', NULL),
(3014, 75, 10, '0', '2020-01-17 10:00:00', '2020-01-17 10:00:00', NULL),
(3015, 76, 10, '1', '2020-01-17 10:00:00', '2020-01-17 10:00:00', NULL),
(3016, 77, 10, '1', '2020-01-17 10:00:00', '2020-01-17 10:00:00', NULL),
(3017, 78, 10, '1', '2020-01-17 10:00:00', '2020-01-17 10:00:00', NULL),
(3018, 79, 10, '0', '2020-01-17 10:00:00', '2020-01-17 10:00:00', NULL),
(3019, 65, 10, '1', '2020-01-20 06:00:00', '2020-01-20 06:00:00', NULL),
(3020, 66, 10, '1', '2020-01-20 06:00:00', '2020-01-20 06:00:00', NULL),
(3021, 67, 10, '1', '2020-01-20 06:00:00', '2020-01-20 06:00:00', NULL),
(3022, 68, 10, '1', '2020-01-20 06:00:00', '2020-01-20 06:00:00', NULL),
(3023, 69, 10, '1', '2020-01-20 06:00:00', '2020-01-20 06:00:00', NULL),
(3024, 70, 10, '1', '2020-01-20 06:00:00', '2020-01-20 06:00:00', NULL),
(3025, 71, 10, '1', '2020-01-20 06:00:00', '2020-01-20 06:00:00', NULL),
(3026, 72, 10, '0', '2020-01-20 06:00:00', '2020-01-20 06:00:00', NULL),
(3027, 73, 10, '0', '2020-01-20 06:00:00', '2020-01-20 06:00:00', NULL),
(3028, 74, 10, '0', '2020-01-20 06:00:00', '2020-01-20 06:00:00', NULL),
(3029, 75, 10, '1', '2020-01-20 06:00:00', '2020-01-20 06:00:00', NULL),
(3030, 76, 10, '0', '2020-01-20 06:00:00', '2020-01-20 06:00:00', NULL),
(3031, 77, 10, '1', '2020-01-20 06:00:00', '2020-01-20 06:00:00', NULL),
(3032, 78, 10, '0', '2020-01-20 06:00:00', '2020-01-20 06:00:00', NULL),
(3033, 79, 10, '1', '2020-01-20 06:00:00', '2020-01-20 06:00:00', NULL),
(3034, 65, 10, '1', '2020-01-19 10:00:00', '2020-01-19 10:00:00', NULL),
(3035, 66, 10, '0', '2020-01-19 10:00:00', '2020-01-19 10:00:00', NULL),
(3036, 67, 10, '1', '2020-01-19 10:00:00', '2020-01-19 10:00:00', NULL),
(3037, 68, 10, '1', '2020-01-19 10:00:00', '2020-01-19 10:00:00', NULL),
(3038, 69, 10, '1', '2020-01-19 10:00:00', '2020-01-19 10:00:00', NULL),
(3039, 70, 10, '0', '2020-01-19 10:00:00', '2020-01-19 10:00:00', NULL),
(3040, 71, 10, '1', '2020-01-19 10:00:00', '2020-01-19 10:00:00', NULL),
(3041, 72, 10, '1', '2020-01-19 10:00:00', '2020-01-19 10:00:00', NULL),
(3042, 73, 10, '1', '2020-01-19 10:00:00', '2020-01-19 10:00:00', NULL),
(3043, 74, 10, '1', '2020-01-19 10:00:00', '2020-01-19 10:00:00', NULL),
(3044, 75, 10, '0', '2020-01-19 10:00:00', '2020-01-19 10:00:00', NULL),
(3045, 76, 10, '1', '2020-01-19 10:00:00', '2020-01-19 10:00:00', NULL),
(3046, 77, 10, '1', '2020-01-19 10:00:00', '2020-01-19 10:00:00', NULL),
(3047, 78, 10, '1', '2020-01-19 10:00:00', '2020-01-19 10:00:00', NULL),
(3048, 79, 10, '0', '2020-01-19 10:00:00', '2020-01-19 10:00:00', NULL),
(3049, 65, 15, '1', '2020-01-25 09:00:00', '2020-01-25 09:00:00', NULL),
(3050, 66, 15, '1', '2020-01-25 09:00:00', '2020-01-25 09:00:00', NULL),
(3051, 67, 15, '0', '2020-01-25 09:00:00', '2020-01-25 09:00:00', NULL),
(3052, 68, 15, '0', '2020-01-25 09:00:00', '2020-01-25 09:00:00', NULL),
(3053, 69, 15, '1', '2020-01-25 09:00:00', '2020-01-25 09:00:00', NULL),
(3054, 70, 15, '0', '2020-01-25 09:00:00', '2020-01-25 09:00:00', NULL),
(3055, 71, 15, '0', '2020-01-25 09:00:00', '2020-01-25 09:00:00', NULL),
(3056, 72, 15, '1', '2020-01-25 09:00:00', '2020-01-25 09:00:00', NULL),
(3057, 73, 15, '0', '2020-01-25 09:00:00', '2020-01-25 09:00:00', NULL),
(3058, 74, 15, '1', '2020-01-25 09:00:00', '2020-01-25 09:00:00', NULL),
(3059, 75, 15, '1', '2020-01-25 09:00:00', '2020-01-25 09:00:00', NULL),
(3060, 76, 15, '1', '2020-01-25 09:00:00', '2020-01-25 09:00:00', NULL),
(3061, 77, 15, '1', '2020-01-25 09:00:00', '2020-01-25 09:00:00', NULL),
(3062, 78, 15, '1', '2020-01-25 09:00:00', '2020-01-25 09:00:00', NULL),
(3063, 79, 15, '0', '2020-01-25 09:00:00', '2020-01-25 09:00:00', NULL),
(3064, 65, 15, '1', '2020-01-08 11:00:00', '2020-01-08 11:00:00', NULL),
(3065, 66, 15, '0', '2020-01-08 11:00:00', '2020-01-08 11:00:00', NULL),
(3066, 67, 15, '1', '2020-01-08 11:00:00', '2020-01-08 11:00:00', NULL),
(3067, 68, 15, '1', '2020-01-08 11:00:00', '2020-01-08 11:00:00', NULL),
(3068, 69, 15, '0', '2020-01-08 11:00:00', '2020-01-08 11:00:00', NULL),
(3069, 70, 15, '1', '2020-01-08 11:00:00', '2020-01-08 11:00:00', NULL),
(3070, 71, 15, '0', '2020-01-08 11:00:00', '2020-01-08 11:00:00', NULL),
(3071, 72, 15, '1', '2020-01-08 11:00:00', '2020-01-08 11:00:00', NULL),
(3072, 73, 15, '1', '2020-01-08 11:00:00', '2020-01-08 11:00:00', NULL),
(3073, 74, 15, '0', '2020-01-08 11:00:00', '2020-01-08 11:00:00', NULL),
(3074, 75, 15, '1', '2020-01-08 11:00:00', '2020-01-08 11:00:00', NULL),
(3075, 76, 15, '0', '2020-01-08 11:00:00', '2020-01-08 11:00:00', NULL),
(3076, 77, 15, '1', '2020-01-08 11:00:00', '2020-01-08 11:00:00', NULL),
(3077, 78, 15, '1', '2020-01-08 11:00:00', '2020-01-08 11:00:00', NULL),
(3078, 79, 15, '0', '2020-01-08 11:00:00', '2020-01-08 11:00:00', NULL),
(3079, 65, 15, '1', '2020-01-10 09:00:00', '2020-01-10 09:00:00', NULL),
(3080, 66, 15, '1', '2020-01-10 09:00:00', '2020-01-10 09:00:00', NULL),
(3081, 67, 15, '0', '2020-01-10 09:00:00', '2020-01-10 09:00:00', NULL),
(3082, 68, 15, '0', '2020-01-10 09:00:00', '2020-01-10 09:00:00', NULL),
(3083, 69, 15, '1', '2020-01-10 09:00:00', '2020-01-10 09:00:00', NULL),
(3084, 70, 15, '0', '2020-01-10 09:00:00', '2020-01-10 09:00:00', NULL),
(3085, 71, 15, '1', '2020-01-10 09:00:00', '2020-01-10 09:00:00', NULL),
(3086, 72, 15, '0', '2020-01-10 09:00:00', '2020-01-10 09:00:00', NULL),
(3087, 73, 15, '0', '2020-01-10 09:00:00', '2020-01-10 09:00:00', NULL),
(3088, 74, 15, '0', '2020-01-10 09:00:00', '2020-01-10 09:00:00', NULL),
(3089, 75, 15, '1', '2020-01-10 09:00:00', '2020-01-10 09:00:00', NULL),
(3090, 76, 15, '0', '2020-01-10 09:00:00', '2020-01-10 09:00:00', NULL),
(3091, 77, 15, '1', '2020-01-10 09:00:00', '2020-01-10 09:00:00', NULL),
(3092, 78, 15, '1', '2020-01-10 09:00:00', '2020-01-10 09:00:00', NULL),
(3093, 79, 15, '0', '2020-01-10 09:00:00', '2020-01-10 09:00:00', NULL),
(3094, 65, 16, '1', '2020-01-22 14:00:00', '2020-01-22 14:00:00', NULL),
(3095, 66, 16, '1', '2020-01-22 14:00:00', '2020-01-22 14:00:00', NULL),
(3096, 67, 16, '1', '2020-01-22 14:00:00', '2020-01-22 14:00:00', NULL),
(3097, 68, 16, '1', '2020-01-22 14:00:00', '2020-01-22 14:00:00', NULL),
(3098, 69, 16, '1', '2020-01-22 14:00:00', '2020-01-22 14:00:00', NULL),
(3099, 70, 16, '1', '2020-01-22 14:00:00', '2020-01-22 14:00:00', NULL),
(3100, 71, 16, '1', '2020-01-22 14:00:00', '2020-01-22 14:00:00', NULL),
(3101, 72, 16, '1', '2020-01-22 14:00:00', '2020-01-22 14:00:00', NULL),
(3102, 73, 16, '1', '2020-01-22 14:00:00', '2020-01-22 14:00:00', NULL),
(3103, 74, 16, '1', '2020-01-22 14:00:00', '2020-01-22 14:00:00', NULL),
(3104, 75, 16, '0', '2020-01-22 14:00:00', '2020-01-22 14:00:00', NULL),
(3105, 76, 16, '0', '2020-01-22 14:00:00', '2020-01-22 14:00:00', NULL),
(3106, 77, 16, '0', '2020-01-22 14:00:00', '2020-01-22 14:00:00', NULL),
(3107, 78, 16, '0', '2020-01-22 14:00:00', '2020-01-22 14:00:00', NULL),
(3108, 79, 16, '0', '2020-01-22 14:00:00', '2020-01-22 14:00:00', NULL),
(3109, 65, 16, '0', '2020-01-06 15:00:00', '2020-01-06 15:00:00', NULL),
(3110, 66, 16, '0', '2020-01-06 15:00:00', '2020-01-06 15:00:00', NULL),
(3111, 67, 16, '0', '2020-01-06 15:00:00', '2020-01-06 15:00:00', NULL),
(3112, 68, 16, '0', '2020-01-06 15:00:00', '2020-01-06 15:00:00', NULL),
(3113, 69, 16, '1', '2020-01-06 15:00:00', '2020-01-06 15:00:00', NULL),
(3114, 70, 16, '0', '2020-01-06 15:00:00', '2020-01-06 15:00:00', NULL),
(3115, 71, 16, '1', '2020-01-06 15:00:00', '2020-01-06 15:00:00', NULL),
(3116, 72, 16, '0', '2020-01-06 15:00:00', '2020-01-06 15:00:00', NULL),
(3117, 73, 16, '0', '2020-01-06 15:00:00', '2020-01-06 15:00:00', NULL),
(3118, 74, 16, '0', '2020-01-06 15:00:00', '2020-01-06 15:00:00', NULL),
(3119, 75, 16, '1', '2020-01-06 15:00:00', '2020-01-06 15:00:00', NULL),
(3120, 76, 16, '1', '2020-01-06 15:00:00', '2020-01-06 15:00:00', NULL),
(3121, 77, 16, '0', '2020-01-06 15:00:00', '2020-01-06 15:00:00', NULL),
(3122, 78, 16, '0', '2020-01-06 15:00:00', '2020-01-06 15:00:00', NULL),
(3123, 79, 16, '0', '2020-01-06 15:00:00', '2020-01-06 15:00:00', NULL),
(3124, 65, 16, '1', '2020-01-09 13:00:00', '2020-01-09 13:00:00', NULL),
(3125, 66, 16, '1', '2020-01-09 13:00:00', '2020-01-09 13:00:00', NULL),
(3126, 67, 16, '1', '2020-01-09 13:00:00', '2020-01-09 13:00:00', NULL),
(3127, 68, 16, '0', '2020-01-09 13:00:00', '2020-01-09 13:00:00', NULL),
(3128, 69, 16, '0', '2020-01-09 13:00:00', '2020-01-09 13:00:00', NULL),
(3129, 70, 16, '0', '2020-01-09 13:00:00', '2020-01-09 13:00:00', NULL),
(3130, 71, 16, '1', '2020-01-09 13:00:00', '2020-01-09 13:00:00', NULL),
(3131, 72, 16, '0', '2020-01-09 13:00:00', '2020-01-09 13:00:00', NULL),
(3132, 73, 16, '0', '2020-01-09 13:00:00', '2020-01-09 13:00:00', NULL),
(3133, 74, 16, '0', '2020-01-09 13:00:00', '2020-01-09 13:00:00', NULL),
(3134, 75, 16, '1', '2020-01-09 13:00:00', '2020-01-09 13:00:00', NULL),
(3135, 76, 16, '0', '2020-01-09 13:00:00', '2020-01-09 13:00:00', NULL),
(3136, 77, 16, '0', '2020-01-09 13:00:00', '2020-01-09 13:00:00', NULL),
(3137, 78, 16, '1', '2020-01-09 13:00:00', '2020-01-09 13:00:00', NULL),
(3138, 79, 16, '0', '2020-01-09 13:00:00', '2020-01-09 13:00:00', NULL),
(3139, 65, 17, '0', '2020-01-30 08:00:00', '2020-01-30 08:00:00', NULL),
(3140, 66, 17, '1', '2020-01-30 08:00:00', '2020-01-30 08:00:00', NULL),
(3141, 67, 17, '1', '2020-01-30 08:00:00', '2020-01-30 08:00:00', NULL),
(3142, 68, 17, '1', '2020-01-30 08:00:00', '2020-01-30 08:00:00', NULL),
(3143, 69, 17, '0', '2020-01-30 08:00:00', '2020-01-30 08:00:00', NULL),
(3144, 70, 17, '0', '2020-01-30 08:00:00', '2020-01-30 08:00:00', NULL),
(3145, 71, 17, '0', '2020-01-30 08:00:00', '2020-01-30 08:00:00', NULL),
(3146, 72, 17, '1', '2020-01-30 08:00:00', '2020-01-30 08:00:00', NULL),
(3147, 73, 17, '0', '2020-01-30 08:00:00', '2020-01-30 08:00:00', NULL),
(3148, 74, 17, '1', '2020-01-30 08:00:00', '2020-01-30 08:00:00', NULL),
(3149, 75, 17, '0', '2020-01-30 08:00:00', '2020-01-30 08:00:00', NULL),
(3150, 76, 17, '1', '2020-01-30 08:00:00', '2020-01-30 08:00:00', NULL),
(3151, 77, 17, '0', '2020-01-30 08:00:00', '2020-01-30 08:00:00', NULL),
(3152, 78, 17, '0', '2020-01-30 08:00:00', '2020-01-30 08:00:00', NULL),
(3153, 79, 17, '0', '2020-01-30 08:00:00', '2020-01-30 08:00:00', NULL),
(3154, 65, 17, '1', '2020-01-13 12:00:00', '2020-01-13 12:00:00', NULL),
(3155, 66, 17, '1', '2020-01-13 12:00:00', '2020-01-13 12:00:00', NULL),
(3156, 67, 17, '0', '2020-01-13 12:00:00', '2020-01-13 12:00:00', NULL),
(3157, 68, 17, '1', '2020-01-13 12:00:00', '2020-01-13 12:00:00', NULL),
(3158, 69, 17, '1', '2020-01-13 12:00:00', '2020-01-13 12:00:00', NULL),
(3159, 70, 17, '1', '2020-01-13 12:00:00', '2020-01-13 12:00:00', NULL),
(3160, 71, 17, '1', '2020-01-13 12:00:00', '2020-01-13 12:00:00', NULL),
(3161, 72, 17, '1', '2020-01-13 12:00:00', '2020-01-13 12:00:00', NULL),
(3162, 73, 17, '1', '2020-01-13 12:00:00', '2020-01-13 12:00:00', NULL),
(3163, 74, 17, '0', '2020-01-13 12:00:00', '2020-01-13 12:00:00', NULL),
(3164, 75, 17, '0', '2020-01-13 12:00:00', '2020-01-13 12:00:00', NULL),
(3165, 76, 17, '1', '2020-01-13 12:00:00', '2020-01-13 12:00:00', NULL),
(3166, 77, 17, '0', '2020-01-13 12:00:00', '2020-01-13 12:00:00', NULL),
(3167, 78, 17, '0', '2020-01-13 12:00:00', '2020-01-13 12:00:00', NULL),
(3168, 79, 17, '1', '2020-01-13 12:00:00', '2020-01-13 12:00:00', NULL),
(3169, 65, 17, '1', '2020-01-30 10:00:00', '2020-01-30 10:00:00', NULL),
(3170, 66, 17, '1', '2020-01-30 10:00:00', '2020-01-30 10:00:00', NULL),
(3171, 67, 17, '0', '2020-01-30 10:00:00', '2020-01-30 10:00:00', NULL),
(3172, 68, 17, '1', '2020-01-30 10:00:00', '2020-01-30 10:00:00', NULL),
(3173, 69, 17, '1', '2020-01-30 10:00:00', '2020-01-30 10:00:00', NULL),
(3174, 70, 17, '1', '2020-01-30 10:00:00', '2020-01-30 10:00:00', NULL),
(3175, 71, 17, '0', '2020-01-30 10:00:00', '2020-01-30 10:00:00', NULL),
(3176, 72, 17, '0', '2020-01-30 10:00:00', '2020-01-30 10:00:00', NULL),
(3177, 73, 17, '0', '2020-01-30 10:00:00', '2020-01-30 10:00:00', NULL),
(3178, 74, 17, '0', '2020-01-30 10:00:00', '2020-01-30 10:00:00', NULL),
(3179, 75, 17, '0', '2020-01-30 10:00:00', '2020-01-30 10:00:00', NULL),
(3180, 76, 17, '0', '2020-01-30 10:00:00', '2020-01-30 10:00:00', NULL),
(3181, 77, 17, '1', '2020-01-30 10:00:00', '2020-01-30 10:00:00', NULL),
(3182, 78, 17, '1', '2020-01-30 10:00:00', '2020-01-30 10:00:00', NULL),
(3183, 79, 17, '0', '2020-01-30 10:00:00', '2020-01-30 10:00:00', NULL),
(3184, 65, 18, '0', '2020-01-01 12:00:00', '2020-01-01 12:00:00', NULL),
(3185, 66, 18, '1', '2020-01-01 12:00:00', '2020-01-01 12:00:00', NULL),
(3186, 67, 18, '0', '2020-01-01 12:00:00', '2020-01-01 12:00:00', NULL),
(3187, 68, 18, '1', '2020-01-01 12:00:00', '2020-01-01 12:00:00', NULL),
(3188, 69, 18, '0', '2020-01-01 12:00:00', '2020-01-01 12:00:00', NULL),
(3189, 70, 18, '0', '2020-01-01 12:00:00', '2020-01-01 12:00:00', NULL),
(3190, 71, 18, '1', '2020-01-01 12:00:00', '2020-01-01 12:00:00', NULL),
(3191, 72, 18, '0', '2020-01-01 12:00:00', '2020-01-01 12:00:00', NULL),
(3192, 73, 18, '1', '2020-01-01 12:00:00', '2020-01-01 12:00:00', NULL),
(3193, 74, 18, '0', '2020-01-01 12:00:00', '2020-01-01 12:00:00', NULL),
(3194, 75, 18, '1', '2020-01-01 12:00:00', '2020-01-01 12:00:00', NULL),
(3195, 76, 18, '0', '2020-01-01 12:00:00', '2020-01-01 12:00:00', NULL),
(3196, 77, 18, '0', '2020-01-01 12:00:00', '2020-01-01 12:00:00', NULL),
(3197, 78, 18, '0', '2020-01-01 12:00:00', '2020-01-01 12:00:00', NULL),
(3198, 79, 18, '0', '2020-01-01 12:00:00', '2020-01-01 12:00:00', NULL),
(3199, 65, 18, '0', '2020-01-20 14:00:00', '2020-01-20 14:00:00', NULL),
(3200, 66, 18, '1', '2020-01-20 14:00:00', '2020-01-20 14:00:00', NULL),
(3201, 67, 18, '0', '2020-01-20 14:00:00', '2020-01-20 14:00:00', NULL),
(3202, 68, 18, '0', '2020-01-20 14:00:00', '2020-01-20 14:00:00', NULL),
(3203, 69, 18, '0', '2020-01-20 14:00:00', '2020-01-20 14:00:00', NULL),
(3204, 70, 18, '0', '2020-01-20 14:00:00', '2020-01-20 14:00:00', NULL),
(3205, 71, 18, '1', '2020-01-20 14:00:00', '2020-01-20 14:00:00', NULL),
(3206, 72, 18, '1', '2020-01-20 14:00:00', '2020-01-20 14:00:00', NULL),
(3207, 73, 18, '0', '2020-01-20 14:00:00', '2020-01-20 14:00:00', NULL),
(3208, 74, 18, '1', '2020-01-20 14:00:00', '2020-01-20 14:00:00', NULL),
(3209, 75, 18, '1', '2020-01-20 14:00:00', '2020-01-20 14:00:00', NULL),
(3210, 76, 18, '1', '2020-01-20 14:00:00', '2020-01-20 14:00:00', NULL),
(3211, 77, 18, '0', '2020-01-20 14:00:00', '2020-01-20 14:00:00', NULL),
(3212, 78, 18, '1', '2020-01-20 14:00:00', '2020-01-20 14:00:00', NULL),
(3213, 79, 18, '1', '2020-01-20 14:00:00', '2020-01-20 14:00:00', NULL),
(3214, 65, 18, '0', '2020-01-22 09:00:00', '2020-01-22 09:00:00', NULL),
(3215, 66, 18, '0', '2020-01-22 09:00:00', '2020-01-22 09:00:00', NULL),
(3216, 67, 18, '1', '2020-01-22 09:00:00', '2020-01-22 09:00:00', NULL),
(3217, 68, 18, '0', '2020-01-22 09:00:00', '2020-01-22 09:00:00', NULL),
(3218, 69, 18, '0', '2020-01-22 09:00:00', '2020-01-22 09:00:00', NULL),
(3219, 70, 18, '0', '2020-01-22 09:00:00', '2020-01-22 09:00:00', NULL),
(3220, 71, 18, '1', '2020-01-22 09:00:00', '2020-01-22 09:00:00', NULL),
(3221, 72, 18, '0', '2020-01-22 09:00:00', '2020-01-22 09:00:00', NULL),
(3222, 73, 18, '0', '2020-01-22 09:00:00', '2020-01-22 09:00:00', NULL),
(3223, 74, 18, '1', '2020-01-22 09:00:00', '2020-01-22 09:00:00', NULL),
(3224, 75, 18, '1', '2020-01-22 09:00:00', '2020-01-22 09:00:00', NULL),
(3225, 76, 18, '1', '2020-01-22 09:00:00', '2020-01-22 09:00:00', NULL),
(3226, 77, 18, '0', '2020-01-22 09:00:00', '2020-01-22 09:00:00', NULL),
(3227, 78, 18, '0', '2020-01-22 09:00:00', '2020-01-22 09:00:00', NULL),
(3228, 79, 18, '0', '2020-01-22 09:00:00', '2020-01-22 09:00:00', NULL),
(3229, 65, 19, '0', '2020-01-15 10:00:00', '2020-01-15 10:00:00', NULL),
(3230, 66, 19, '1', '2020-01-15 10:00:00', '2020-01-15 10:00:00', NULL),
(3231, 67, 19, '0', '2020-01-15 10:00:00', '2020-01-15 10:00:00', NULL),
(3232, 68, 19, '1', '2020-01-15 10:00:00', '2020-01-15 10:00:00', NULL),
(3233, 69, 19, '0', '2020-01-15 10:00:00', '2020-01-15 10:00:00', NULL),
(3234, 70, 19, '0', '2020-01-15 10:00:00', '2020-01-15 10:00:00', NULL),
(3235, 71, 19, '0', '2020-01-15 10:00:00', '2020-01-15 10:00:00', NULL),
(3236, 72, 19, '0', '2020-01-15 10:00:00', '2020-01-15 10:00:00', NULL),
(3237, 73, 19, '1', '2020-01-15 10:00:00', '2020-01-15 10:00:00', NULL),
(3238, 74, 19, '1', '2020-01-15 10:00:00', '2020-01-15 10:00:00', NULL),
(3239, 75, 19, '0', '2020-01-15 10:00:00', '2020-01-15 10:00:00', NULL),
(3240, 76, 19, '0', '2020-01-15 10:00:00', '2020-01-15 10:00:00', NULL),
(3241, 77, 19, '0', '2020-01-15 10:00:00', '2020-01-15 10:00:00', NULL),
(3242, 78, 19, '1', '2020-01-15 10:00:00', '2020-01-15 10:00:00', NULL),
(3243, 79, 19, '1', '2020-01-15 10:00:00', '2020-01-15 10:00:00', NULL),
(3244, 65, 19, '0', '2020-01-29 11:00:00', '2020-01-29 11:00:00', NULL),
(3245, 66, 19, '0', '2020-01-29 11:00:00', '2020-01-29 11:00:00', NULL),
(3246, 67, 19, '0', '2020-01-29 11:00:00', '2020-01-29 11:00:00', NULL),
(3247, 68, 19, '1', '2020-01-29 11:00:00', '2020-01-29 11:00:00', NULL),
(3248, 69, 19, '0', '2020-01-29 11:00:00', '2020-01-29 11:00:00', NULL),
(3249, 70, 19, '1', '2020-01-29 11:00:00', '2020-01-29 11:00:00', NULL),
(3250, 71, 19, '1', '2020-01-29 11:00:00', '2020-01-29 11:00:00', NULL),
(3251, 72, 19, '1', '2020-01-29 11:00:00', '2020-01-29 11:00:00', NULL),
(3252, 73, 19, '1', '2020-01-29 11:00:00', '2020-01-29 11:00:00', NULL),
(3253, 74, 19, '1', '2020-01-29 11:00:00', '2020-01-29 11:00:00', NULL),
(3254, 75, 19, '0', '2020-01-29 11:00:00', '2020-01-29 11:00:00', NULL),
(3255, 76, 19, '0', '2020-01-29 11:00:00', '2020-01-29 11:00:00', NULL),
(3256, 77, 19, '0', '2020-01-29 11:00:00', '2020-01-29 11:00:00', NULL),
(3257, 78, 19, '1', '2020-01-29 11:00:00', '2020-01-29 11:00:00', NULL),
(3258, 79, 19, '1', '2020-01-29 11:00:00', '2020-01-29 11:00:00', NULL),
(3259, 65, 19, '1', '2020-01-28 13:00:00', '2020-01-28 13:00:00', NULL),
(3260, 66, 19, '1', '2020-01-28 13:00:00', '2020-01-28 13:00:00', NULL),
(3261, 67, 19, '0', '2020-01-28 13:00:00', '2020-01-28 13:00:00', NULL),
(3262, 68, 19, '0', '2020-01-28 13:00:00', '2020-01-28 13:00:00', NULL),
(3263, 69, 19, '0', '2020-01-28 13:00:00', '2020-01-28 13:00:00', NULL),
(3264, 70, 19, '1', '2020-01-28 13:00:00', '2020-01-28 13:00:00', NULL),
(3265, 71, 19, '0', '2020-01-28 13:00:00', '2020-01-28 13:00:00', NULL),
(3266, 72, 19, '1', '2020-01-28 13:00:00', '2020-01-28 13:00:00', NULL),
(3267, 73, 19, '1', '2020-01-28 13:00:00', '2020-01-28 13:00:00', NULL),
(3268, 74, 19, '0', '2020-01-28 13:00:00', '2020-01-28 13:00:00', NULL),
(3269, 75, 19, '0', '2020-01-28 13:00:00', '2020-01-28 13:00:00', NULL),
(3270, 76, 19, '0', '2020-01-28 13:00:00', '2020-01-28 13:00:00', NULL),
(3271, 77, 19, '1', '2020-01-28 13:00:00', '2020-01-28 13:00:00', NULL),
(3272, 78, 19, '0', '2020-01-28 13:00:00', '2020-01-28 13:00:00', NULL),
(3273, 79, 19, '1', '2020-01-28 13:00:00', '2020-01-28 13:00:00', NULL),
(3274, 65, 20, '1', '2020-01-09 07:00:00', '2020-01-09 07:00:00', NULL),
(3275, 66, 20, '1', '2020-01-09 07:00:00', '2020-01-09 07:00:00', NULL),
(3276, 67, 20, '0', '2020-01-09 07:00:00', '2020-01-09 07:00:00', NULL),
(3277, 68, 20, '0', '2020-01-09 07:00:00', '2020-01-09 07:00:00', NULL),
(3278, 69, 20, '0', '2020-01-09 07:00:00', '2020-01-09 07:00:00', NULL),
(3279, 70, 20, '0', '2020-01-09 07:00:00', '2020-01-09 07:00:00', NULL),
(3280, 71, 20, '1', '2020-01-09 07:00:00', '2020-01-09 07:00:00', NULL),
(3281, 72, 20, '1', '2020-01-09 07:00:00', '2020-01-09 07:00:00', NULL),
(3282, 73, 20, '0', '2020-01-09 07:00:00', '2020-01-09 07:00:00', NULL),
(3283, 74, 20, '1', '2020-01-09 07:00:00', '2020-01-09 07:00:00', NULL),
(3284, 75, 20, '1', '2020-01-09 07:00:00', '2020-01-09 07:00:00', NULL),
(3285, 76, 20, '1', '2020-01-09 07:00:00', '2020-01-09 07:00:00', NULL),
(3286, 77, 20, '1', '2020-01-09 07:00:00', '2020-01-09 07:00:00', NULL),
(3287, 78, 20, '1', '2020-01-09 07:00:00', '2020-01-09 07:00:00', NULL),
(3288, 79, 20, '1', '2020-01-09 07:00:00', '2020-01-09 07:00:00', NULL),
(3289, 65, 20, '0', '2020-01-21 15:00:00', '2020-01-21 15:00:00', NULL),
(3290, 66, 20, '1', '2020-01-21 15:00:00', '2020-01-21 15:00:00', NULL),
(3291, 67, 20, '0', '2020-01-21 15:00:00', '2020-01-21 15:00:00', NULL),
(3292, 68, 20, '1', '2020-01-21 15:00:00', '2020-01-21 15:00:00', NULL),
(3293, 69, 20, '1', '2020-01-21 15:00:00', '2020-01-21 15:00:00', NULL),
(3294, 70, 20, '0', '2020-01-21 15:00:00', '2020-01-21 15:00:00', NULL),
(3295, 71, 20, '1', '2020-01-21 15:00:00', '2020-01-21 15:00:00', NULL),
(3296, 72, 20, '1', '2020-01-21 15:00:00', '2020-01-21 15:00:00', NULL),
(3297, 73, 20, '0', '2020-01-21 15:00:00', '2020-01-21 15:00:00', NULL),
(3298, 74, 20, '0', '2020-01-21 15:00:00', '2020-01-21 15:00:00', NULL),
(3299, 75, 20, '1', '2020-01-21 15:00:00', '2020-01-21 15:00:00', NULL),
(3300, 76, 20, '1', '2020-01-21 15:00:00', '2020-01-21 15:00:00', NULL),
(3301, 77, 20, '0', '2020-01-21 15:00:00', '2020-01-21 15:00:00', NULL),
(3302, 78, 20, '1', '2020-01-21 15:00:00', '2020-01-21 15:00:00', NULL),
(3303, 79, 20, '0', '2020-01-21 15:00:00', '2020-01-21 15:00:00', NULL),
(3304, 65, 20, '1', '2020-01-06 13:00:00', '2020-01-06 13:00:00', NULL),
(3305, 66, 20, '0', '2020-01-06 13:00:00', '2020-01-06 13:00:00', NULL),
(3306, 67, 20, '0', '2020-01-06 13:00:00', '2020-01-06 13:00:00', NULL),
(3307, 68, 20, '1', '2020-01-06 13:00:00', '2020-01-06 13:00:00', NULL),
(3308, 69, 20, '0', '2020-01-06 13:00:00', '2020-01-06 13:00:00', NULL),
(3309, 70, 20, '1', '2020-01-06 13:00:00', '2020-01-06 13:00:00', NULL),
(3310, 71, 20, '0', '2020-01-06 13:00:00', '2020-01-06 13:00:00', NULL),
(3311, 72, 20, '0', '2020-01-06 13:00:00', '2020-01-06 13:00:00', NULL),
(3312, 73, 20, '0', '2020-01-06 13:00:00', '2020-01-06 13:00:00', NULL),
(3313, 74, 20, '0', '2020-01-06 13:00:00', '2020-01-06 13:00:00', NULL),
(3314, 75, 20, '1', '2020-01-06 13:00:00', '2020-01-06 13:00:00', NULL),
(3315, 76, 20, '1', '2020-01-06 13:00:00', '2020-01-06 13:00:00', NULL),
(3316, 77, 20, '1', '2020-01-06 13:00:00', '2020-01-06 13:00:00', NULL),
(3317, 78, 20, '0', '2020-01-06 13:00:00', '2020-01-06 13:00:00', NULL),
(3318, 79, 20, '0', '2020-01-06 13:00:00', '2020-01-06 13:00:00', NULL),
(3367, 1, 1, '0', '2020-03-26 10:35:37', '2020-03-26 10:36:15', NULL),
(3368, 2, 1, '0', '2020-03-26 10:35:37', '2020-03-26 10:36:15', NULL),
(3369, 3, 1, '0', '2020-03-26 10:35:37', '2020-03-26 10:36:15', NULL),
(3370, 4, 1, '0', '2020-03-26 10:35:37', '2020-03-26 10:36:15', NULL),
(3371, 5, 1, '1', '2020-03-26 10:35:37', '2020-03-26 10:36:27', NULL),
(3372, 6, 1, '1', '2020-03-26 10:35:37', '2020-03-26 10:36:27', NULL),
(3373, 7, 1, '1', '2020-03-26 10:35:37', '2020-03-26 10:36:27', NULL),
(3374, 8, 1, '1', '2020-03-26 10:35:37', '2020-03-26 10:36:27', NULL),
(3375, 9, 1, '1', '2020-03-26 10:35:37', '2020-03-26 10:36:27', NULL),
(3376, 10, 1, '1', '2020-03-26 10:35:37', '2020-03-26 10:36:27', NULL),
(3377, 11, 1, '1', '2020-03-26 10:35:37', '2020-03-26 10:36:27', NULL),
(3378, 12, 1, '0', '2020-03-26 10:35:37', '2020-03-26 10:35:37', NULL),
(3379, 13, 1, '0', '2020-03-26 10:35:37', '2020-03-26 10:36:15', NULL),
(3380, 14, 1, '0', '2020-03-26 10:35:37', '2020-03-26 10:36:15', NULL),
(3381, 15, 1, '0', '2020-03-26 10:35:37', '2020-03-26 10:36:15', NULL),
(3382, 16, 1, '0', '2020-03-26 10:35:37', '2020-03-26 10:35:37', NULL),
(3383, 17, 1, '0', '2020-03-26 10:35:37', '2020-03-26 10:35:37', NULL),
(3384, 18, 1, '0', '2020-03-26 10:35:37', '2020-03-26 10:36:15', NULL),
(3385, 19, 1, '0', '2020-03-26 10:35:37', '2020-03-26 10:35:37', NULL),
(3386, 20, 1, '1', '2020-03-26 10:35:37', '2020-03-26 15:34:21', NULL),
(3387, 21, 1, '0', '2020-03-26 10:35:37', '2020-03-26 10:36:15', NULL),
(3388, 22, 1, '0', '2020-03-26 10:35:37', '2020-03-26 10:36:15', NULL),
(3389, 23, 1, '0', '2020-03-26 10:35:37', '2020-03-26 10:35:37', NULL),
(3390, 24, 1, '0', '2020-03-26 10:35:37', '2020-03-26 10:36:15', NULL),
(3391, 1, 2, '1', '2020-04-15 13:12:19', '2020-04-15 13:12:19', NULL),
(3392, 2, 2, '1', '2020-04-15 13:12:19', '2020-04-15 13:12:19', NULL),
(3393, 3, 2, '1', '2020-04-15 13:12:19', '2020-04-15 13:12:19', NULL),
(3394, 4, 2, '1', '2020-04-15 13:12:19', '2020-04-15 13:12:19', NULL),
(3395, 5, 2, '1', '2020-04-15 13:12:19', '2020-04-15 13:12:19', NULL),
(3396, 6, 2, '1', '2020-04-15 13:12:19', '2020-04-15 13:12:19', NULL),
(3397, 7, 2, '1', '2020-04-15 13:12:19', '2020-04-15 13:12:19', NULL),
(3398, 8, 2, '0', '2020-04-15 13:12:19', '2020-04-15 13:12:19', NULL),
(3399, 9, 2, '1', '2020-04-15 13:12:19', '2020-04-15 13:12:19', NULL),
(3400, 10, 2, '1', '2020-04-15 13:12:19', '2020-04-15 13:12:19', NULL),
(3401, 11, 2, '1', '2020-04-15 13:12:19', '2020-04-15 13:12:19', NULL),
(3402, 12, 2, '1', '2020-04-15 13:12:19', '2020-04-15 13:12:19', NULL),
(3403, 13, 2, '1', '2020-04-15 13:12:19', '2020-04-15 13:12:19', NULL),
(3404, 14, 2, '1', '2020-04-15 13:12:19', '2020-04-15 13:12:19', NULL),
(3405, 15, 2, '1', '2020-04-15 13:12:19', '2020-04-15 13:12:19', NULL),
(3406, 16, 2, '1', '2020-04-15 13:12:19', '2020-04-15 13:12:19', NULL),
(3407, 17, 2, '1', '2020-04-15 13:12:19', '2020-04-15 13:12:19', NULL),
(3408, 18, 2, '1', '2020-04-15 13:12:19', '2020-04-15 13:12:19', NULL),
(3409, 19, 2, '1', '2020-04-15 13:12:19', '2020-04-15 13:12:19', NULL),
(3410, 20, 2, '1', '2020-04-15 13:12:19', '2020-04-15 13:12:19', NULL),
(3411, 21, 2, '1', '2020-04-15 13:12:19', '2020-04-15 13:12:19', NULL),
(3412, 22, 2, '1', '2020-04-15 13:12:19', '2020-04-15 13:12:19', NULL),
(3413, 23, 2, '1', '2020-04-15 13:12:19', '2020-04-15 13:12:19', NULL),
(3414, 24, 2, '1', '2020-04-15 13:12:19', '2020-04-15 13:12:19', NULL),
(3415, 1, 1, '1', '2020-04-15 21:00:00', '2020-04-15 21:00:00', NULL),
(3416, 2, 1, '0', '2020-04-15 21:00:00', '2020-04-15 21:00:00', NULL),
(3417, 3, 1, '1', '2020-04-15 21:00:00', '2020-04-15 21:00:00', NULL),
(3418, 4, 1, '0', '2020-04-15 21:00:00', '2020-04-15 21:00:00', NULL),
(3419, 5, 1, '0', '2020-04-15 21:00:00', '2020-04-15 21:00:00', NULL),
(3420, 6, 1, '0', '2020-04-15 21:00:00', '2020-04-15 21:49:35', NULL),
(3421, 7, 1, '1', '2020-04-15 21:00:00', '2020-04-15 21:00:00', NULL),
(3422, 8, 1, '1', '2020-04-15 21:00:00', '2020-04-15 21:00:00', NULL),
(3423, 9, 1, '0', '2020-04-15 21:00:00', '2020-04-15 21:00:00', NULL),
(3424, 10, 1, '0', '2020-04-15 21:00:00', '2020-04-15 21:00:00', NULL),
(3425, 11, 1, '1', '2020-04-15 21:00:00', '2020-04-15 21:00:00', NULL),
(3426, 12, 1, '1', '2020-04-15 21:00:00', '2020-04-15 21:00:00', NULL),
(3427, 13, 1, '1', '2020-04-15 21:00:00', '2020-04-15 21:00:00', NULL),
(3428, 14, 1, '0', '2020-04-15 21:00:00', '2020-04-15 21:00:00', NULL),
(3429, 15, 1, '0', '2020-04-15 21:00:00', '2020-04-15 21:00:00', NULL),
(3430, 16, 1, '1', '2020-04-15 21:00:00', '2020-04-15 21:00:00', NULL),
(3431, 17, 1, '1', '2020-04-15 21:00:00', '2020-04-15 21:00:00', NULL),
(3432, 18, 1, '0', '2020-04-15 21:00:00', '2020-04-15 21:00:00', NULL),
(3433, 19, 1, '1', '2020-04-15 21:00:00', '2020-04-15 21:00:00', NULL),
(3434, 20, 1, '0', '2020-04-15 21:00:00', '2020-04-15 21:00:00', NULL),
(3435, 21, 1, '0', '2020-04-15 21:00:00', '2020-04-15 21:00:00', NULL),
(3436, 22, 1, '1', '2020-04-15 21:00:00', '2020-04-15 21:00:00', NULL),
(3437, 23, 1, '0', '2020-04-15 21:00:00', '2020-04-15 21:00:00', NULL),
(3438, 24, 1, '1', '2020-04-15 21:00:00', '2020-04-15 21:00:00', NULL),
(3440, 87, 1, '1', '2020-01-23 07:00:00', '2020-01-23 07:00:00', NULL),
(3441, 87, 1, '1', '2020-01-29 16:00:00', '2020-01-29 16:00:00', NULL),
(3442, 87, 1, '1', '2020-01-04 16:00:00', '2020-01-04 16:00:00', NULL),
(3443, 87, 1, '1', '2020-03-26 10:35:37', '2020-03-26 10:35:37', NULL),
(3444, 87, 1, '1', '2020-04-15 21:00:00', '2020-04-15 21:00:00', NULL),
(3445, 87, 2, '1', '2020-01-18 11:00:00', '2020-01-18 11:00:00', NULL),
(3446, 87, 2, '1', '2020-01-11 14:00:00', '2020-01-11 14:00:00', NULL),
(3447, 87, 2, '1', '2020-01-30 06:00:00', '2020-01-30 06:00:00', NULL),
(3448, 87, 2, '1', '2020-04-15 13:12:19', '2020-04-15 13:12:19', NULL),
(3449, 87, 3, '1', '2020-01-01 14:00:00', '2020-01-01 14:00:00', NULL),
(3450, 87, 3, '1', '2020-01-19 12:00:00', '2020-01-19 12:00:00', NULL),
(3451, 87, 3, '1', '2020-01-14 08:00:00', '2020-01-14 08:00:00', NULL),
(3452, 87, 4, '1', '2020-01-15 08:00:00', '2020-01-15 08:00:00', NULL),
(3453, 87, 4, '1', '2020-01-26 11:00:00', '2020-01-26 11:00:00', NULL),
(3454, 87, 4, '1', '2020-01-22 09:00:00', '2020-01-22 09:00:00', NULL),
(3455, 87, 5, '1', '2020-01-20 14:00:00', '2020-01-20 14:00:00', NULL),
(3456, 87, 5, '1', '2020-01-19 07:00:00', '2020-01-19 07:00:00', NULL),
(3457, 87, 5, '1', '2020-01-27 08:00:00', '2020-01-27 08:00:00', NULL),
(3458, 87, 6, '1', '2020-01-13 15:00:00', '2020-01-13 15:00:00', NULL),
(3459, 87, 6, '1', '2020-01-09 16:00:00', '2020-01-09 16:00:00', NULL),
(3460, 87, 6, '1', '2020-01-23 16:00:00', '2020-01-23 16:00:00', NULL),
(3461, 87, 7, '1', '2020-01-28 08:00:00', '2020-01-28 08:00:00', NULL),
(3462, 87, 7, '1', '2020-01-12 09:00:00', '2020-01-12 09:00:00', NULL),
(3463, 87, 7, '1', '2020-01-24 06:00:00', '2020-01-24 06:00:00', NULL),
(3464, 87, 8, '1', '2020-01-10 16:00:00', '2020-01-10 16:00:00', NULL),
(3465, 87, 8, '1', '2020-01-09 07:00:00', '2020-01-09 07:00:00', NULL),
(3466, 87, 8, '1', '2020-01-21 14:00:00', '2020-01-21 14:00:00', NULL),
(3467, 87, 9, '1', '2020-01-01 10:00:00', '2020-01-01 10:00:00', NULL),
(3468, 87, 9, '1', '2020-01-03 13:00:00', '2020-01-03 13:00:00', NULL),
(3469, 87, 9, '1', '2020-01-08 07:00:00', '2020-01-08 07:00:00', NULL),
(3470, 87, 10, '1', '2020-01-16 15:00:00', '2020-01-16 15:00:00', NULL),
(3471, 87, 10, '1', '2020-01-30 15:00:00', '2020-01-30 15:00:00', NULL),
(3472, 87, 10, '1', '2020-01-30 08:00:00', '2020-01-30 08:00:00', NULL),
(3473, 87, 11, '1', '2020-01-22 10:00:00', '2020-01-22 10:00:00', NULL),
(3474, 87, 11, '1', '2020-01-18 13:00:00', '2020-01-18 13:00:00', NULL),
(3475, 87, 11, '1', '2020-01-19 12:00:00', '2020-01-19 12:00:00', NULL),
(3476, 87, 12, '1', '2020-01-23 15:00:00', '2020-01-23 15:00:00', NULL),
(3477, 87, 12, '1', '2020-01-23 11:00:00', '2020-01-23 11:00:00', NULL),
(3478, 87, 12, '1', '2020-01-27 15:00:00', '2020-01-27 15:00:00', NULL),
(3479, 87, 13, '1', '2020-01-15 06:00:00', '2020-01-15 06:00:00', NULL),
(3480, 87, 13, '1', '2020-01-20 08:00:00', '2020-01-20 08:00:00', NULL),
(3481, 87, 13, '1', '2020-01-14 12:00:00', '2020-01-14 12:00:00', NULL),
(3482, 87, 14, '1', '2020-01-11 16:00:00', '2020-01-11 16:00:00', NULL),
(3483, 87, 14, '1', '2020-01-18 13:00:00', '2020-01-18 13:00:00', NULL),
(3484, 87, 14, '1', '2020-01-08 08:00:00', '2020-01-08 08:00:00', NULL),
(3485, 25, 13, '1', '2020-05-02 07:45:43', '2020-05-02 07:45:43', NULL),
(3486, 26, 13, '1', '2020-05-02 07:45:43', '2020-05-02 07:45:43', NULL),
(3487, 27, 13, '1', '2020-05-02 07:45:46', '2020-05-02 07:45:46', NULL),
(3488, 28, 13, '0', '2020-05-02 07:45:47', '2020-05-02 07:45:47', NULL),
(3489, 29, 13, '1', '2020-05-02 07:45:47', '2020-05-02 07:45:47', NULL),
(3490, 30, 13, '0', '2020-05-02 07:45:48', '2020-05-02 07:45:48', NULL),
(3491, 31, 13, '1', '2020-05-02 07:45:49', '2020-05-02 07:45:49', NULL),
(3492, 32, 13, '0', '2020-05-02 07:45:50', '2020-05-02 07:45:50', NULL),
(3493, 33, 13, '0', '2020-05-02 07:45:51', '2020-05-02 07:45:51', NULL),
(3494, 34, 13, '0', '2020-05-02 07:45:51', '2020-05-02 07:45:51', NULL),
(3495, 35, 13, '1', '2020-05-02 07:45:52', '2020-05-02 07:45:52', NULL),
(3496, 36, 13, '1', '2020-05-02 07:45:52', '2020-05-02 07:45:52', NULL),
(3497, 37, 13, '0', '2020-05-02 07:45:53', '2020-05-02 07:45:53', NULL),
(3498, 38, 13, '1', '2020-05-02 07:45:54', '2020-05-02 07:45:54', NULL),
(3499, 39, 13, '0', '2020-05-02 07:45:55', '2020-05-02 07:45:55', NULL),
(3500, 40, 13, '0', '2020-05-02 07:45:56', '2020-05-02 07:45:56', NULL),
(3501, 41, 13, '1', '2020-05-02 07:45:57', '2020-05-02 07:45:57', NULL),
(3502, 42, 13, '1', '2020-05-02 07:45:57', '2020-05-02 07:45:57', NULL),
(3503, 43, 13, '1', '2020-05-02 07:45:58', '2020-05-02 07:45:58', NULL);

-- --------------------------------------------------------

--
-- Структура таблицы `migrations`
--

CREATE TABLE `migrations` (
  `id` int(10) UNSIGNED NOT NULL,
  `migration` varchar(255) COLLATE utf8mb4_unicode_ci NOT NULL,
  `batch` int(11) NOT NULL
) ENGINE=InnoDB DEFAULT CHARSET=utf8mb4 COLLATE=utf8mb4_unicode_ci;

--
-- Дамп данных таблицы `migrations`
--

INSERT INTO `migrations` (`id`, `migration`, `batch`) VALUES
(1, '2014_10_12_000000_create_users_table', 1),
(2, '2019_08_19_000000_create_failed_jobs_table', 1);

-- --------------------------------------------------------

--
-- Структура таблицы `roles`
--

CREATE TABLE `roles` (
  `id` int(11) UNSIGNED NOT NULL,
  `name` varchar(255) NOT NULL,
  `title` varchar(255) NOT NULL
) ENGINE=InnoDB DEFAULT CHARSET=utf8;

--
-- Дамп данных таблицы `roles`
--

INSERT INTO `roles` (`id`, `name`, `title`) VALUES
(1, 'admin', 'Администратор'),
(2, 'user', 'Пользователь'),
(3, 'tutor', 'Преподаватель'),
(4, 'monitor', 'Староста'),
(5, 'group', 'Группа');

-- --------------------------------------------------------

--
-- Структура таблицы `students`
--

CREATE TABLE `students` (
  `id` bigint(20) UNSIGNED NOT NULL,
  `group_id` int(10) UNSIGNED NOT NULL,
  `lastname` varchar(255) NOT NULL,
  `firstname` varchar(255) NOT NULL,
  `fathername` varchar(255) NOT NULL,
  `email` varchar(255) DEFAULT NULL,
  `phone` varchar(20) DEFAULT NULL,
  `created_at` timestamp NOT NULL DEFAULT CURRENT_TIMESTAMP ON UPDATE CURRENT_TIMESTAMP,
  `updated_at` timestamp NOT NULL DEFAULT '0000-00-00 00:00:00',
  `deleted_at` timestamp NULL DEFAULT NULL
) ENGINE=InnoDB DEFAULT CHARSET=utf8;

--
-- Дамп данных таблицы `students`
--

INSERT INTO `students` (`id`, `group_id`, `lastname`, `firstname`, `fathername`, `email`, `phone`, `created_at`, `updated_at`, `deleted_at`) VALUES
(1, 1, 'Архипенко', 'Дмитро', 'П', NULL, NULL, '2020-03-13 22:00:00', '2020-04-15 14:47:51', NULL),
(2, 1, 'Бабій', 'Іван', 'О', NULL, NULL, '2020-03-13 22:00:00', '2020-04-15 14:54:52', NULL),
(3, 1, 'Бешун', 'Артур', 'Арнольдович', NULL, NULL, '2020-03-13 22:00:00', '2020-03-13 22:00:00', NULL),
(4, 1, 'Діброва', 'Антон', 'Васильович', NULL, NULL, '2020-03-13 22:00:00', '2020-03-13 22:00:00', NULL),
(5, 1, 'Єлманов', 'Богдан', 'Олексійович', NULL, NULL, '2020-03-13 22:00:00', '2020-03-13 22:00:00', NULL),
(6, 1, 'Іваниця', 'Євгеній', 'Ігорович', NULL, NULL, '2020-03-13 22:00:00', '2020-03-13 22:00:00', NULL),
(7, 1, 'Коваленко', 'Аліна', 'Олександрівна', NULL, NULL, '2020-03-13 22:00:00', '2020-03-13 22:00:00', NULL),
(8, 1, 'Коваленко', 'Максим', 'Олексійович', NULL, NULL, '2020-03-13 22:00:00', '2020-03-13 22:00:00', NULL),
(9, 1, 'Кравчук', 'Олександр', 'Петрович', NULL, NULL, '2020-03-13 22:00:00', '2020-03-13 22:00:00', NULL),
(10, 1, 'Ласкавий', 'Олександр', 'Олександрович', NULL, NULL, '2020-03-13 22:00:00', '2020-03-13 22:00:00', NULL),
(11, 1, 'Мороз', 'Микита', 'Володимирович', NULL, NULL, '2020-03-13 22:00:00', '2020-03-13 22:00:00', NULL),
(12, 1, 'Олійник', 'Дмитро', 'Олександрович', NULL, NULL, '2020-03-13 22:00:00', '2020-03-13 22:00:00', NULL),
(13, 1, 'Половинкін', 'Владислав', 'Валерійович', NULL, NULL, '2020-03-13 22:00:00', '2020-03-13 22:00:00', NULL),
(14, 1, 'Полтавець', 'Ольга', 'Андріївна', NULL, NULL, '2020-03-13 22:00:00', '2020-03-13 22:00:00', NULL),
(15, 1, 'Полтавцева', 'Валерія', 'Ігорівна', NULL, NULL, '2020-03-13 22:00:00', '2020-03-13 22:00:00', NULL),
(16, 1, 'Рогальова', 'Оксана', 'Олександрівна', NULL, NULL, '2020-03-13 22:00:00', '2020-03-13 22:00:00', NULL),
(17, 1, 'Сарафанніков', 'Олександр', 'Вікторович', NULL, NULL, '2020-03-13 22:00:00', '2020-03-13 22:00:00', NULL),
(18, 1, 'Скщепа', 'Євгеній', 'Олегович', NULL, NULL, '2020-03-13 22:00:00', '2020-04-15 14:44:20', NULL),
(19, 1, 'Тимошенко', 'Іван', 'Юрійович', NULL, NULL, '2020-03-13 22:00:00', '2020-03-13 22:00:00', NULL),
(20, 1, 'Титарчук', 'Орест', 'Максимович', NULL, NULL, '2020-03-13 22:00:00', '2020-03-13 22:00:00', NULL),
(21, 1, 'Трамбович', 'Антон', 'Русланович', NULL, NULL, '2020-03-13 22:00:00', '2020-03-13 22:00:00', NULL),
(22, 1, 'Харлампович', 'Богдан', 'Вячеславович', NULL, NULL, '2020-03-13 22:00:00', '2020-03-13 22:00:00', NULL),
(23, 1, 'Шевела', 'Ігор', 'Юрійович', NULL, NULL, '2020-03-13 22:00:00', '2020-03-13 22:00:00', NULL),
(24, 1, 'Шукюров', 'Ренат', 'Різван огли', NULL, NULL, '2020-03-13 22:00:00', '2020-03-13 22:00:00', NULL),
(25, 2, 'Барабаш', 'Владислав', 'Іванович', NULL, NULL, '2020-03-13 22:00:00', '2020-03-13 22:00:00', NULL),
(26, 2, 'Ботузов', 'Віктор', 'Андрійович', NULL, NULL, '2020-03-13 22:00:00', '2020-03-13 22:00:00', NULL),
(27, 2, 'Волков', 'Олександр', 'Володимирович', NULL, NULL, '2020-03-13 22:00:00', '2020-03-13 22:00:00', NULL),
(28, 2, 'Гашау', 'Денис', 'Тесфу', NULL, NULL, '2020-03-13 22:00:00', '2020-03-13 22:00:00', NULL),
(29, 2, 'Гритчук', 'Іван', 'Тарасович', NULL, NULL, '2020-03-13 22:00:00', '2020-03-13 22:00:00', NULL),
(30, 2, 'Грязюк', 'Вячеслав', 'Олександрович', NULL, NULL, '2020-03-13 22:00:00', '2020-03-13 22:00:00', NULL),
(31, 2, 'Демченко', 'Андрій', 'Миколайович', NULL, NULL, '2020-03-13 22:00:00', '2020-03-13 22:00:00', NULL),
(32, 2, 'Загребельна', 'Аліна', 'Сергіївна', NULL, NULL, '2020-03-13 22:00:00', '2020-03-13 22:00:00', NULL),
(33, 2, 'Коваль', 'Ярослав', 'Валерійович', NULL, NULL, '2020-03-13 22:00:00', '2020-03-13 22:00:00', NULL),
(34, 2, 'Лесик', 'Максим', 'Олександрович', NULL, NULL, '2020-03-13 22:00:00', '2020-03-13 22:00:00', NULL),
(35, 2, 'Нагорний', 'Єгор', 'Павлович', NULL, NULL, '2020-03-13 22:00:00', '2020-03-13 22:00:00', NULL),
(36, 2, 'Онищенко', 'Роман', 'Сергійович', NULL, NULL, '2020-03-13 22:00:00', '2020-03-13 22:00:00', NULL),
(37, 2, 'Потапов', 'Денис', 'Вікторович', NULL, NULL, '2020-03-13 22:00:00', '2020-03-13 22:00:00', NULL),
(38, 2, 'Сирота', 'Микола', 'Ігорович', NULL, NULL, '2020-03-13 22:00:00', '2020-03-13 22:00:00', NULL),
(39, 2, 'Чорний', 'Олександр', 'Олександрович', NULL, NULL, '2020-03-13 22:00:00', '2020-03-13 22:00:00', NULL),
(40, 2, 'Шевченко', 'Сергій', 'Русланович', NULL, NULL, '2020-03-13 22:00:00', '2020-03-13 22:00:00', NULL),
(41, 2, 'Шульженко', 'Владислав', 'Вячеславович', NULL, NULL, '2020-03-13 22:00:00', '2020-03-13 22:00:00', NULL),
(42, 2, 'Щур', 'Віталій', 'Євгенійович', NULL, NULL, '2020-03-13 22:00:00', '2020-03-13 22:00:00', NULL),
(43, 2, 'Юрченко', 'Ростислав', 'Олександрович', NULL, NULL, '2020-03-13 22:00:00', '2020-03-13 22:00:00', NULL),
(44, 3, 'Бучко', 'Олексій', 'Юрійович', NULL, NULL, '2020-03-13 22:00:00', '2020-03-13 22:00:00', NULL),
(45, 3, 'Гаврилюк', 'Олексій', 'Анатолійович', NULL, NULL, '2020-03-13 22:00:00', '2020-03-13 22:00:00', NULL),
(46, 3, 'Дорош', 'Руслан', 'Юрійович', NULL, NULL, '2020-03-13 22:00:00', '2020-03-13 22:00:00', NULL),
(47, 3, 'Журавльов', 'Роман', 'Вікторович', NULL, NULL, '2020-03-13 22:00:00', '2020-03-13 22:00:00', NULL),
(48, 3, 'Зуєв', 'Михайло', 'Олександрович', NULL, NULL, '2020-03-13 22:00:00', '2020-03-13 22:00:00', NULL),
(49, 3, 'Киба', 'Ілля', 'Андрійович', NULL, NULL, '2020-03-13 22:00:00', '2020-03-13 22:00:00', NULL),
(50, 3, 'Колошмай', 'Віталій', 'Павлович', NULL, NULL, '2020-03-13 22:00:00', '2020-03-13 22:00:00', NULL),
(51, 3, 'Костриця', 'Сергій', 'Володимирович', NULL, NULL, '2020-03-13 22:00:00', '2020-03-13 22:00:00', NULL),
(52, 3, 'Левицький', 'Ілля', 'Вячеславович', NULL, NULL, '2020-03-13 22:00:00', '2020-03-13 22:00:00', NULL),
(53, 3, 'Маслова', 'Єлизавета', 'Валеріївна', NULL, NULL, '2020-03-13 22:00:00', '2020-03-13 22:00:00', NULL),
(54, 3, 'Меренков', 'Денис', 'Михайлович', NULL, NULL, '2020-03-13 22:00:00', '2020-03-13 22:00:00', NULL),
(55, 3, 'Панченко', 'Олег', 'Ігорович', NULL, NULL, '2020-03-13 22:00:00', '2020-03-13 22:00:00', NULL),
(56, 3, 'Попченко', 'Вадим', 'Михайлович', NULL, NULL, '2020-03-13 22:00:00', '2020-03-13 22:00:00', NULL),
(57, 3, 'Редько', 'Владислав', 'Ігорович', NULL, NULL, '2020-03-13 22:00:00', '2020-03-13 22:00:00', NULL),
(58, 3, 'Редько', 'Денис', 'Вадимович', NULL, NULL, '2020-03-13 22:00:00', '2020-03-13 22:00:00', NULL),
(59, 3, 'Соболєв', 'Павло', 'Олександрович', NULL, NULL, '2020-03-13 22:00:00', '2020-03-13 22:00:00', NULL),
(60, 3, 'Холошнюк', 'Мирослава', 'Іванівна', NULL, NULL, '2020-03-13 22:00:00', '2020-03-13 22:00:00', NULL),
(61, 3, 'Чечотко', 'Іван', 'Олександрович', NULL, NULL, '2020-03-13 22:00:00', '2020-03-13 22:00:00', NULL),
(62, 3, 'Чорненький', 'Микола', 'Володимирович', NULL, NULL, '2020-03-13 22:00:00', '2020-03-13 22:00:00', NULL),
(63, 3, 'Чухліб', 'Кирило', 'Валентинович', NULL, NULL, '2020-03-13 22:00:00', '2020-03-13 22:00:00', NULL),
(64, 3, 'Шульженко', 'Кирило', 'Олександрович', NULL, NULL, '2020-03-13 22:00:00', '2020-03-13 22:00:00', NULL),
(65, 4, 'Бондаренко', 'Євгенія', 'Дмитрівна', NULL, NULL, '2020-03-13 22:00:00', '2020-03-13 22:00:00', NULL),
(66, 4, 'Величко', 'Дмитро', 'Вікторович', NULL, NULL, '2020-03-13 22:00:00', '2020-03-13 22:00:00', NULL),
(67, 4, 'Власюк', 'Богдан', 'Сергійович', NULL, NULL, '2020-03-13 22:00:00', '2020-03-13 22:00:00', NULL),
(68, 4, 'Гуковський', 'Владислав', 'Геннадійович', NULL, NULL, '2020-03-13 22:00:00', '2020-03-13 22:00:00', NULL),
(69, 4, 'Заєць', 'Андрій', 'Сергійович', NULL, NULL, '2020-03-13 22:00:00', '2020-03-13 22:00:00', NULL),
(70, 4, 'Захаркін', 'Михайло', 'Сергійович', NULL, NULL, '2020-03-13 22:00:00', '2020-03-13 22:00:00', NULL),
(71, 4, 'Ковшар', 'Руслан', 'Олегович', NULL, NULL, '2020-03-13 22:00:00', '2020-03-13 22:00:00', NULL),
(72, 4, 'Куйбіда', 'Павло', 'Костянтинович', NULL, NULL, '2020-03-13 22:00:00', '2020-03-13 22:00:00', NULL),
(73, 4, 'Ларін', 'Анатолій', 'Костянтинович', NULL, NULL, '2020-03-13 22:00:00', '2020-03-13 22:00:00', NULL),
(74, 4, 'Паламар', 'Інна', 'Олегівна', NULL, NULL, '2020-03-13 22:00:00', '2020-03-13 22:00:00', NULL),
(75, 4, 'Пірко', 'Дмитро', 'Андрійович', NULL, NULL, '2020-03-13 22:00:00', '2020-03-13 22:00:00', NULL),
(76, 4, 'Рожко', 'Тетяна', 'Юріївна', NULL, NULL, '2020-03-13 22:00:00', '2020-03-13 22:00:00', NULL),
(77, 4, 'Самойдюк', 'Валентина', 'Сергіївна', NULL, NULL, '2020-03-13 22:00:00', '2020-03-13 22:00:00', NULL),
(78, 4, 'Ситник', 'Аким', 'Юрійович', NULL, NULL, '2020-03-13 22:00:00', '2020-03-13 22:00:00', NULL),
(79, 4, 'Федорова', 'Юлія', 'Євгенівна', NULL, NULL, '2020-03-13 22:00:00', '2020-03-13 22:00:00', NULL),
(87, 1, 'Фамилия', 'Имя', 'Отчество', NULL, NULL, '2020-04-23 21:38:16', '2020-04-23 21:38:16', NULL);

-- --------------------------------------------------------

--
-- Структура таблицы `subjects`
--

CREATE TABLE `subjects` (
  `id` int(10) UNSIGNED NOT NULL,
  `title` varchar(255) NOT NULL,
  `type` varchar(255) NOT NULL,
  `created_at` timestamp NOT NULL DEFAULT CURRENT_TIMESTAMP ON UPDATE CURRENT_TIMESTAMP,
  `updated_at` timestamp NOT NULL DEFAULT '0000-00-00 00:00:00',
  `deleted_at` timestamp NULL DEFAULT NULL
) ENGINE=InnoDB DEFAULT CHARSET=utf8;

--
-- Дамп данных таблицы `subjects`
--

INSERT INTO `subjects` (`id`, `title`, `type`, `created_at`, `updated_at`, `deleted_at`) VALUES
(1, 'Технології проектування розподілених систем', 'Лек', '2020-03-13 22:00:00', '2020-03-13 22:00:00', NULL),
(2, 'Технології проектування розподілених систем', 'Лаб', '2020-03-13 22:00:00', '2020-03-13 22:00:00', NULL),
(3, 'Геоінформаційні системи', 'Лек', '2020-03-13 22:00:00', '2020-03-13 22:00:00', NULL),
(4, 'Геоінформаційні системи', 'Лаб', '2020-03-13 22:00:00', '2020-03-13 22:00:00', NULL),
(5, 'Правове забезпечення професійної діяльності', 'Лек', '2020-03-13 22:00:00', '2020-03-13 22:00:00', NULL),
(6, 'Правове забезпечення професійної діяльності', 'Лаб', '2020-03-13 22:00:00', '2020-03-13 22:00:00', NULL),
(7, 'Іноземна мова', 'Лек', '2020-03-13 22:00:00', '2020-03-13 22:00:00', NULL),
(8, 'Іноземна мова', 'Прак', '2020-03-13 22:00:00', '2020-03-13 22:00:00', NULL),
(9, 'Економіка і організація виробництва', 'Лек', '2020-03-13 22:00:00', '2020-03-13 22:00:00', NULL),
(10, 'Економіка і організація виробництва', 'Прак', '2020-03-13 22:00:00', '2020-03-13 22:00:00', NULL),
(11, 'Програмне забезпечення ком\'ютерних мереж', 'Лек', '2020-03-13 22:00:00', '2020-03-13 22:00:00', NULL),
(12, 'Програмне забезпечення комп\'ютерних мереж', 'Лаб', '2020-03-13 22:00:00', '2020-03-13 22:00:00', NULL),
(13, 'Технології розробки програмного забезпечення', 'Лек', '2020-03-13 22:00:00', '2020-03-13 22:00:00', NULL),
(14, 'Технології розробки програмного забезпечення', 'Лаб', '2020-03-13 22:00:00', '2020-03-13 22:00:00', NULL),
(15, 'Лінгвістичне забезпечення САПР', 'Лек', '2020-03-13 22:00:00', '2020-03-13 22:00:00', NULL),
(16, 'Лінгвістичне забезпечення САПР', 'Лаб', '2020-03-13 22:00:00', '2020-03-13 22:00:00', NULL),
(17, 'Технології комп\'ютерного проектування', 'Лек', '2020-03-13 22:00:00', '2020-03-13 22:00:00', NULL),
(18, 'Технології комп\'ютерного проектування', 'Лаб', '2020-03-13 22:00:00', '2020-03-13 22:00:00', NULL),
(19, 'Програмування комп\'ютерних мереж', 'Лек', '2020-03-13 22:00:00', '2020-03-13 22:00:00', NULL),
(20, 'Програмування комп\'ютерних мереж', 'Лаб', '2020-03-13 22:00:00', '2020-03-13 22:00:00', NULL);

-- --------------------------------------------------------

--
-- Структура таблицы `tutors`
--

CREATE TABLE `tutors` (
  `user_id` bigint(20) UNSIGNED NOT NULL,
  `lastname` varchar(255) NOT NULL DEFAULT '',
  `firstname` varchar(255) NOT NULL DEFAULT '',
  `fathername` varchar(255) NOT NULL DEFAULT '',
  `telegram` varchar(255) DEFAULT NULL
) ENGINE=InnoDB DEFAULT CHARSET=utf8;

--
-- Дамп данных таблицы `tutors`
--

INSERT INTO `tutors` (`user_id`, `lastname`, `firstname`, `fathername`, `telegram`) VALUES
(6, 'Федорова', 'Наталія', 'Володимирівна', 'Navy_TimoXa'),
(7, 'Швайко', 'Валерій', 'Григорович', NULL),
(8, 'Львова', 'Олена', 'Леонідівна', NULL),
(9, 'Кондрашова', 'Аліна', 'Володимирівна', 'yelmanovv'),
(10, 'Сегеда', 'Ірина', 'Василівна', NULL),
(11, 'Гусєва', 'Ірина', 'Ігорівна', NULL),
(12, 'Тихоход', 'Володимир', 'Олександрович', 'quallrum'),
(13, 'Беспала', 'Ольга', 'Миколаївна', NULL),
(14, 'Гаврилко', 'Євген', 'Володимирович', NULL),
(15, 'Стативка', 'Юрій', 'Іванович', NULL),
(16, 'Воронько', 'Максим', 'Платонович', NULL),
(17, 'Шульженко', 'Олег', 'Феодосійович', NULL);

-- --------------------------------------------------------

--
-- Структура таблицы `tutor_subject`
--

CREATE TABLE `tutor_subject` (
  `tutor_id` bigint(20) UNSIGNED NOT NULL,
  `subject_id` int(10) UNSIGNED NOT NULL,
  `order` int(11) NOT NULL DEFAULT '1'
) ENGINE=InnoDB DEFAULT CHARSET=utf8;

--
-- Дамп данных таблицы `tutor_subject`
--

INSERT INTO `tutor_subject` (`tutor_id`, `subject_id`, `order`) VALUES
(6, 1, 1),
(6, 2, 1),
(7, 1, 1),
(7, 3, 1),
(7, 4, 1),
(8, 5, 1),
(8, 6, 1),
(9, 7, 1),
(9, 8, 1),
(10, 9, 1),
(11, 11, 1),
(11, 12, 1),
(11, 19, 1),
(11, 20, 1),
(12, 13, 1),
(13, 14, 1),
(14, 17, 1),
(14, 18, 1),
(15, 15, 1),
(16, 16, 1),
(17, 10, 1);

-- --------------------------------------------------------

--
-- Структура таблицы `users`
--

CREATE TABLE `users` (
  `id` bigint(20) UNSIGNED NOT NULL,
  `email` varchar(255) COLLATE utf8mb4_unicode_ci NOT NULL,
  `role_id` int(10) UNSIGNED NOT NULL DEFAULT '2',
  `email_verified_at` timestamp NULL DEFAULT NULL,
  `password` varchar(255) COLLATE utf8mb4_unicode_ci NOT NULL,
  `remember_token` varchar(100) COLLATE utf8mb4_unicode_ci DEFAULT NULL,
  `created_at` timestamp NULL DEFAULT NULL,
  `updated_at` timestamp NULL DEFAULT NULL
) ENGINE=InnoDB DEFAULT CHARSET=utf8mb4 COLLATE=utf8mb4_unicode_ci;

--
-- Дамп данных таблицы `users`
--

INSERT INTO `users` (`id`, `email`, `role_id`, `email_verified_at`, `password`, `remember_token`, `created_at`, `updated_at`) VALUES
(1, 'admin@email.com', 1, '2020-03-13 22:00:00', '$2y$10$WiJPraHW.32i9imsG/V8muuovDP8LYeCuzpyImdJc22.Pr7lM/zAy', NULL, '2020-03-13 22:00:00', '2020-04-23 12:03:49'),
(2, 'tm71@monitor.com', 4, '2020-03-13 22:00:00', '$2y$10$yab5VfElBJ2Scsb/UFFYJOEEo5b/xjHcQbO5omY/gllLeqYoMOLI2', NULL, '2020-03-13 22:00:00', '2020-05-02 09:46:12'),
(3, 'tm72@monitor.com', 4, '2020-03-13 22:00:00', '$2y$10$yab5VfElBJ2Scsb/UFFYJOEEo5b/xjHcQbO5omY/gllLeqYoMOLI2', NULL, '2020-03-13 22:00:00', '2020-03-13 22:00:00'),
(4, 'tr71@monitor.com', 4, '2020-03-13 22:00:00', '$2y$10$yab5VfElBJ2Scsb/UFFYJOEEo5b/xjHcQbO5omY/gllLeqYoMOLI2', NULL, '2020-03-13 22:00:00', '2020-03-13 22:00:00'),
(5, 'tr72@monitor.com', 4, '2020-03-13 22:00:00', '$2y$10$yab5VfElBJ2Scsb/UFFYJOEEo5b/xjHcQbO5omY/gllLeqYoMOLI2', NULL, '2020-03-13 22:00:00', '2020-03-13 22:00:00'),
(6, 'natasha_f@ukr.net', 3, '2020-03-14 13:48:25', '$2y$10$yab5VfElBJ2Scsb/UFFYJOEEo5b/xjHcQbO5omY/gllLeqYoMOLI2', NULL, '2020-03-13 22:00:00', '2020-05-03 19:50:22'),
(7, 'valshvaiko57@gmail.com', 3, '2020-03-14 13:48:25', '$2y$10$yab5VfElBJ2Scsb/UFFYJOEEo5b/xjHcQbO5omY/gllLeqYoMOLI2', NULL, '2020-03-13 22:00:00', '2020-05-03 19:50:42'),
(8, 'olen.lvova@gmail.com', 3, NULL, '$2y$10$yab5VfElBJ2Scsb/UFFYJOEEo5b/xjHcQbO5omY/gllLeqYoMOLI2', NULL, '2020-03-13 22:00:00', '2020-03-13 22:00:00'),
(9, 'chipalinka@ukr.net', 3, NULL, '$2y$10$yab5VfElBJ2Scsb/UFFYJOEEo5b/xjHcQbO5omY/gllLeqYoMOLI2', NULL, '2020-03-13 22:00:00', '2020-03-13 22:00:00'),
(10, 'irynaseg@gmail.com', 3, NULL, '$2y$10$yab5VfElBJ2Scsb/UFFYJOEEo5b/xjHcQbO5omY/gllLeqYoMOLI2', NULL, '2020-03-13 22:00:00', '2020-03-13 22:00:00'),
(11, 'guseva@gmail.com', 3, NULL, '$2y$10$yab5VfElBJ2Scsb/UFFYJOEEo5b/xjHcQbO5omY/gllLeqYoMOLI2', NULL, '2020-03-13 22:00:00', '2020-03-13 22:00:00'),
(12, 'v.tikhokhod@gmail.com', 3, NULL, '$2y$10$yab5VfElBJ2Scsb/UFFYJOEEo5b/xjHcQbO5omY/gllLeqYoMOLI2', NULL, '2020-03-13 22:00:00', '2020-03-13 22:00:00'),
(13, 'olya327@ukr.net', 3, NULL, '$2y$10$yab5VfElBJ2Scsb/UFFYJOEEo5b/xjHcQbO5omY/gllLeqYoMOLI2', NULL, '2020-03-13 22:00:00', '2020-03-13 22:00:00'),
(14, 'gev.1964@ukr.net', 3, NULL, '$2y$10$yab5VfElBJ2Scsb/UFFYJOEEo5b/xjHcQbO5omY/gllLeqYoMOLI2', NULL, '2020-03-13 22:00:00', '2020-03-13 22:00:00'),
(15, 'statyvka@gmail.com', 3, NULL, '$2y$10$yab5VfElBJ2Scsb/UFFYJOEEo5b/xjHcQbO5omY/gllLeqYoMOLI2', NULL, '2020-03-13 22:00:00', '2020-03-13 22:00:00'),
(16, 'voronko@gmail.com', 3, NULL, '$2y$10$yab5VfElBJ2Scsb/UFFYJOEEo5b/xjHcQbO5omY/gllLeqYoMOLI2', NULL, '2020-03-13 22:00:00', '2020-03-13 22:00:00'),
(17, 'shulzhenko@gmail.com', 3, NULL, '$2y$10$yab5VfElBJ2Scsb/UFFYJOEEo5b/xjHcQbO5omY/gllLeqYoMOLI2', NULL, '2020-03-13 22:00:00', '2020-03-13 22:00:00'),
(18, 'email@com.ua', 2, NULL, '$2y$10$JNhx67VTH8PDf3TtnwkcL.60vMd9k9T6hTmxYg5c2SyPHzqsOhWLG', NULL, '2020-03-14 14:27:20', '2020-03-16 14:02:11'),
(19, 'tm71@group.com', 5, '2020-04-22 21:00:00', '$2y$10$yab5VfElBJ2Scsb/UFFYJOEEo5b/xjHcQbO5omY/gllLeqYoMOLI2', NULL, '2020-03-13 22:00:00', '2020-04-28 13:16:16'),
(20, 'tm72@group.com', 5, NULL, '$2y$10$yab5VfElBJ2Scsb/UFFYJOEEo5b/xjHcQbO5omY/gllLeqYoMOLI2', NULL, '2020-03-13 22:00:00', '2020-03-13 22:00:00'),
(21, 'tr71@group.com', 5, NULL, '$2y$10$A3F8jokwqCMwTy9nUtGSiuFSifmnDZ7ZpoYvgbMSZ6TQXwnA1Gj8W', NULL, '2020-03-13 22:00:00', '2020-04-27 11:14:05'),
(22, 'tr72@group.com', 5, NULL, '$2y$10$yab5VfElBJ2Scsb/UFFYJOEEo5b/xjHcQbO5omY/gllLeqYoMOLI2', NULL, '2020-03-13 22:00:00', '2020-03-13 22:00:00');

--
-- Индексы сохранённых таблиц
--

--
-- Индексы таблицы `failed_jobs`
--
ALTER TABLE `failed_jobs`
  ADD PRIMARY KEY (`id`);

--
-- Индексы таблицы `groups`
--
ALTER TABLE `groups`
  ADD PRIMARY KEY (`id`),
  ADD KEY `fk_groups_monitor_id` (`monitor_id`),
  ADD KEY `fk_group_user_id` (`user_id`),
  ADD KEY `fk_groups_ms_id` (`ms_id`);

--
-- Индексы таблицы `group_subject`
--
ALTER TABLE `group_subject`
  ADD KEY `fk_group_subject_group_id` (`group_id`),
  ADD KEY `fk_group_subject_subject_id` (`subject_id`),
  ADD KEY `fk_group_subject_tutor_id` (`tutor_id`);

--
-- Индексы таблицы `journals`
--
ALTER TABLE `journals`
  ADD PRIMARY KEY (`id`),
  ADD KEY `fk_journals_subject_id` (`subject_id`),
  ADD KEY `fk_journals_student_id` (`student_id`);

--
-- Индексы таблицы `migrations`
--
ALTER TABLE `migrations`
  ADD PRIMARY KEY (`id`);

--
-- Индексы таблицы `roles`
--
ALTER TABLE `roles`
  ADD PRIMARY KEY (`id`);

--
-- Индексы таблицы `students`
--
ALTER TABLE `students`
  ADD PRIMARY KEY (`id`),
  ADD KEY `fk_students_group_id` (`group_id`);

--
-- Индексы таблицы `subjects`
--
ALTER TABLE `subjects`
  ADD PRIMARY KEY (`id`);

--
-- Индексы таблицы `tutors`
--
ALTER TABLE `tutors`
  ADD PRIMARY KEY (`user_id`);

--
-- Индексы таблицы `tutor_subject`
--
ALTER TABLE `tutor_subject`
  ADD UNIQUE KEY `tutor_id` (`tutor_id`,`subject_id`),
  ADD KEY `fk_tutor_subject_tutor_id` (`tutor_id`),
  ADD KEY `fk_tutor_subject_subject_id` (`subject_id`);

--
-- Индексы таблицы `users`
--
ALTER TABLE `users`
  ADD PRIMARY KEY (`id`),
  ADD UNIQUE KEY `users_email_unique` (`email`),
  ADD KEY `fk_users_role_id` (`role_id`);

--
-- AUTO_INCREMENT для сохранённых таблиц
--

--
-- AUTO_INCREMENT для таблицы `failed_jobs`
--
ALTER TABLE `failed_jobs`
  MODIFY `id` bigint(20) UNSIGNED NOT NULL AUTO_INCREMENT;

--
-- AUTO_INCREMENT для таблицы `groups`
--
ALTER TABLE `groups`
  MODIFY `id` int(10) UNSIGNED NOT NULL AUTO_INCREMENT, AUTO_INCREMENT=5;

--
-- AUTO_INCREMENT для таблицы `journals`
--
ALTER TABLE `journals`
  MODIFY `id` bigint(20) UNSIGNED NOT NULL AUTO_INCREMENT, AUTO_INCREMENT=3504;

--
-- AUTO_INCREMENT для таблицы `migrations`
--
ALTER TABLE `migrations`
  MODIFY `id` int(10) UNSIGNED NOT NULL AUTO_INCREMENT, AUTO_INCREMENT=3;

--
-- AUTO_INCREMENT для таблицы `roles`
--
ALTER TABLE `roles`
  MODIFY `id` int(11) UNSIGNED NOT NULL AUTO_INCREMENT, AUTO_INCREMENT=6;

--
-- AUTO_INCREMENT для таблицы `students`
--
ALTER TABLE `students`
  MODIFY `id` bigint(20) UNSIGNED NOT NULL AUTO_INCREMENT, AUTO_INCREMENT=88;

--
-- AUTO_INCREMENT для таблицы `subjects`
--
ALTER TABLE `subjects`
  MODIFY `id` int(10) UNSIGNED NOT NULL AUTO_INCREMENT, AUTO_INCREMENT=21;

--
-- AUTO_INCREMENT для таблицы `users`
--
ALTER TABLE `users`
  MODIFY `id` bigint(20) UNSIGNED NOT NULL AUTO_INCREMENT, AUTO_INCREMENT=23;

--
-- Ограничения внешнего ключа сохраненных таблиц
--

--
-- Ограничения внешнего ключа таблицы `groups`
--
ALTER TABLE `groups`
  ADD CONSTRAINT `fk_group_user_id` FOREIGN KEY (`user_id`) REFERENCES `users` (`id`),
  ADD CONSTRAINT `fk_groups_monitor_id` FOREIGN KEY (`monitor_id`) REFERENCES `users` (`id`) ON UPDATE CASCADE,
  ADD CONSTRAINT `fk_groups_ms_id` FOREIGN KEY (`ms_id`) REFERENCES `students` (`id`);

--
-- Ограничения внешнего ключа таблицы `group_subject`
--
ALTER TABLE `group_subject`
  ADD CONSTRAINT `fk_group_subject_group_id` FOREIGN KEY (`group_id`) REFERENCES `groups` (`id`) ON UPDATE CASCADE,
  ADD CONSTRAINT `fk_group_subject_subject_id` FOREIGN KEY (`subject_id`) REFERENCES `subjects` (`id`) ON UPDATE CASCADE,
  ADD CONSTRAINT `fk_group_subject_tutor_id` FOREIGN KEY (`tutor_id`) REFERENCES `users` (`id`) ON UPDATE CASCADE;

--
-- Ограничения внешнего ключа таблицы `journals`
--
ALTER TABLE `journals`
  ADD CONSTRAINT `fk_journals_student_id` FOREIGN KEY (`student_id`) REFERENCES `students` (`id`) ON DELETE CASCADE ON UPDATE CASCADE,
  ADD CONSTRAINT `fk_journals_subject_id` FOREIGN KEY (`subject_id`) REFERENCES `subjects` (`id`) ON UPDATE CASCADE;

--
-- Ограничения внешнего ключа таблицы `students`
--
ALTER TABLE `students`
  ADD CONSTRAINT `fk_students_group_id` FOREIGN KEY (`group_id`) REFERENCES `groups` (`id`) ON UPDATE CASCADE;

--
-- Ограничения внешнего ключа таблицы `tutors`
--
ALTER TABLE `tutors`
  ADD CONSTRAINT `tutors_user_id` FOREIGN KEY (`user_id`) REFERENCES `users` (`id`) ON DELETE CASCADE ON UPDATE CASCADE;

--
-- Ограничения внешнего ключа таблицы `tutor_subject`
--
ALTER TABLE `tutor_subject`
  ADD CONSTRAINT `fk_tutor_subject_subject_id` FOREIGN KEY (`subject_id`) REFERENCES `subjects` (`id`) ON UPDATE CASCADE,
  ADD CONSTRAINT `fk_tutor_subject_tutor_id` FOREIGN KEY (`tutor_id`) REFERENCES `users` (`id`) ON UPDATE CASCADE;

--
-- Ограничения внешнего ключа таблицы `users`
--
ALTER TABLE `users`
  ADD CONSTRAINT `fk_users_role_id` FOREIGN KEY (`role_id`) REFERENCES `roles` (`id`) ON UPDATE CASCADE;
COMMIT;

/*!40101 SET CHARACTER_SET_CLIENT=@OLD_CHARACTER_SET_CLIENT */;
/*!40101 SET CHARACTER_SET_RESULTS=@OLD_CHARACTER_SET_RESULTS */;
/*!40101 SET COLLATION_CONNECTION=@OLD_COLLATION_CONNECTION */;
