-- phpMyAdmin SQL Dump
-- version 4.8.5
-- https://www.phpmyadmin.net/
--
-- Хост: 127.0.0.1:3306
-- Время создания: Май 14 2020 г., 17:00
-- Версия сервера: 5.7.23
-- Версия PHP: 7.2.10

SET SQL_MODE = "NO_AUTO_VALUE_ON_ZERO";
SET AUTOCOMMIT = 0;
START TRANSACTION;
SET time_zone = "+00:00";


/*!40101 SET @OLD_CHARACTER_SET_CLIENT=@@CHARACTER_SET_CLIENT */;
/*!40101 SET @OLD_CHARACTER_SET_RESULTS=@@CHARACTER_SET_RESULTS */;
/*!40101 SET @OLD_COLLATION_CONNECTION=@@COLLATION_CONNECTION */;
/*!40101 SET NAMES utf8mb4 */;

--
-- База данных: `unnamed`
--

-- --------------------------------------------------------

--
-- Структура таблицы `failed_jobs`
--

CREATE TABLE `failed_jobs` (
  `id` bigint(20) UNSIGNED NOT NULL,
  `connection` text COLLATE utf8mb4_unicode_ci NOT NULL,
  `queue` text COLLATE utf8mb4_unicode_ci NOT NULL,
  `payload` longtext COLLATE utf8mb4_unicode_ci NOT NULL,
  `exception` longtext COLLATE utf8mb4_unicode_ci NOT NULL,
  `failed_at` timestamp NOT NULL DEFAULT CURRENT_TIMESTAMP
) ENGINE=InnoDB DEFAULT CHARSET=utf8mb4 COLLATE=utf8mb4_unicode_ci;

-- --------------------------------------------------------

--
-- Структура таблицы `groups`
--

CREATE TABLE `groups` (
  `id` int(10) UNSIGNED NOT NULL,
  `title` varchar(255) NOT NULL,
  `name` varchar(255) DEFAULT NULL,
  `monitor_id` bigint(20) UNSIGNED DEFAULT NULL,
  `user_id` bigint(20) UNSIGNED DEFAULT NULL,
  `ms_id` bigint(20) UNSIGNED DEFAULT NULL,
  `created_at` timestamp NULL DEFAULT NULL,
  `updated_at` timestamp NULL DEFAULT NULL,
  `deleted_at` timestamp NULL DEFAULT NULL
) ENGINE=InnoDB DEFAULT CHARSET=utf8;

--
-- Дамп данных таблицы `groups`
--

INSERT INTO `groups` (`id`, `title`, `name`, `monitor_id`, `user_id`, `ms_id`, `created_at`, `updated_at`, `deleted_at`) VALUES
(1, 'ТМ-71', NULL, 2, 19, 5, '2020-05-05 15:48:51', '2020-05-05 15:48:51', NULL),
(2, 'ТМ-72', NULL, 3, 20, 25, '2020-03-13 22:00:00', '2020-05-11 09:42:56', NULL),
(3, 'ТР-71', NULL, 4, 21, 44, '2020-03-13 22:00:00', '2020-03-13 22:00:00', NULL),
(4, 'ТР-72', NULL, 5, 22, 65, '2020-03-13 22:00:00', '2020-03-13 22:00:00', NULL);

-- --------------------------------------------------------

--
-- Структура таблицы `group_subject`
--

CREATE TABLE `group_subject` (
  `group_id` int(10) UNSIGNED NOT NULL,
  `subject_id` int(10) UNSIGNED NOT NULL,
  `tutor_id` bigint(20) UNSIGNED NOT NULL,
  `order` int(11) NOT NULL DEFAULT '1'
) ENGINE=InnoDB DEFAULT CHARSET=utf8;

--
-- Дамп данных таблицы `group_subject`
--

INSERT INTO `group_subject` (`group_id`, `subject_id`, `tutor_id`, `order`) VALUES
(1, 1, 6, 1),
(1, 2, 6, 1),
(1, 3, 7, 1),
(1, 4, 7, 1),
(1, 5, 8, 1),
(1, 6, 8, 1),
(1, 7, 9, 1),
(1, 8, 9, 1),
(1, 9, 10, 1),
(1, 10, 17, 1),
(1, 11, 11, 1),
(1, 12, 11, 1),
(1, 13, 12, 1),
(1, 14, 13, 1),
(2, 1, 6, 1),
(2, 2, 6, 1),
(2, 3, 7, 1),
(2, 4, 7, 1),
(2, 5, 8, 1),
(2, 6, 8, 1),
(2, 7, 9, 1),
(2, 8, 9, 1),
(2, 9, 10, 1),
(2, 10, 17, 1),
(2, 11, 11, 1),
(2, 12, 11, 1),
(2, 13, 12, 1),
(2, 14, 13, 1),
(3, 1, 6, 1),
(3, 2, 6, 1),
(3, 5, 7, 1),
(3, 6, 7, 1),
(3, 7, 9, 1),
(3, 8, 9, 1),
(3, 9, 10, 1),
(3, 10, 17, 1),
(3, 15, 15, 1),
(3, 16, 16, 1),
(3, 17, 14, 1),
(3, 18, 14, 1),
(3, 19, 11, 1),
(3, 20, 11, 1),
(4, 1, 6, 1),
(4, 2, 6, 1),
(4, 5, 7, 1),
(4, 6, 7, 1),
(4, 7, 9, 1),
(4, 8, 9, 1),
(4, 9, 10, 1),
(4, 10, 17, 1),
(4, 15, 15, 1),
(4, 16, 16, 1),
(4, 17, 14, 1),
(4, 18, 14, 1),
(4, 19, 11, 1),
(4, 20, 11, 1);

-- --------------------------------------------------------

--
-- Структура таблицы `journal_columns`
--

CREATE TABLE `journal_columns` (
  `id` bigint(20) UNSIGNED NOT NULL,
  `group_id` int(10) UNSIGNED NOT NULL,
  `subject_id` int(10) UNSIGNED NOT NULL,
  `created_at` timestamp NULL DEFAULT NULL,
  `updated_at` timestamp NULL DEFAULT NULL,
  `deleted_at` timestamp NULL DEFAULT NULL
) ENGINE=InnoDB DEFAULT CHARSET=utf8;

--
-- Дамп данных таблицы `journal_columns`
--

INSERT INTO `journal_columns` (`id`, `group_id`, `subject_id`, `created_at`, `updated_at`, `deleted_at`) VALUES
(1, 1, 1, '2020-01-01 08:00:00', '2020-01-01 08:00:00', NULL),
(2, 1, 1, '2020-02-01 08:00:00', '2020-02-01 08:00:00', NULL),
(3, 1, 1, '2020-03-01 08:00:00', '2020-03-01 08:00:00', NULL),
(4, 1, 1, '2020-04-01 07:00:00', '2020-04-01 07:00:00', NULL),
(5, 1, 2, '2020-01-01 08:00:00', '2020-01-01 08:00:00', NULL),
(6, 1, 2, '2020-02-01 08:00:00', '2020-02-01 08:00:00', NULL),
(7, 1, 2, '2020-03-01 08:00:00', '2020-03-01 08:00:00', NULL),
(8, 1, 2, '2020-04-01 07:00:00', '2020-04-01 07:00:00', NULL),
(9, 1, 3, '2020-01-01 08:00:00', '2020-01-01 08:00:00', NULL),
(10, 1, 3, '2020-02-01 08:00:00', '2020-02-01 08:00:00', NULL),
(11, 1, 3, '2020-03-01 08:00:00', '2020-03-01 08:00:00', NULL),
(12, 1, 3, '2020-04-01 07:00:00', '2020-04-01 07:00:00', NULL),
(13, 1, 4, '2020-01-01 08:00:00', '2020-01-01 08:00:00', NULL),
(14, 1, 4, '2020-02-01 08:00:00', '2020-02-01 08:00:00', NULL),
(15, 1, 4, '2020-03-01 08:00:00', '2020-03-01 08:00:00', NULL),
(16, 1, 4, '2020-04-01 07:00:00', '2020-04-01 07:00:00', NULL),
(17, 1, 5, '2020-01-01 08:00:00', '2020-01-01 08:00:00', NULL),
(18, 1, 5, '2020-02-01 08:00:00', '2020-02-01 08:00:00', NULL),
(19, 1, 5, '2020-03-01 08:00:00', '2020-03-01 08:00:00', NULL),
(20, 1, 5, '2020-04-01 07:00:00', '2020-04-01 07:00:00', NULL),
(21, 1, 6, '2020-01-01 08:00:00', '2020-01-01 08:00:00', NULL),
(22, 1, 6, '2020-02-01 08:00:00', '2020-02-01 08:00:00', NULL),
(23, 1, 6, '2020-03-01 08:00:00', '2020-03-01 08:00:00', NULL),
(24, 1, 6, '2020-04-01 07:00:00', '2020-04-01 07:00:00', NULL),
(25, 1, 7, '2020-01-01 08:00:00', '2020-01-01 08:00:00', NULL),
(26, 1, 7, '2020-02-01 08:00:00', '2020-02-01 08:00:00', NULL),
(27, 1, 7, '2020-03-01 08:00:00', '2020-03-01 08:00:00', NULL),
(28, 1, 7, '2020-04-01 07:00:00', '2020-04-01 07:00:00', NULL),
(29, 1, 8, '2020-01-01 08:00:00', '2020-01-01 08:00:00', NULL),
(30, 1, 8, '2020-02-01 08:00:00', '2020-02-01 08:00:00', NULL),
(31, 1, 8, '2020-03-01 08:00:00', '2020-03-01 08:00:00', NULL),
(32, 1, 8, '2020-04-01 07:00:00', '2020-04-01 07:00:00', NULL),
(33, 1, 9, '2020-01-01 08:00:00', '2020-01-01 08:00:00', NULL),
(34, 1, 9, '2020-02-01 08:00:00', '2020-02-01 08:00:00', NULL),
(35, 1, 9, '2020-03-01 08:00:00', '2020-03-01 08:00:00', NULL),
(36, 1, 9, '2020-04-01 07:00:00', '2020-04-01 07:00:00', NULL),
(37, 1, 10, '2020-01-01 08:00:00', '2020-01-01 08:00:00', NULL),
(38, 1, 10, '2020-02-01 08:00:00', '2020-02-01 08:00:00', NULL),
(39, 1, 10, '2020-03-01 08:00:00', '2020-03-01 08:00:00', NULL),
(40, 1, 10, '2020-04-01 07:00:00', '2020-04-01 07:00:00', NULL),
(41, 1, 11, '2020-01-01 08:00:00', '2020-01-01 08:00:00', NULL),
(42, 1, 11, '2020-02-01 08:00:00', '2020-02-01 08:00:00', NULL),
(43, 1, 11, '2020-03-01 08:00:00', '2020-03-01 08:00:00', NULL),
(44, 1, 11, '2020-04-01 07:00:00', '2020-04-01 07:00:00', NULL),
(45, 1, 12, '2020-01-01 08:00:00', '2020-01-01 08:00:00', NULL),
(46, 1, 12, '2020-02-01 08:00:00', '2020-02-01 08:00:00', NULL),
(47, 1, 12, '2020-03-01 08:00:00', '2020-03-01 08:00:00', NULL),
(48, 1, 12, '2020-04-01 07:00:00', '2020-04-01 07:00:00', NULL),
(49, 1, 13, '2020-01-01 08:00:00', '2020-01-01 08:00:00', NULL),
(50, 1, 13, '2020-02-01 08:00:00', '2020-02-01 08:00:00', NULL),
(51, 1, 13, '2020-03-01 08:00:00', '2020-03-01 08:00:00', NULL),
(52, 1, 13, '2020-04-01 07:00:00', '2020-04-01 07:00:00', NULL),
(53, 1, 14, '2020-01-01 08:00:00', '2020-01-01 08:00:00', NULL),
(54, 1, 14, '2020-02-01 08:00:00', '2020-02-01 08:00:00', NULL),
(55, 1, 14, '2020-03-01 08:00:00', '2020-03-01 08:00:00', NULL),
(56, 1, 14, '2020-04-01 07:00:00', '2020-04-01 07:00:00', NULL),
(57, 2, 1, '2020-01-01 08:00:00', '2020-01-01 08:00:00', NULL),
(58, 2, 1, '2020-02-01 08:00:00', '2020-02-01 08:00:00', NULL),
(59, 2, 1, '2020-03-01 08:00:00', '2020-03-01 08:00:00', NULL),
(60, 2, 1, '2020-04-01 07:00:00', '2020-04-01 07:00:00', NULL),
(61, 2, 2, '2020-01-01 08:00:00', '2020-01-01 08:00:00', NULL),
(62, 2, 2, '2020-02-01 08:00:00', '2020-02-01 08:00:00', NULL),
(63, 2, 2, '2020-03-01 08:00:00', '2020-03-01 08:00:00', NULL),
(64, 2, 2, '2020-04-01 07:00:00', '2020-04-01 07:00:00', NULL),
(65, 2, 3, '2020-01-01 08:00:00', '2020-01-01 08:00:00', NULL),
(66, 2, 3, '2020-02-01 08:00:00', '2020-02-01 08:00:00', NULL),
(67, 2, 3, '2020-03-01 08:00:00', '2020-03-01 08:00:00', NULL),
(68, 2, 3, '2020-04-01 07:00:00', '2020-04-01 07:00:00', NULL),
(69, 2, 4, '2020-01-01 08:00:00', '2020-01-01 08:00:00', NULL),
(70, 2, 4, '2020-02-01 08:00:00', '2020-02-01 08:00:00', NULL),
(71, 2, 4, '2020-03-01 08:00:00', '2020-03-01 08:00:00', NULL),
(72, 2, 4, '2020-04-01 07:00:00', '2020-04-01 07:00:00', NULL),
(73, 2, 5, '2020-01-01 08:00:00', '2020-01-01 08:00:00', NULL),
(74, 2, 5, '2020-02-01 08:00:00', '2020-02-01 08:00:00', NULL),
(75, 2, 5, '2020-03-01 08:00:00', '2020-03-01 08:00:00', NULL),
(76, 2, 5, '2020-04-01 07:00:00', '2020-04-01 07:00:00', NULL),
(77, 2, 6, '2020-01-01 08:00:00', '2020-01-01 08:00:00', NULL),
(78, 2, 6, '2020-02-01 08:00:00', '2020-02-01 08:00:00', NULL),
(79, 2, 6, '2020-03-01 08:00:00', '2020-03-01 08:00:00', NULL),
(80, 2, 6, '2020-04-01 07:00:00', '2020-04-01 07:00:00', NULL),
(81, 2, 7, '2020-01-01 08:00:00', '2020-01-01 08:00:00', NULL),
(82, 2, 7, '2020-02-01 08:00:00', '2020-02-01 08:00:00', NULL),
(83, 2, 7, '2020-03-01 08:00:00', '2020-03-01 08:00:00', NULL),
(84, 2, 7, '2020-04-01 07:00:00', '2020-04-01 07:00:00', NULL),
(85, 2, 8, '2020-01-01 08:00:00', '2020-01-01 08:00:00', NULL),
(86, 2, 8, '2020-02-01 08:00:00', '2020-02-01 08:00:00', NULL),
(87, 2, 8, '2020-03-01 08:00:00', '2020-03-01 08:00:00', NULL),
(88, 2, 8, '2020-04-01 07:00:00', '2020-04-01 07:00:00', NULL),
(89, 2, 9, '2020-01-01 08:00:00', '2020-01-01 08:00:00', NULL),
(90, 2, 9, '2020-02-01 08:00:00', '2020-02-01 08:00:00', NULL),
(91, 2, 9, '2020-03-01 08:00:00', '2020-03-01 08:00:00', NULL),
(92, 2, 9, '2020-04-01 07:00:00', '2020-04-01 07:00:00', NULL),
(93, 2, 10, '2020-01-01 08:00:00', '2020-01-01 08:00:00', NULL),
(94, 2, 10, '2020-02-01 08:00:00', '2020-02-01 08:00:00', NULL),
(95, 2, 10, '2020-03-01 08:00:00', '2020-03-01 08:00:00', NULL),
(96, 2, 10, '2020-04-01 07:00:00', '2020-04-01 07:00:00', NULL),
(97, 2, 11, '2020-01-01 08:00:00', '2020-01-01 08:00:00', NULL),
(98, 2, 11, '2020-02-01 08:00:00', '2020-02-01 08:00:00', NULL),
(99, 2, 11, '2020-03-01 08:00:00', '2020-03-01 08:00:00', NULL),
(100, 2, 11, '2020-04-01 07:00:00', '2020-04-01 07:00:00', NULL),
(101, 2, 12, '2020-01-01 08:00:00', '2020-01-01 08:00:00', NULL),
(102, 2, 12, '2020-02-01 08:00:00', '2020-02-01 08:00:00', NULL),
(103, 2, 12, '2020-03-01 08:00:00', '2020-03-01 08:00:00', NULL),
(104, 2, 12, '2020-04-01 07:00:00', '2020-04-01 07:00:00', NULL),
(105, 2, 13, '2020-01-01 08:00:00', '2020-01-01 08:00:00', NULL),
(106, 2, 13, '2020-02-01 08:00:00', '2020-02-01 08:00:00', NULL),
(107, 2, 13, '2020-03-01 08:00:00', '2020-03-01 08:00:00', NULL),
(108, 2, 13, '2020-04-01 07:00:00', '2020-04-01 07:00:00', NULL),
(109, 2, 14, '2020-01-01 08:00:00', '2020-01-01 08:00:00', NULL),
(110, 2, 14, '2020-02-01 08:00:00', '2020-02-01 08:00:00', NULL),
(111, 2, 14, '2020-03-01 08:00:00', '2020-03-01 08:00:00', NULL),
(112, 2, 14, '2020-04-01 07:00:00', '2020-04-01 07:00:00', NULL),
(113, 3, 1, '2020-01-01 08:00:00', '2020-01-01 08:00:00', NULL),
(114, 3, 1, '2020-02-01 08:00:00', '2020-02-01 08:00:00', NULL),
(115, 3, 1, '2020-03-01 08:00:00', '2020-03-01 08:00:00', NULL),
(116, 3, 1, '2020-04-01 07:00:00', '2020-04-01 07:00:00', NULL),
(117, 3, 2, '2020-01-01 08:00:00', '2020-01-01 08:00:00', NULL),
(118, 3, 2, '2020-02-01 08:00:00', '2020-02-01 08:00:00', NULL),
(119, 3, 2, '2020-03-01 08:00:00', '2020-03-01 08:00:00', NULL),
(120, 3, 2, '2020-04-01 07:00:00', '2020-04-01 07:00:00', NULL),
(121, 3, 5, '2020-01-01 08:00:00', '2020-01-01 08:00:00', NULL),
(122, 3, 5, '2020-02-01 08:00:00', '2020-02-01 08:00:00', NULL),
(123, 3, 5, '2020-03-01 08:00:00', '2020-03-01 08:00:00', NULL),
(124, 3, 5, '2020-04-01 07:00:00', '2020-04-01 07:00:00', NULL),
(125, 3, 6, '2020-01-01 08:00:00', '2020-01-01 08:00:00', NULL),
(126, 3, 6, '2020-02-01 08:00:00', '2020-02-01 08:00:00', NULL),
(127, 3, 6, '2020-03-01 08:00:00', '2020-03-01 08:00:00', NULL),
(128, 3, 6, '2020-04-01 07:00:00', '2020-04-01 07:00:00', NULL),
(129, 3, 7, '2020-01-01 08:00:00', '2020-01-01 08:00:00', NULL),
(130, 3, 7, '2020-02-01 08:00:00', '2020-02-01 08:00:00', NULL),
(131, 3, 7, '2020-03-01 08:00:00', '2020-03-01 08:00:00', NULL),
(132, 3, 7, '2020-04-01 07:00:00', '2020-04-01 07:00:00', NULL),
(133, 3, 8, '2020-01-01 08:00:00', '2020-01-01 08:00:00', NULL),
(134, 3, 8, '2020-02-01 08:00:00', '2020-02-01 08:00:00', NULL),
(135, 3, 8, '2020-03-01 08:00:00', '2020-03-01 08:00:00', NULL),
(136, 3, 8, '2020-04-01 07:00:00', '2020-04-01 07:00:00', NULL),
(137, 3, 9, '2020-01-01 08:00:00', '2020-01-01 08:00:00', NULL),
(138, 3, 9, '2020-02-01 08:00:00', '2020-02-01 08:00:00', NULL),
(139, 3, 9, '2020-03-01 08:00:00', '2020-03-01 08:00:00', NULL),
(140, 3, 9, '2020-04-01 07:00:00', '2020-04-01 07:00:00', NULL),
(141, 3, 10, '2020-01-01 08:00:00', '2020-01-01 08:00:00', NULL),
(142, 3, 10, '2020-02-01 08:00:00', '2020-02-01 08:00:00', NULL),
(143, 3, 10, '2020-03-01 08:00:00', '2020-03-01 08:00:00', NULL),
(144, 3, 10, '2020-04-01 07:00:00', '2020-04-01 07:00:00', NULL),
(145, 3, 15, '2020-01-01 08:00:00', '2020-01-01 08:00:00', NULL),
(146, 3, 15, '2020-02-01 08:00:00', '2020-02-01 08:00:00', NULL),
(147, 3, 15, '2020-03-01 08:00:00', '2020-03-01 08:00:00', NULL),
(148, 3, 15, '2020-04-01 07:00:00', '2020-04-01 07:00:00', NULL),
(149, 3, 16, '2020-01-01 08:00:00', '2020-01-01 08:00:00', NULL),
(150, 3, 16, '2020-02-01 08:00:00', '2020-02-01 08:00:00', NULL),
(151, 3, 16, '2020-03-01 08:00:00', '2020-03-01 08:00:00', NULL),
(152, 3, 16, '2020-04-01 07:00:00', '2020-04-01 07:00:00', NULL),
(153, 3, 17, '2020-01-01 08:00:00', '2020-01-01 08:00:00', NULL),
(154, 3, 17, '2020-02-01 08:00:00', '2020-02-01 08:00:00', NULL),
(155, 3, 17, '2020-03-01 08:00:00', '2020-03-01 08:00:00', NULL),
(156, 3, 17, '2020-04-01 07:00:00', '2020-04-01 07:00:00', NULL),
(157, 3, 18, '2020-01-01 08:00:00', '2020-01-01 08:00:00', NULL),
(158, 3, 18, '2020-02-01 08:00:00', '2020-02-01 08:00:00', NULL),
(159, 3, 18, '2020-03-01 08:00:00', '2020-03-01 08:00:00', NULL),
(160, 3, 18, '2020-04-01 07:00:00', '2020-04-01 07:00:00', NULL),
(161, 3, 19, '2020-01-01 08:00:00', '2020-01-01 08:00:00', NULL),
(162, 3, 19, '2020-02-01 08:00:00', '2020-02-01 08:00:00', NULL),
(163, 3, 19, '2020-03-01 08:00:00', '2020-03-01 08:00:00', NULL),
(164, 3, 19, '2020-04-01 07:00:00', '2020-04-01 07:00:00', NULL),
(165, 3, 20, '2020-01-01 08:00:00', '2020-01-01 08:00:00', NULL),
(166, 3, 20, '2020-02-01 08:00:00', '2020-02-01 08:00:00', NULL),
(167, 3, 20, '2020-03-01 08:00:00', '2020-03-01 08:00:00', NULL),
(168, 3, 20, '2020-04-01 07:00:00', '2020-04-01 07:00:00', NULL),
(169, 4, 1, '2020-01-01 08:00:00', '2020-01-01 08:00:00', NULL),
(170, 4, 1, '2020-02-01 08:00:00', '2020-02-01 08:00:00', NULL),
(171, 4, 1, '2020-03-01 08:00:00', '2020-03-01 08:00:00', NULL),
(172, 4, 1, '2020-04-01 07:00:00', '2020-04-01 07:00:00', NULL),
(173, 4, 2, '2020-01-01 08:00:00', '2020-01-01 08:00:00', NULL),
(174, 4, 2, '2020-02-01 08:00:00', '2020-02-01 08:00:00', NULL),
(175, 4, 2, '2020-03-01 08:00:00', '2020-03-01 08:00:00', NULL),
(176, 4, 2, '2020-04-01 07:00:00', '2020-04-01 07:00:00', NULL),
(177, 4, 5, '2020-01-01 08:00:00', '2020-01-01 08:00:00', NULL),
(178, 4, 5, '2020-02-01 08:00:00', '2020-02-01 08:00:00', NULL),
(179, 4, 5, '2020-03-01 08:00:00', '2020-03-01 08:00:00', NULL),
(180, 4, 5, '2020-04-01 07:00:00', '2020-04-01 07:00:00', NULL),
(181, 4, 6, '2020-01-01 08:00:00', '2020-01-01 08:00:00', NULL),
(182, 4, 6, '2020-02-01 08:00:00', '2020-02-01 08:00:00', NULL),
(183, 4, 6, '2020-03-01 08:00:00', '2020-03-01 08:00:00', NULL),
(184, 4, 6, '2020-04-01 07:00:00', '2020-04-01 07:00:00', NULL),
(185, 4, 7, '2020-01-01 08:00:00', '2020-01-01 08:00:00', NULL),
(186, 4, 7, '2020-02-01 08:00:00', '2020-02-01 08:00:00', NULL),
(187, 4, 7, '2020-03-01 08:00:00', '2020-03-01 08:00:00', NULL),
(188, 4, 7, '2020-04-01 07:00:00', '2020-04-01 07:00:00', NULL),
(189, 4, 8, '2020-01-01 08:00:00', '2020-01-01 08:00:00', NULL),
(190, 4, 8, '2020-02-01 08:00:00', '2020-02-01 08:00:00', NULL),
(191, 4, 8, '2020-03-01 08:00:00', '2020-03-01 08:00:00', NULL),
(192, 4, 8, '2020-04-01 07:00:00', '2020-04-01 07:00:00', NULL),
(193, 4, 9, '2020-01-01 08:00:00', '2020-01-01 08:00:00', NULL),
(194, 4, 9, '2020-02-01 08:00:00', '2020-02-01 08:00:00', NULL),
(195, 4, 9, '2020-03-01 08:00:00', '2020-03-01 08:00:00', NULL),
(196, 4, 9, '2020-04-01 07:00:00', '2020-04-01 07:00:00', NULL),
(197, 4, 10, '2020-01-01 08:00:00', '2020-01-01 08:00:00', NULL),
(198, 4, 10, '2020-02-01 08:00:00', '2020-02-01 08:00:00', NULL),
(199, 4, 10, '2020-03-01 08:00:00', '2020-03-01 08:00:00', NULL),
(200, 4, 10, '2020-04-01 07:00:00', '2020-04-01 07:00:00', NULL),
(201, 4, 15, '2020-01-01 08:00:00', '2020-01-01 08:00:00', NULL),
(202, 4, 15, '2020-02-01 08:00:00', '2020-02-01 08:00:00', NULL),
(203, 4, 15, '2020-03-01 08:00:00', '2020-03-01 08:00:00', NULL),
(204, 4, 15, '2020-04-01 07:00:00', '2020-04-01 07:00:00', NULL),
(205, 4, 16, '2020-01-01 08:00:00', '2020-01-01 08:00:00', NULL),
(206, 4, 16, '2020-02-01 08:00:00', '2020-02-01 08:00:00', NULL),
(207, 4, 16, '2020-03-01 08:00:00', '2020-03-01 08:00:00', NULL),
(208, 4, 16, '2020-04-01 07:00:00', '2020-04-01 07:00:00', NULL),
(209, 4, 17, '2020-01-01 08:00:00', '2020-01-01 08:00:00', NULL),
(210, 4, 17, '2020-02-01 08:00:00', '2020-02-01 08:00:00', NULL),
(211, 4, 17, '2020-03-01 08:00:00', '2020-03-01 08:00:00', NULL),
(212, 4, 17, '2020-04-01 07:00:00', '2020-04-01 07:00:00', NULL),
(213, 4, 18, '2020-01-01 08:00:00', '2020-01-01 08:00:00', NULL),
(214, 4, 18, '2020-02-01 08:00:00', '2020-02-01 08:00:00', NULL),
(215, 4, 18, '2020-03-01 08:00:00', '2020-03-01 08:00:00', NULL),
(216, 4, 18, '2020-04-01 07:00:00', '2020-04-01 07:00:00', NULL),
(217, 4, 19, '2020-01-01 08:00:00', '2020-01-01 08:00:00', NULL),
(218, 4, 19, '2020-02-01 08:00:00', '2020-02-01 08:00:00', NULL),
(219, 4, 19, '2020-03-01 08:00:00', '2020-03-01 08:00:00', NULL),
(220, 4, 19, '2020-04-01 07:00:00', '2020-04-01 07:00:00', NULL),
(221, 4, 20, '2020-01-01 08:00:00', '2020-01-01 08:00:00', NULL),
(222, 4, 20, '2020-02-01 08:00:00', '2020-02-01 08:00:00', NULL),
(223, 4, 20, '2020-03-01 08:00:00', '2020-03-01 08:00:00', NULL),
(224, 4, 20, '2020-04-01 07:00:00', '2020-04-01 07:00:00', NULL),
(249, 1, 13, '2020-05-07 19:18:23', '2020-05-07 19:18:23', NULL),
(250, 2, 13, '2020-05-07 20:20:44', '2020-05-07 20:20:44', NULL);

-- --------------------------------------------------------

--
-- Структура таблицы `journal_records`
--

CREATE TABLE `journal_records` (
  `id` bigint(20) UNSIGNED NOT NULL,
  `value` varchar(255) DEFAULT NULL,
  `column_id` bigint(20) UNSIGNED NOT NULL,
  `student_id` bigint(20) UNSIGNED NOT NULL,
  `created_at` timestamp NULL DEFAULT NULL,
  `updated_at` timestamp NULL DEFAULT NULL,
  `deleted_at` timestamp NULL DEFAULT NULL
) ENGINE=InnoDB DEFAULT CHARSET=utf8;

--
-- Дамп данных таблицы `journal_records`
--

INSERT INTO `journal_records` (`id`, `value`, `column_id`, `student_id`, `created_at`, `updated_at`, `deleted_at`) VALUES
(1, NULL, 1, 1, '2020-01-01 08:00:00', '2020-01-01 08:00:00', NULL),
(2, NULL, 1, 2, '2020-01-01 08:00:00', '2020-01-01 08:00:00', NULL),
(3, '0', 1, 3, '2020-01-01 08:00:00', '2020-01-01 08:00:00', NULL),
(4, NULL, 1, 4, '2020-01-01 08:00:00', '2020-01-01 08:00:00', NULL),
(5, NULL, 1, 5, '2020-01-01 08:00:00', '2020-01-01 08:00:00', NULL),
(6, NULL, 1, 6, '2020-01-01 08:00:00', '2020-01-01 08:00:00', NULL),
(7, NULL, 1, 7, '2020-01-01 08:00:00', '2020-01-01 08:00:00', NULL),
(8, '0', 1, 8, '2020-01-01 08:00:00', '2020-01-01 08:00:00', NULL),
(9, '0', 1, 9, '2020-01-01 08:00:00', '2020-01-01 08:00:00', NULL),
(10, NULL, 1, 10, '2020-01-01 08:00:00', '2020-01-01 08:00:00', NULL),
(11, '0', 1, 11, '2020-01-01 08:00:00', '2020-01-01 08:00:00', NULL),
(12, NULL, 1, 12, '2020-01-01 08:00:00', '2020-01-01 08:00:00', NULL),
(13, '0', 1, 13, '2020-01-01 08:00:00', '2020-01-01 08:00:00', NULL),
(14, NULL, 1, 14, '2020-01-01 08:00:00', '2020-01-01 08:00:00', NULL),
(15, '0', 1, 15, '2020-01-01 08:00:00', '2020-01-01 08:00:00', NULL),
(16, '0', 1, 16, '2020-01-01 08:00:00', '2020-01-01 08:00:00', NULL),
(17, '0', 1, 17, '2020-01-01 08:00:00', '2020-01-01 08:00:00', NULL),
(18, '0', 1, 18, '2020-01-01 08:00:00', '2020-01-01 08:00:00', NULL),
(19, NULL, 1, 19, '2020-01-01 08:00:00', '2020-01-01 08:00:00', NULL),
(20, '0', 1, 20, '2020-01-01 08:00:00', '2020-01-01 08:00:00', NULL),
(21, '0', 1, 21, '2020-01-01 08:00:00', '2020-01-01 08:00:00', NULL),
(22, '0', 1, 22, '2020-01-01 08:00:00', '2020-01-01 08:00:00', NULL),
(23, '0', 1, 23, '2020-01-01 08:00:00', '2020-01-01 08:00:00', NULL),
(24, '0', 1, 24, '2020-01-01 08:00:00', '2020-01-01 08:00:00', NULL),
(25, NULL, 2, 1, '2020-02-01 08:00:00', '2020-02-01 08:00:00', NULL),
(26, NULL, 2, 2, '2020-02-01 08:00:00', '2020-02-01 08:00:00', NULL),
(27, '0', 2, 3, '2020-02-01 08:00:00', '2020-02-01 08:00:00', NULL),
(28, NULL, 2, 4, '2020-02-01 08:00:00', '2020-02-01 08:00:00', NULL),
(29, NULL, 2, 5, '2020-02-01 08:00:00', '2020-02-01 08:00:00', NULL),
(30, '0', 2, 6, '2020-02-01 08:00:00', '2020-02-01 08:00:00', NULL),
(31, NULL, 2, 7, '2020-02-01 08:00:00', '2020-02-01 08:00:00', NULL),
(32, '0', 2, 8, '2020-02-01 08:00:00', '2020-02-01 08:00:00', NULL),
(33, NULL, 2, 9, '2020-02-01 08:00:00', '2020-02-01 08:00:00', NULL),
(34, NULL, 2, 10, '2020-02-01 08:00:00', '2020-02-01 08:00:00', NULL),
(35, '0', 2, 11, '2020-02-01 08:00:00', '2020-02-01 08:00:00', NULL),
(36, '0', 2, 12, '2020-02-01 08:00:00', '2020-02-01 08:00:00', NULL),
(37, '0', 2, 13, '2020-02-01 08:00:00', '2020-02-01 08:00:00', NULL),
(38, NULL, 2, 14, '2020-02-01 08:00:00', '2020-02-01 08:00:00', NULL),
(39, NULL, 2, 15, '2020-02-01 08:00:00', '2020-02-01 08:00:00', NULL),
(40, NULL, 2, 16, '2020-02-01 08:00:00', '2020-02-01 08:00:00', NULL),
(41, NULL, 2, 17, '2020-02-01 08:00:00', '2020-02-01 08:00:00', NULL),
(42, NULL, 2, 18, '2020-02-01 08:00:00', '2020-02-01 08:00:00', NULL),
(43, NULL, 2, 19, '2020-02-01 08:00:00', '2020-02-01 08:00:00', NULL),
(44, '0', 2, 20, '2020-02-01 08:00:00', '2020-02-01 08:00:00', NULL),
(45, NULL, 2, 21, '2020-02-01 08:00:00', '2020-02-01 08:00:00', NULL),
(46, NULL, 2, 22, '2020-02-01 08:00:00', '2020-02-01 08:00:00', NULL),
(47, '0', 2, 23, '2020-02-01 08:00:00', '2020-02-01 08:00:00', NULL),
(48, NULL, 2, 24, '2020-02-01 08:00:00', '2020-02-01 08:00:00', NULL),
(49, '0', 3, 1, '2020-03-01 08:00:00', '2020-03-01 08:00:00', NULL),
(50, NULL, 3, 2, '2020-03-01 08:00:00', '2020-03-01 08:00:00', NULL),
(51, '0', 3, 3, '2020-03-01 08:00:00', '2020-03-01 08:00:00', NULL),
(52, '0', 3, 4, '2020-03-01 08:00:00', '2020-03-01 08:00:00', NULL),
(53, '0', 3, 5, '2020-03-01 08:00:00', '2020-03-01 08:00:00', NULL),
(54, '0', 3, 6, '2020-03-01 08:00:00', '2020-03-01 08:00:00', NULL),
(55, '0', 3, 7, '2020-03-01 08:00:00', '2020-03-01 08:00:00', NULL),
(56, '0', 3, 8, '2020-03-01 08:00:00', '2020-03-01 08:00:00', NULL),
(57, NULL, 3, 9, '2020-03-01 08:00:00', '2020-03-01 08:00:00', NULL),
(58, NULL, 3, 10, '2020-03-01 08:00:00', '2020-03-01 08:00:00', NULL),
(59, NULL, 3, 11, '2020-03-01 08:00:00', '2020-03-01 08:00:00', NULL),
(60, '0', 3, 12, '2020-03-01 08:00:00', '2020-03-01 08:00:00', NULL),
(61, NULL, 3, 13, '2020-03-01 08:00:00', '2020-03-01 08:00:00', NULL),
(62, NULL, 3, 14, '2020-03-01 08:00:00', '2020-03-01 08:00:00', NULL),
(63, NULL, 3, 15, '2020-03-01 08:00:00', '2020-03-01 08:00:00', NULL),
(64, '0', 3, 16, '2020-03-01 08:00:00', '2020-03-01 08:00:00', NULL),
(65, NULL, 3, 17, '2020-03-01 08:00:00', '2020-03-01 08:00:00', NULL),
(66, NULL, 3, 18, '2020-03-01 08:00:00', '2020-03-01 08:00:00', NULL),
(67, '0', 3, 19, '2020-03-01 08:00:00', '2020-03-01 08:00:00', NULL),
(68, NULL, 3, 20, '2020-03-01 08:00:00', '2020-03-01 08:00:00', NULL),
(69, NULL, 3, 21, '2020-03-01 08:00:00', '2020-03-01 08:00:00', NULL),
(70, NULL, 3, 22, '2020-03-01 08:00:00', '2020-03-01 08:00:00', NULL),
(71, NULL, 3, 23, '2020-03-01 08:00:00', '2020-03-01 08:00:00', NULL),
(72, '0', 3, 24, '2020-03-01 08:00:00', '2020-03-01 08:00:00', NULL),
(73, NULL, 4, 1, '2020-04-01 07:00:00', '2020-04-01 07:00:00', NULL),
(74, NULL, 4, 2, '2020-04-01 07:00:00', '2020-04-01 07:00:00', NULL),
(75, '0', 4, 3, '2020-04-01 07:00:00', '2020-04-01 07:00:00', NULL),
(76, NULL, 4, 4, '2020-04-01 07:00:00', '2020-04-01 07:00:00', NULL),
(77, '0', 4, 5, '2020-04-01 07:00:00', '2020-04-01 07:00:00', NULL),
(78, '0', 4, 6, '2020-04-01 07:00:00', '2020-04-01 07:00:00', NULL),
(79, NULL, 4, 7, '2020-04-01 07:00:00', '2020-04-01 07:00:00', NULL),
(80, '0', 4, 8, '2020-04-01 07:00:00', '2020-04-01 07:00:00', NULL),
(81, NULL, 4, 9, '2020-04-01 07:00:00', '2020-04-01 07:00:00', NULL),
(82, '0', 4, 10, '2020-04-01 07:00:00', '2020-04-01 07:00:00', NULL),
(83, '0', 4, 11, '2020-04-01 07:00:00', '2020-04-01 07:00:00', NULL),
(84, '0', 4, 12, '2020-04-01 07:00:00', '2020-04-01 07:00:00', NULL),
(85, NULL, 4, 13, '2020-04-01 07:00:00', '2020-04-01 07:00:00', NULL),
(86, NULL, 4, 14, '2020-04-01 07:00:00', '2020-04-01 07:00:00', NULL),
(87, NULL, 4, 15, '2020-04-01 07:00:00', '2020-04-01 07:00:00', NULL),
(88, NULL, 4, 16, '2020-04-01 07:00:00', '2020-04-01 07:00:00', NULL),
(89, '0', 4, 17, '2020-04-01 07:00:00', '2020-04-01 07:00:00', NULL),
(90, NULL, 4, 18, '2020-04-01 07:00:00', '2020-04-01 07:00:00', NULL),
(91, NULL, 4, 19, '2020-04-01 07:00:00', '2020-04-01 07:00:00', NULL),
(92, NULL, 4, 20, '2020-04-01 07:00:00', '2020-04-01 07:00:00', NULL),
(93, '0', 4, 21, '2020-04-01 07:00:00', '2020-04-01 07:00:00', NULL),
(94, NULL, 4, 22, '2020-04-01 07:00:00', '2020-04-01 07:00:00', NULL),
(95, '0', 4, 23, '2020-04-01 07:00:00', '2020-04-01 07:00:00', NULL),
(96, '0', 4, 24, '2020-04-01 07:00:00', '2020-04-01 07:00:00', NULL),
(97, NULL, 5, 1, '2020-01-01 08:00:00', '2020-01-01 08:00:00', NULL),
(98, '0', 5, 2, '2020-01-01 08:00:00', '2020-01-01 08:00:00', NULL),
(99, NULL, 5, 3, '2020-01-01 08:00:00', '2020-01-01 08:00:00', NULL),
(100, NULL, 5, 4, '2020-01-01 08:00:00', '2020-01-01 08:00:00', NULL),
(101, NULL, 5, 5, '2020-01-01 08:00:00', '2020-01-01 08:00:00', NULL),
(102, '0', 5, 6, '2020-01-01 08:00:00', '2020-01-01 08:00:00', NULL),
(103, '0', 5, 7, '2020-01-01 08:00:00', '2020-01-01 08:00:00', NULL),
(104, NULL, 5, 8, '2020-01-01 08:00:00', '2020-01-01 08:00:00', NULL),
(105, '0', 5, 9, '2020-01-01 08:00:00', '2020-01-01 08:00:00', NULL),
(106, '0', 5, 10, '2020-01-01 08:00:00', '2020-01-01 08:00:00', NULL),
(107, NULL, 5, 11, '2020-01-01 08:00:00', '2020-01-01 08:00:00', NULL),
(108, '0', 5, 12, '2020-01-01 08:00:00', '2020-01-01 08:00:00', NULL),
(109, NULL, 5, 13, '2020-01-01 08:00:00', '2020-01-01 08:00:00', NULL),
(110, NULL, 5, 14, '2020-01-01 08:00:00', '2020-01-01 08:00:00', NULL),
(111, NULL, 5, 15, '2020-01-01 08:00:00', '2020-01-01 08:00:00', NULL),
(112, NULL, 5, 16, '2020-01-01 08:00:00', '2020-01-01 08:00:00', NULL),
(113, '0', 5, 17, '2020-01-01 08:00:00', '2020-01-01 08:00:00', NULL),
(114, NULL, 5, 18, '2020-01-01 08:00:00', '2020-01-01 08:00:00', NULL),
(115, NULL, 5, 19, '2020-01-01 08:00:00', '2020-01-01 08:00:00', NULL),
(116, '0', 5, 20, '2020-01-01 08:00:00', '2020-01-01 08:00:00', NULL),
(117, '0', 5, 21, '2020-01-01 08:00:00', '2020-01-01 08:00:00', NULL),
(118, NULL, 5, 22, '2020-01-01 08:00:00', '2020-01-01 08:00:00', NULL),
(119, '0', 5, 23, '2020-01-01 08:00:00', '2020-01-01 08:00:00', NULL),
(120, NULL, 5, 24, '2020-01-01 08:00:00', '2020-01-01 08:00:00', NULL),
(121, '0', 6, 1, '2020-02-01 08:00:00', '2020-02-01 08:00:00', NULL),
(122, NULL, 6, 2, '2020-02-01 08:00:00', '2020-02-01 08:00:00', NULL),
(123, NULL, 6, 3, '2020-02-01 08:00:00', '2020-02-01 08:00:00', NULL),
(124, NULL, 6, 4, '2020-02-01 08:00:00', '2020-02-01 08:00:00', NULL),
(125, NULL, 6, 5, '2020-02-01 08:00:00', '2020-02-01 08:00:00', NULL),
(126, '0', 6, 6, '2020-02-01 08:00:00', '2020-02-01 08:00:00', NULL),
(127, '0', 6, 7, '2020-02-01 08:00:00', '2020-02-01 08:00:00', NULL),
(128, '0', 6, 8, '2020-02-01 08:00:00', '2020-02-01 08:00:00', NULL),
(129, '0', 6, 9, '2020-02-01 08:00:00', '2020-02-01 08:00:00', NULL),
(130, '0', 6, 10, '2020-02-01 08:00:00', '2020-02-01 08:00:00', NULL),
(131, '0', 6, 11, '2020-02-01 08:00:00', '2020-02-01 08:00:00', NULL),
(132, '0', 6, 12, '2020-02-01 08:00:00', '2020-02-01 08:00:00', NULL),
(133, NULL, 6, 13, '2020-02-01 08:00:00', '2020-02-01 08:00:00', NULL),
(134, NULL, 6, 14, '2020-02-01 08:00:00', '2020-02-01 08:00:00', NULL),
(135, '0', 6, 15, '2020-02-01 08:00:00', '2020-02-01 08:00:00', NULL),
(136, NULL, 6, 16, '2020-02-01 08:00:00', '2020-02-01 08:00:00', NULL),
(137, '0', 6, 17, '2020-02-01 08:00:00', '2020-02-01 08:00:00', NULL),
(138, NULL, 6, 18, '2020-02-01 08:00:00', '2020-02-01 08:00:00', NULL),
(139, NULL, 6, 19, '2020-02-01 08:00:00', '2020-02-01 08:00:00', NULL),
(140, NULL, 6, 20, '2020-02-01 08:00:00', '2020-02-01 08:00:00', NULL),
(141, NULL, 6, 21, '2020-02-01 08:00:00', '2020-02-01 08:00:00', NULL),
(142, '0', 6, 22, '2020-02-01 08:00:00', '2020-02-01 08:00:00', NULL),
(143, NULL, 6, 23, '2020-02-01 08:00:00', '2020-02-01 08:00:00', NULL),
(144, '0', 6, 24, '2020-02-01 08:00:00', '2020-02-01 08:00:00', NULL),
(145, NULL, 7, 1, '2020-03-01 08:00:00', '2020-03-01 08:00:00', NULL),
(146, NULL, 7, 2, '2020-03-01 08:00:00', '2020-03-01 08:00:00', NULL),
(147, NULL, 7, 3, '2020-03-01 08:00:00', '2020-03-01 08:00:00', NULL),
(148, '0', 7, 4, '2020-03-01 08:00:00', '2020-03-01 08:00:00', NULL),
(149, NULL, 7, 5, '2020-03-01 08:00:00', '2020-03-01 08:00:00', NULL),
(150, NULL, 7, 6, '2020-03-01 08:00:00', '2020-03-01 08:00:00', NULL),
(151, NULL, 7, 7, '2020-03-01 08:00:00', '2020-03-01 08:00:00', NULL),
(152, NULL, 7, 8, '2020-03-01 08:00:00', '2020-03-01 08:00:00', NULL),
(153, '0', 7, 9, '2020-03-01 08:00:00', '2020-03-01 08:00:00', NULL),
(154, NULL, 7, 10, '2020-03-01 08:00:00', '2020-03-01 08:00:00', NULL),
(155, NULL, 7, 11, '2020-03-01 08:00:00', '2020-03-01 08:00:00', NULL),
(156, NULL, 7, 12, '2020-03-01 08:00:00', '2020-03-01 08:00:00', NULL),
(157, NULL, 7, 13, '2020-03-01 08:00:00', '2020-03-01 08:00:00', NULL),
(158, '0', 7, 14, '2020-03-01 08:00:00', '2020-03-01 08:00:00', NULL),
(159, '0', 7, 15, '2020-03-01 08:00:00', '2020-03-01 08:00:00', NULL),
(160, NULL, 7, 16, '2020-03-01 08:00:00', '2020-03-01 08:00:00', NULL),
(161, '0', 7, 17, '2020-03-01 08:00:00', '2020-03-01 08:00:00', NULL),
(162, NULL, 7, 18, '2020-03-01 08:00:00', '2020-03-01 08:00:00', NULL),
(163, '0', 7, 19, '2020-03-01 08:00:00', '2020-03-01 08:00:00', NULL),
(164, NULL, 7, 20, '2020-03-01 08:00:00', '2020-03-01 08:00:00', NULL),
(165, '0', 7, 21, '2020-03-01 08:00:00', '2020-03-01 08:00:00', NULL),
(166, NULL, 7, 22, '2020-03-01 08:00:00', '2020-03-01 08:00:00', NULL),
(167, '0', 7, 23, '2020-03-01 08:00:00', '2020-03-01 08:00:00', NULL),
(168, NULL, 7, 24, '2020-03-01 08:00:00', '2020-03-01 08:00:00', NULL),
(169, NULL, 8, 1, '2020-04-01 07:00:00', '2020-04-01 07:00:00', NULL),
(170, '0', 8, 2, '2020-04-01 07:00:00', '2020-04-01 07:00:00', NULL),
(171, '0', 8, 3, '2020-04-01 07:00:00', '2020-04-01 07:00:00', NULL),
(172, '0', 8, 4, '2020-04-01 07:00:00', '2020-04-01 07:00:00', NULL),
(173, NULL, 8, 5, '2020-04-01 07:00:00', '2020-04-01 07:00:00', NULL),
(174, '0', 8, 6, '2020-04-01 07:00:00', '2020-04-01 07:00:00', NULL),
(175, '0', 8, 7, '2020-04-01 07:00:00', '2020-04-01 07:00:00', NULL),
(176, NULL, 8, 8, '2020-04-01 07:00:00', '2020-04-01 07:00:00', NULL),
(177, NULL, 8, 9, '2020-04-01 07:00:00', '2020-04-01 07:00:00', NULL),
(178, '0', 8, 10, '2020-04-01 07:00:00', '2020-04-01 07:00:00', NULL),
(179, NULL, 8, 11, '2020-04-01 07:00:00', '2020-04-01 07:00:00', NULL),
(180, NULL, 8, 12, '2020-04-01 07:00:00', '2020-04-01 07:00:00', NULL),
(181, NULL, 8, 13, '2020-04-01 07:00:00', '2020-04-01 07:00:00', NULL),
(182, NULL, 8, 14, '2020-04-01 07:00:00', '2020-04-01 07:00:00', NULL),
(183, '0', 8, 15, '2020-04-01 07:00:00', '2020-04-01 07:00:00', NULL),
(184, '0', 8, 16, '2020-04-01 07:00:00', '2020-04-01 07:00:00', NULL),
(185, NULL, 8, 17, '2020-04-01 07:00:00', '2020-04-01 07:00:00', NULL),
(186, '0', 8, 18, '2020-04-01 07:00:00', '2020-04-01 07:00:00', NULL),
(187, NULL, 8, 19, '2020-04-01 07:00:00', '2020-04-01 07:00:00', NULL),
(188, NULL, 8, 20, '2020-04-01 07:00:00', '2020-04-01 07:00:00', NULL),
(189, NULL, 8, 21, '2020-04-01 07:00:00', '2020-04-01 07:00:00', NULL),
(190, NULL, 8, 22, '2020-04-01 07:00:00', '2020-04-01 07:00:00', NULL),
(191, '0', 8, 23, '2020-04-01 07:00:00', '2020-04-01 07:00:00', NULL),
(192, '0', 8, 24, '2020-04-01 07:00:00', '2020-04-01 07:00:00', NULL),
(193, '0', 9, 1, '2020-01-01 08:00:00', '2020-01-01 08:00:00', NULL),
(194, '0', 9, 2, '2020-01-01 08:00:00', '2020-01-01 08:00:00', NULL),
(195, NULL, 9, 3, '2020-01-01 08:00:00', '2020-01-01 08:00:00', NULL),
(196, NULL, 9, 4, '2020-01-01 08:00:00', '2020-01-01 08:00:00', NULL),
(197, NULL, 9, 5, '2020-01-01 08:00:00', '2020-01-01 08:00:00', NULL),
(198, '0', 9, 6, '2020-01-01 08:00:00', '2020-01-01 08:00:00', NULL),
(199, '0', 9, 7, '2020-01-01 08:00:00', '2020-01-01 08:00:00', NULL),
(200, NULL, 9, 8, '2020-01-01 08:00:00', '2020-01-01 08:00:00', NULL),
(201, '0', 9, 9, '2020-01-01 08:00:00', '2020-01-01 08:00:00', NULL),
(202, '0', 9, 10, '2020-01-01 08:00:00', '2020-01-01 08:00:00', NULL),
(203, '0', 9, 11, '2020-01-01 08:00:00', '2020-01-01 08:00:00', NULL),
(204, NULL, 9, 12, '2020-01-01 08:00:00', '2020-01-01 08:00:00', NULL),
(205, '0', 9, 13, '2020-01-01 08:00:00', '2020-01-01 08:00:00', NULL),
(206, '0', 9, 14, '2020-01-01 08:00:00', '2020-01-01 08:00:00', NULL),
(207, NULL, 9, 15, '2020-01-01 08:00:00', '2020-01-01 08:00:00', NULL),
(208, '0', 9, 16, '2020-01-01 08:00:00', '2020-01-01 08:00:00', NULL),
(209, '0', 9, 17, '2020-01-01 08:00:00', '2020-01-01 08:00:00', NULL),
(210, '0', 9, 18, '2020-01-01 08:00:00', '2020-01-01 08:00:00', NULL),
(211, '0', 9, 19, '2020-01-01 08:00:00', '2020-01-01 08:00:00', NULL),
(212, NULL, 9, 20, '2020-01-01 08:00:00', '2020-01-01 08:00:00', NULL),
(213, '0', 9, 21, '2020-01-01 08:00:00', '2020-01-01 08:00:00', NULL),
(214, NULL, 9, 22, '2020-01-01 08:00:00', '2020-01-01 08:00:00', NULL),
(215, NULL, 9, 23, '2020-01-01 08:00:00', '2020-01-01 08:00:00', NULL),
(216, '0', 9, 24, '2020-01-01 08:00:00', '2020-01-01 08:00:00', NULL),
(217, NULL, 10, 1, '2020-02-01 08:00:00', '2020-02-01 08:00:00', NULL),
(218, '0', 10, 2, '2020-02-01 08:00:00', '2020-02-01 08:00:00', NULL),
(219, '0', 10, 3, '2020-02-01 08:00:00', '2020-02-01 08:00:00', NULL),
(220, NULL, 10, 4, '2020-02-01 08:00:00', '2020-02-01 08:00:00', NULL),
(221, '0', 10, 5, '2020-02-01 08:00:00', '2020-02-01 08:00:00', NULL),
(222, NULL, 10, 6, '2020-02-01 08:00:00', '2020-02-01 08:00:00', NULL),
(223, '0', 10, 7, '2020-02-01 08:00:00', '2020-02-01 08:00:00', NULL),
(224, '0', 10, 8, '2020-02-01 08:00:00', '2020-02-01 08:00:00', NULL),
(225, NULL, 10, 9, '2020-02-01 08:00:00', '2020-02-01 08:00:00', NULL),
(226, '0', 10, 10, '2020-02-01 08:00:00', '2020-02-01 08:00:00', NULL),
(227, NULL, 10, 11, '2020-02-01 08:00:00', '2020-02-01 08:00:00', NULL),
(228, NULL, 10, 12, '2020-02-01 08:00:00', '2020-02-01 08:00:00', NULL),
(229, NULL, 10, 13, '2020-02-01 08:00:00', '2020-02-01 08:00:00', NULL),
(230, '0', 10, 14, '2020-02-01 08:00:00', '2020-02-01 08:00:00', NULL),
(231, NULL, 10, 15, '2020-02-01 08:00:00', '2020-02-01 08:00:00', NULL),
(232, NULL, 10, 16, '2020-02-01 08:00:00', '2020-02-01 08:00:00', NULL),
(233, NULL, 10, 17, '2020-02-01 08:00:00', '2020-02-01 08:00:00', NULL),
(234, NULL, 10, 18, '2020-02-01 08:00:00', '2020-02-01 08:00:00', NULL),
(235, '0', 10, 19, '2020-02-01 08:00:00', '2020-02-01 08:00:00', NULL),
(236, NULL, 10, 20, '2020-02-01 08:00:00', '2020-02-01 08:00:00', NULL),
(237, NULL, 10, 21, '2020-02-01 08:00:00', '2020-02-01 08:00:00', NULL),
(238, '0', 10, 22, '2020-02-01 08:00:00', '2020-02-01 08:00:00', NULL),
(239, NULL, 10, 23, '2020-02-01 08:00:00', '2020-02-01 08:00:00', NULL),
(240, '0', 10, 24, '2020-02-01 08:00:00', '2020-02-01 08:00:00', NULL),
(241, NULL, 11, 1, '2020-03-01 08:00:00', '2020-03-01 08:00:00', NULL),
(242, NULL, 11, 2, '2020-03-01 08:00:00', '2020-03-01 08:00:00', NULL),
(243, NULL, 11, 3, '2020-03-01 08:00:00', '2020-03-01 08:00:00', NULL),
(244, '0', 11, 4, '2020-03-01 08:00:00', '2020-03-01 08:00:00', NULL),
(245, NULL, 11, 5, '2020-03-01 08:00:00', '2020-03-01 08:00:00', NULL),
(246, '0', 11, 6, '2020-03-01 08:00:00', '2020-03-01 08:00:00', NULL),
(247, NULL, 11, 7, '2020-03-01 08:00:00', '2020-03-01 08:00:00', NULL),
(248, NULL, 11, 8, '2020-03-01 08:00:00', '2020-03-01 08:00:00', NULL),
(249, '0', 11, 9, '2020-03-01 08:00:00', '2020-03-01 08:00:00', NULL),
(250, '0', 11, 10, '2020-03-01 08:00:00', '2020-03-01 08:00:00', NULL),
(251, '0', 11, 11, '2020-03-01 08:00:00', '2020-03-01 08:00:00', NULL),
(252, '0', 11, 12, '2020-03-01 08:00:00', '2020-03-01 08:00:00', NULL),
(253, '0', 11, 13, '2020-03-01 08:00:00', '2020-03-01 08:00:00', NULL),
(254, NULL, 11, 14, '2020-03-01 08:00:00', '2020-03-01 08:00:00', NULL),
(255, NULL, 11, 15, '2020-03-01 08:00:00', '2020-03-01 08:00:00', NULL),
(256, NULL, 11, 16, '2020-03-01 08:00:00', '2020-03-01 08:00:00', NULL),
(257, NULL, 11, 17, '2020-03-01 08:00:00', '2020-03-01 08:00:00', NULL),
(258, NULL, 11, 18, '2020-03-01 08:00:00', '2020-03-01 08:00:00', NULL),
(259, NULL, 11, 19, '2020-03-01 08:00:00', '2020-03-01 08:00:00', NULL),
(260, '0', 11, 20, '2020-03-01 08:00:00', '2020-03-01 08:00:00', NULL),
(261, '0', 11, 21, '2020-03-01 08:00:00', '2020-03-01 08:00:00', NULL),
(262, '0', 11, 22, '2020-03-01 08:00:00', '2020-03-01 08:00:00', NULL),
(263, NULL, 11, 23, '2020-03-01 08:00:00', '2020-03-01 08:00:00', NULL),
(264, '0', 11, 24, '2020-03-01 08:00:00', '2020-03-01 08:00:00', NULL),
(265, NULL, 12, 1, '2020-04-01 07:00:00', '2020-04-01 07:00:00', NULL),
(266, '0', 12, 2, '2020-04-01 07:00:00', '2020-04-01 07:00:00', NULL),
(267, '0', 12, 3, '2020-04-01 07:00:00', '2020-04-01 07:00:00', NULL),
(268, NULL, 12, 4, '2020-04-01 07:00:00', '2020-04-01 07:00:00', NULL),
(269, NULL, 12, 5, '2020-04-01 07:00:00', '2020-04-01 07:00:00', NULL),
(270, NULL, 12, 6, '2020-04-01 07:00:00', '2020-04-01 07:00:00', NULL),
(271, '0', 12, 7, '2020-04-01 07:00:00', '2020-04-01 07:00:00', NULL),
(272, '0', 12, 8, '2020-04-01 07:00:00', '2020-04-01 07:00:00', NULL),
(273, NULL, 12, 9, '2020-04-01 07:00:00', '2020-04-01 07:00:00', NULL),
(274, NULL, 12, 10, '2020-04-01 07:00:00', '2020-04-01 07:00:00', NULL),
(275, '0', 12, 11, '2020-04-01 07:00:00', '2020-04-01 07:00:00', NULL),
(276, '0', 12, 12, '2020-04-01 07:00:00', '2020-04-01 07:00:00', NULL),
(277, '0', 12, 13, '2020-04-01 07:00:00', '2020-04-01 07:00:00', NULL),
(278, '0', 12, 14, '2020-04-01 07:00:00', '2020-04-01 07:00:00', NULL),
(279, '0', 12, 15, '2020-04-01 07:00:00', '2020-04-01 07:00:00', NULL),
(280, '0', 12, 16, '2020-04-01 07:00:00', '2020-04-01 07:00:00', NULL),
(281, '0', 12, 17, '2020-04-01 07:00:00', '2020-04-01 07:00:00', NULL),
(282, NULL, 12, 18, '2020-04-01 07:00:00', '2020-04-01 07:00:00', NULL),
(283, '0', 12, 19, '2020-04-01 07:00:00', '2020-04-01 07:00:00', NULL),
(284, NULL, 12, 20, '2020-04-01 07:00:00', '2020-04-01 07:00:00', NULL),
(285, NULL, 12, 21, '2020-04-01 07:00:00', '2020-04-01 07:00:00', NULL),
(286, NULL, 12, 22, '2020-04-01 07:00:00', '2020-04-01 07:00:00', NULL),
(287, NULL, 12, 23, '2020-04-01 07:00:00', '2020-04-01 07:00:00', NULL),
(288, '0', 12, 24, '2020-04-01 07:00:00', '2020-04-01 07:00:00', NULL),
(289, '0', 13, 1, '2020-01-01 08:00:00', '2020-01-01 08:00:00', NULL),
(290, NULL, 13, 2, '2020-01-01 08:00:00', '2020-01-01 08:00:00', NULL),
(291, '0', 13, 3, '2020-01-01 08:00:00', '2020-01-01 08:00:00', NULL),
(292, '0', 13, 4, '2020-01-01 08:00:00', '2020-01-01 08:00:00', NULL),
(293, '0', 13, 5, '2020-01-01 08:00:00', '2020-01-01 08:00:00', NULL),
(294, '0', 13, 6, '2020-01-01 08:00:00', '2020-01-01 08:00:00', NULL),
(295, NULL, 13, 7, '2020-01-01 08:00:00', '2020-01-01 08:00:00', NULL),
(296, '0', 13, 8, '2020-01-01 08:00:00', '2020-01-01 08:00:00', NULL),
(297, NULL, 13, 9, '2020-01-01 08:00:00', '2020-01-01 08:00:00', NULL),
(298, NULL, 13, 10, '2020-01-01 08:00:00', '2020-01-01 08:00:00', NULL),
(299, '0', 13, 11, '2020-01-01 08:00:00', '2020-01-01 08:00:00', NULL),
(300, NULL, 13, 12, '2020-01-01 08:00:00', '2020-01-01 08:00:00', NULL),
(301, '0', 13, 13, '2020-01-01 08:00:00', '2020-01-01 08:00:00', NULL),
(302, '0', 13, 14, '2020-01-01 08:00:00', '2020-01-01 08:00:00', NULL),
(303, NULL, 13, 15, '2020-01-01 08:00:00', '2020-01-01 08:00:00', NULL),
(304, NULL, 13, 16, '2020-01-01 08:00:00', '2020-01-01 08:00:00', NULL),
(305, '0', 13, 17, '2020-01-01 08:00:00', '2020-01-01 08:00:00', NULL),
(306, NULL, 13, 18, '2020-01-01 08:00:00', '2020-01-01 08:00:00', NULL),
(307, NULL, 13, 19, '2020-01-01 08:00:00', '2020-01-01 08:00:00', NULL),
(308, '0', 13, 20, '2020-01-01 08:00:00', '2020-01-01 08:00:00', NULL),
(309, '0', 13, 21, '2020-01-01 08:00:00', '2020-01-01 08:00:00', NULL),
(310, NULL, 13, 22, '2020-01-01 08:00:00', '2020-01-01 08:00:00', NULL),
(311, NULL, 13, 23, '2020-01-01 08:00:00', '2020-01-01 08:00:00', NULL),
(312, '0', 13, 24, '2020-01-01 08:00:00', '2020-01-01 08:00:00', NULL),
(313, '0', 14, 1, '2020-02-01 08:00:00', '2020-02-01 08:00:00', NULL),
(314, '0', 14, 2, '2020-02-01 08:00:00', '2020-02-01 08:00:00', NULL),
(315, NULL, 14, 3, '2020-02-01 08:00:00', '2020-02-01 08:00:00', NULL),
(316, '0', 14, 4, '2020-02-01 08:00:00', '2020-02-01 08:00:00', NULL),
(317, '0', 14, 5, '2020-02-01 08:00:00', '2020-02-01 08:00:00', NULL),
(318, NULL, 14, 6, '2020-02-01 08:00:00', '2020-02-01 08:00:00', NULL),
(319, NULL, 14, 7, '2020-02-01 08:00:00', '2020-02-01 08:00:00', NULL),
(320, NULL, 14, 8, '2020-02-01 08:00:00', '2020-02-01 08:00:00', NULL),
(321, NULL, 14, 9, '2020-02-01 08:00:00', '2020-02-01 08:00:00', NULL),
(322, NULL, 14, 10, '2020-02-01 08:00:00', '2020-02-01 08:00:00', NULL),
(323, NULL, 14, 11, '2020-02-01 08:00:00', '2020-02-01 08:00:00', NULL),
(324, '0', 14, 12, '2020-02-01 08:00:00', '2020-02-01 08:00:00', NULL),
(325, '0', 14, 13, '2020-02-01 08:00:00', '2020-02-01 08:00:00', NULL),
(326, NULL, 14, 14, '2020-02-01 08:00:00', '2020-02-01 08:00:00', NULL),
(327, '0', 14, 15, '2020-02-01 08:00:00', '2020-02-01 08:00:00', NULL),
(328, NULL, 14, 16, '2020-02-01 08:00:00', '2020-02-01 08:00:00', NULL),
(329, '0', 14, 17, '2020-02-01 08:00:00', '2020-02-01 08:00:00', NULL),
(330, '0', 14, 18, '2020-02-01 08:00:00', '2020-02-01 08:00:00', NULL),
(331, '0', 14, 19, '2020-02-01 08:00:00', '2020-02-01 08:00:00', NULL),
(332, NULL, 14, 20, '2020-02-01 08:00:00', '2020-02-01 08:00:00', NULL),
(333, '0', 14, 21, '2020-02-01 08:00:00', '2020-02-01 08:00:00', NULL),
(334, NULL, 14, 22, '2020-02-01 08:00:00', '2020-02-01 08:00:00', NULL),
(335, NULL, 14, 23, '2020-02-01 08:00:00', '2020-02-01 08:00:00', NULL),
(336, NULL, 14, 24, '2020-02-01 08:00:00', '2020-02-01 08:00:00', NULL),
(337, '0', 15, 1, '2020-03-01 08:00:00', '2020-03-01 08:00:00', NULL),
(338, '0', 15, 2, '2020-03-01 08:00:00', '2020-03-01 08:00:00', NULL),
(339, NULL, 15, 3, '2020-03-01 08:00:00', '2020-03-01 08:00:00', NULL),
(340, NULL, 15, 4, '2020-03-01 08:00:00', '2020-03-01 08:00:00', NULL),
(341, NULL, 15, 5, '2020-03-01 08:00:00', '2020-03-01 08:00:00', NULL),
(342, '0', 15, 6, '2020-03-01 08:00:00', '2020-03-01 08:00:00', NULL),
(343, '0', 15, 7, '2020-03-01 08:00:00', '2020-03-01 08:00:00', NULL),
(344, '0', 15, 8, '2020-03-01 08:00:00', '2020-03-01 08:00:00', NULL),
(345, '0', 15, 9, '2020-03-01 08:00:00', '2020-03-01 08:00:00', NULL),
(346, NULL, 15, 10, '2020-03-01 08:00:00', '2020-03-01 08:00:00', NULL),
(347, '0', 15, 11, '2020-03-01 08:00:00', '2020-03-01 08:00:00', NULL),
(348, NULL, 15, 12, '2020-03-01 08:00:00', '2020-03-01 08:00:00', NULL),
(349, '0', 15, 13, '2020-03-01 08:00:00', '2020-03-01 08:00:00', NULL),
(350, '0', 15, 14, '2020-03-01 08:00:00', '2020-03-01 08:00:00', NULL),
(351, NULL, 15, 15, '2020-03-01 08:00:00', '2020-03-01 08:00:00', NULL),
(352, '0', 15, 16, '2020-03-01 08:00:00', '2020-03-01 08:00:00', NULL),
(353, '0', 15, 17, '2020-03-01 08:00:00', '2020-03-01 08:00:00', NULL),
(354, NULL, 15, 18, '2020-03-01 08:00:00', '2020-03-01 08:00:00', NULL),
(355, NULL, 15, 19, '2020-03-01 08:00:00', '2020-03-01 08:00:00', NULL),
(356, '0', 15, 20, '2020-03-01 08:00:00', '2020-03-01 08:00:00', NULL),
(357, '0', 15, 21, '2020-03-01 08:00:00', '2020-03-01 08:00:00', NULL),
(358, '0', 15, 22, '2020-03-01 08:00:00', '2020-03-01 08:00:00', NULL),
(359, '0', 15, 23, '2020-03-01 08:00:00', '2020-03-01 08:00:00', NULL),
(360, '0', 15, 24, '2020-03-01 08:00:00', '2020-03-01 08:00:00', NULL),
(361, '0', 16, 1, '2020-04-01 07:00:00', '2020-04-01 07:00:00', NULL),
(362, '0', 16, 2, '2020-04-01 07:00:00', '2020-04-01 07:00:00', NULL),
(363, '0', 16, 3, '2020-04-01 07:00:00', '2020-04-01 07:00:00', NULL),
(364, '0', 16, 4, '2020-04-01 07:00:00', '2020-04-01 07:00:00', NULL),
(365, '0', 16, 5, '2020-04-01 07:00:00', '2020-04-01 07:00:00', NULL),
(366, '0', 16, 6, '2020-04-01 07:00:00', '2020-04-01 07:00:00', NULL),
(367, NULL, 16, 7, '2020-04-01 07:00:00', '2020-04-01 07:00:00', NULL),
(368, NULL, 16, 8, '2020-04-01 07:00:00', '2020-04-01 07:00:00', NULL),
(369, '0', 16, 9, '2020-04-01 07:00:00', '2020-04-01 07:00:00', NULL),
(370, NULL, 16, 10, '2020-04-01 07:00:00', '2020-04-01 07:00:00', NULL),
(371, NULL, 16, 11, '2020-04-01 07:00:00', '2020-04-01 07:00:00', NULL),
(372, '0', 16, 12, '2020-04-01 07:00:00', '2020-04-01 07:00:00', NULL),
(373, NULL, 16, 13, '2020-04-01 07:00:00', '2020-04-01 07:00:00', NULL),
(374, NULL, 16, 14, '2020-04-01 07:00:00', '2020-04-01 07:00:00', NULL),
(375, '0', 16, 15, '2020-04-01 07:00:00', '2020-04-01 07:00:00', NULL),
(376, '0', 16, 16, '2020-04-01 07:00:00', '2020-04-01 07:00:00', NULL),
(377, NULL, 16, 17, '2020-04-01 07:00:00', '2020-04-01 07:00:00', NULL),
(378, NULL, 16, 18, '2020-04-01 07:00:00', '2020-04-01 07:00:00', NULL),
(379, NULL, 16, 19, '2020-04-01 07:00:00', '2020-04-01 07:00:00', NULL),
(380, NULL, 16, 20, '2020-04-01 07:00:00', '2020-04-01 07:00:00', NULL),
(381, NULL, 16, 21, '2020-04-01 07:00:00', '2020-04-01 07:00:00', NULL),
(382, NULL, 16, 22, '2020-04-01 07:00:00', '2020-04-01 07:00:00', NULL),
(383, '0', 16, 23, '2020-04-01 07:00:00', '2020-04-01 07:00:00', NULL),
(384, NULL, 16, 24, '2020-04-01 07:00:00', '2020-04-01 07:00:00', NULL),
(385, '0', 17, 1, '2020-01-01 08:00:00', '2020-01-01 08:00:00', NULL),
(386, '0', 17, 2, '2020-01-01 08:00:00', '2020-01-01 08:00:00', NULL),
(387, '0', 17, 3, '2020-01-01 08:00:00', '2020-01-01 08:00:00', NULL),
(388, '0', 17, 4, '2020-01-01 08:00:00', '2020-01-01 08:00:00', NULL),
(389, '0', 17, 5, '2020-01-01 08:00:00', '2020-01-01 08:00:00', NULL),
(390, NULL, 17, 6, '2020-01-01 08:00:00', '2020-01-01 08:00:00', NULL),
(391, '0', 17, 7, '2020-01-01 08:00:00', '2020-01-01 08:00:00', NULL),
(392, '0', 17, 8, '2020-01-01 08:00:00', '2020-01-01 08:00:00', NULL),
(393, NULL, 17, 9, '2020-01-01 08:00:00', '2020-01-01 08:00:00', NULL),
(394, '0', 17, 10, '2020-01-01 08:00:00', '2020-01-01 08:00:00', NULL),
(395, '0', 17, 11, '2020-01-01 08:00:00', '2020-01-01 08:00:00', NULL),
(396, NULL, 17, 12, '2020-01-01 08:00:00', '2020-01-01 08:00:00', NULL),
(397, '0', 17, 13, '2020-01-01 08:00:00', '2020-01-01 08:00:00', NULL),
(398, '0', 17, 14, '2020-01-01 08:00:00', '2020-01-01 08:00:00', NULL),
(399, NULL, 17, 15, '2020-01-01 08:00:00', '2020-01-01 08:00:00', NULL),
(400, '0', 17, 16, '2020-01-01 08:00:00', '2020-01-01 08:00:00', NULL),
(401, NULL, 17, 17, '2020-01-01 08:00:00', '2020-01-01 08:00:00', NULL),
(402, '0', 17, 18, '2020-01-01 08:00:00', '2020-01-01 08:00:00', NULL),
(403, NULL, 17, 19, '2020-01-01 08:00:00', '2020-01-01 08:00:00', NULL),
(404, NULL, 17, 20, '2020-01-01 08:00:00', '2020-01-01 08:00:00', NULL),
(405, '0', 17, 21, '2020-01-01 08:00:00', '2020-01-01 08:00:00', NULL),
(406, NULL, 17, 22, '2020-01-01 08:00:00', '2020-01-01 08:00:00', NULL),
(407, NULL, 17, 23, '2020-01-01 08:00:00', '2020-01-01 08:00:00', NULL),
(408, NULL, 17, 24, '2020-01-01 08:00:00', '2020-01-01 08:00:00', NULL),
(409, '0', 18, 1, '2020-02-01 08:00:00', '2020-02-01 08:00:00', NULL),
(410, '0', 18, 2, '2020-02-01 08:00:00', '2020-02-01 08:00:00', NULL),
(411, NULL, 18, 3, '2020-02-01 08:00:00', '2020-02-01 08:00:00', NULL),
(412, '0', 18, 4, '2020-02-01 08:00:00', '2020-02-01 08:00:00', NULL),
(413, NULL, 18, 5, '2020-02-01 08:00:00', '2020-02-01 08:00:00', NULL),
(414, '0', 18, 6, '2020-02-01 08:00:00', '2020-02-01 08:00:00', NULL),
(415, '0', 18, 7, '2020-02-01 08:00:00', '2020-02-01 08:00:00', NULL),
(416, NULL, 18, 8, '2020-02-01 08:00:00', '2020-02-01 08:00:00', NULL),
(417, '0', 18, 9, '2020-02-01 08:00:00', '2020-02-01 08:00:00', NULL),
(418, '0', 18, 10, '2020-02-01 08:00:00', '2020-02-01 08:00:00', NULL),
(419, NULL, 18, 11, '2020-02-01 08:00:00', '2020-02-01 08:00:00', NULL),
(420, '0', 18, 12, '2020-02-01 08:00:00', '2020-02-01 08:00:00', NULL),
(421, NULL, 18, 13, '2020-02-01 08:00:00', '2020-02-01 08:00:00', NULL),
(422, NULL, 18, 14, '2020-02-01 08:00:00', '2020-02-01 08:00:00', NULL),
(423, '0', 18, 15, '2020-02-01 08:00:00', '2020-02-01 08:00:00', NULL),
(424, NULL, 18, 16, '2020-02-01 08:00:00', '2020-02-01 08:00:00', NULL),
(425, '0', 18, 17, '2020-02-01 08:00:00', '2020-02-01 08:00:00', NULL),
(426, '0', 18, 18, '2020-02-01 08:00:00', '2020-02-01 08:00:00', NULL),
(427, '0', 18, 19, '2020-02-01 08:00:00', '2020-02-01 08:00:00', NULL),
(428, NULL, 18, 20, '2020-02-01 08:00:00', '2020-02-01 08:00:00', NULL),
(429, NULL, 18, 21, '2020-02-01 08:00:00', '2020-02-01 08:00:00', NULL),
(430, NULL, 18, 22, '2020-02-01 08:00:00', '2020-02-01 08:00:00', NULL),
(431, NULL, 18, 23, '2020-02-01 08:00:00', '2020-02-01 08:00:00', NULL),
(432, '0', 18, 24, '2020-02-01 08:00:00', '2020-02-01 08:00:00', NULL),
(433, NULL, 19, 1, '2020-03-01 08:00:00', '2020-03-01 08:00:00', NULL),
(434, NULL, 19, 2, '2020-03-01 08:00:00', '2020-03-01 08:00:00', NULL),
(435, NULL, 19, 3, '2020-03-01 08:00:00', '2020-03-01 08:00:00', NULL),
(436, '0', 19, 4, '2020-03-01 08:00:00', '2020-03-01 08:00:00', NULL),
(437, '0', 19, 5, '2020-03-01 08:00:00', '2020-03-01 08:00:00', NULL),
(438, NULL, 19, 6, '2020-03-01 08:00:00', '2020-03-01 08:00:00', NULL),
(439, '0', 19, 7, '2020-03-01 08:00:00', '2020-03-01 08:00:00', NULL),
(440, NULL, 19, 8, '2020-03-01 08:00:00', '2020-03-01 08:00:00', NULL),
(441, '0', 19, 9, '2020-03-01 08:00:00', '2020-03-01 08:00:00', NULL),
(442, '0', 19, 10, '2020-03-01 08:00:00', '2020-03-01 08:00:00', NULL),
(443, NULL, 19, 11, '2020-03-01 08:00:00', '2020-03-01 08:00:00', NULL),
(444, '0', 19, 12, '2020-03-01 08:00:00', '2020-03-01 08:00:00', NULL),
(445, NULL, 19, 13, '2020-03-01 08:00:00', '2020-03-01 08:00:00', NULL),
(446, NULL, 19, 14, '2020-03-01 08:00:00', '2020-03-01 08:00:00', NULL),
(447, NULL, 19, 15, '2020-03-01 08:00:00', '2020-03-01 08:00:00', NULL),
(448, '0', 19, 16, '2020-03-01 08:00:00', '2020-03-01 08:00:00', NULL),
(449, '0', 19, 17, '2020-03-01 08:00:00', '2020-03-01 08:00:00', NULL),
(450, NULL, 19, 18, '2020-03-01 08:00:00', '2020-03-01 08:00:00', NULL),
(451, '0', 19, 19, '2020-03-01 08:00:00', '2020-03-01 08:00:00', NULL),
(452, '0', 19, 20, '2020-03-01 08:00:00', '2020-03-01 08:00:00', NULL),
(453, '0', 19, 21, '2020-03-01 08:00:00', '2020-03-01 08:00:00', NULL),
(454, NULL, 19, 22, '2020-03-01 08:00:00', '2020-03-01 08:00:00', NULL),
(455, '0', 19, 23, '2020-03-01 08:00:00', '2020-03-01 08:00:00', NULL),
(456, NULL, 19, 24, '2020-03-01 08:00:00', '2020-03-01 08:00:00', NULL),
(457, NULL, 20, 1, '2020-04-01 07:00:00', '2020-04-01 07:00:00', NULL),
(458, '0', 20, 2, '2020-04-01 07:00:00', '2020-04-01 07:00:00', NULL),
(459, NULL, 20, 3, '2020-04-01 07:00:00', '2020-04-01 07:00:00', NULL),
(460, NULL, 20, 4, '2020-04-01 07:00:00', '2020-04-01 07:00:00', NULL),
(461, '0', 20, 5, '2020-04-01 07:00:00', '2020-04-01 07:00:00', NULL),
(462, '0', 20, 6, '2020-04-01 07:00:00', '2020-04-01 07:00:00', NULL),
(463, NULL, 20, 7, '2020-04-01 07:00:00', '2020-04-01 07:00:00', NULL),
(464, NULL, 20, 8, '2020-04-01 07:00:00', '2020-04-01 07:00:00', NULL),
(465, NULL, 20, 9, '2020-04-01 07:00:00', '2020-04-01 07:00:00', NULL),
(466, NULL, 20, 10, '2020-04-01 07:00:00', '2020-04-01 07:00:00', NULL),
(467, NULL, 20, 11, '2020-04-01 07:00:00', '2020-04-01 07:00:00', NULL),
(468, NULL, 20, 12, '2020-04-01 07:00:00', '2020-04-01 07:00:00', NULL),
(469, NULL, 20, 13, '2020-04-01 07:00:00', '2020-04-01 07:00:00', NULL),
(470, '0', 20, 14, '2020-04-01 07:00:00', '2020-04-01 07:00:00', NULL),
(471, '0', 20, 15, '2020-04-01 07:00:00', '2020-04-01 07:00:00', NULL),
(472, NULL, 20, 16, '2020-04-01 07:00:00', '2020-04-01 07:00:00', NULL),
(473, '0', 20, 17, '2020-04-01 07:00:00', '2020-04-01 07:00:00', NULL),
(474, '0', 20, 18, '2020-04-01 07:00:00', '2020-04-01 07:00:00', NULL),
(475, NULL, 20, 19, '2020-04-01 07:00:00', '2020-04-01 07:00:00', NULL),
(476, '0', 20, 20, '2020-04-01 07:00:00', '2020-04-01 07:00:00', NULL),
(477, NULL, 20, 21, '2020-04-01 07:00:00', '2020-04-01 07:00:00', NULL),
(478, '0', 20, 22, '2020-04-01 07:00:00', '2020-04-01 07:00:00', NULL),
(479, NULL, 20, 23, '2020-04-01 07:00:00', '2020-04-01 07:00:00', NULL),
(480, '0', 20, 24, '2020-04-01 07:00:00', '2020-04-01 07:00:00', NULL),
(481, '0', 21, 1, '2020-01-01 08:00:00', '2020-01-01 08:00:00', NULL),
(482, '0', 21, 2, '2020-01-01 08:00:00', '2020-01-01 08:00:00', NULL),
(483, '0', 21, 3, '2020-01-01 08:00:00', '2020-01-01 08:00:00', NULL),
(484, NULL, 21, 4, '2020-01-01 08:00:00', '2020-01-01 08:00:00', NULL),
(485, '0', 21, 5, '2020-01-01 08:00:00', '2020-01-01 08:00:00', NULL),
(486, '0', 21, 6, '2020-01-01 08:00:00', '2020-01-01 08:00:00', NULL),
(487, NULL, 21, 7, '2020-01-01 08:00:00', '2020-01-01 08:00:00', NULL),
(488, '0', 21, 8, '2020-01-01 08:00:00', '2020-01-01 08:00:00', NULL),
(489, NULL, 21, 9, '2020-01-01 08:00:00', '2020-01-01 08:00:00', NULL),
(490, NULL, 21, 10, '2020-01-01 08:00:00', '2020-01-01 08:00:00', NULL),
(491, '0', 21, 11, '2020-01-01 08:00:00', '2020-01-01 08:00:00', NULL),
(492, '0', 21, 12, '2020-01-01 08:00:00', '2020-01-01 08:00:00', NULL),
(493, NULL, 21, 13, '2020-01-01 08:00:00', '2020-01-01 08:00:00', NULL),
(494, NULL, 21, 14, '2020-01-01 08:00:00', '2020-01-01 08:00:00', NULL),
(495, '0', 21, 15, '2020-01-01 08:00:00', '2020-01-01 08:00:00', NULL),
(496, NULL, 21, 16, '2020-01-01 08:00:00', '2020-01-01 08:00:00', NULL),
(497, NULL, 21, 17, '2020-01-01 08:00:00', '2020-01-01 08:00:00', NULL),
(498, '0', 21, 18, '2020-01-01 08:00:00', '2020-01-01 08:00:00', NULL),
(499, '0', 21, 19, '2020-01-01 08:00:00', '2020-01-01 08:00:00', NULL),
(500, '0', 21, 20, '2020-01-01 08:00:00', '2020-01-01 08:00:00', NULL),
(501, NULL, 21, 21, '2020-01-01 08:00:00', '2020-01-01 08:00:00', NULL),
(502, '0', 21, 22, '2020-01-01 08:00:00', '2020-01-01 08:00:00', NULL),
(503, '0', 21, 23, '2020-01-01 08:00:00', '2020-01-01 08:00:00', NULL),
(504, '0', 21, 24, '2020-01-01 08:00:00', '2020-01-01 08:00:00', NULL),
(505, NULL, 22, 1, '2020-02-01 08:00:00', '2020-02-01 08:00:00', NULL),
(506, NULL, 22, 2, '2020-02-01 08:00:00', '2020-02-01 08:00:00', NULL),
(507, '0', 22, 3, '2020-02-01 08:00:00', '2020-02-01 08:00:00', NULL),
(508, NULL, 22, 4, '2020-02-01 08:00:00', '2020-02-01 08:00:00', NULL),
(509, '0', 22, 5, '2020-02-01 08:00:00', '2020-02-01 08:00:00', NULL),
(510, '0', 22, 6, '2020-02-01 08:00:00', '2020-02-01 08:00:00', NULL),
(511, '0', 22, 7, '2020-02-01 08:00:00', '2020-02-01 08:00:00', NULL),
(512, NULL, 22, 8, '2020-02-01 08:00:00', '2020-02-01 08:00:00', NULL),
(513, NULL, 22, 9, '2020-02-01 08:00:00', '2020-02-01 08:00:00', NULL),
(514, NULL, 22, 10, '2020-02-01 08:00:00', '2020-02-01 08:00:00', NULL),
(515, '0', 22, 11, '2020-02-01 08:00:00', '2020-02-01 08:00:00', NULL),
(516, NULL, 22, 12, '2020-02-01 08:00:00', '2020-02-01 08:00:00', NULL),
(517, NULL, 22, 13, '2020-02-01 08:00:00', '2020-02-01 08:00:00', NULL),
(518, NULL, 22, 14, '2020-02-01 08:00:00', '2020-02-01 08:00:00', NULL),
(519, NULL, 22, 15, '2020-02-01 08:00:00', '2020-02-01 08:00:00', NULL),
(520, NULL, 22, 16, '2020-02-01 08:00:00', '2020-02-01 08:00:00', NULL),
(521, NULL, 22, 17, '2020-02-01 08:00:00', '2020-02-01 08:00:00', NULL),
(522, '0', 22, 18, '2020-02-01 08:00:00', '2020-02-01 08:00:00', NULL),
(523, '0', 22, 19, '2020-02-01 08:00:00', '2020-02-01 08:00:00', NULL),
(524, NULL, 22, 20, '2020-02-01 08:00:00', '2020-02-01 08:00:00', NULL),
(525, '0', 22, 21, '2020-02-01 08:00:00', '2020-02-01 08:00:00', NULL),
(526, NULL, 22, 22, '2020-02-01 08:00:00', '2020-02-01 08:00:00', NULL),
(527, NULL, 22, 23, '2020-02-01 08:00:00', '2020-02-01 08:00:00', NULL),
(528, NULL, 22, 24, '2020-02-01 08:00:00', '2020-02-01 08:00:00', NULL),
(529, NULL, 23, 1, '2020-03-01 08:00:00', '2020-03-01 08:00:00', NULL),
(530, NULL, 23, 2, '2020-03-01 08:00:00', '2020-03-01 08:00:00', NULL),
(531, '0', 23, 3, '2020-03-01 08:00:00', '2020-03-01 08:00:00', NULL),
(532, '0', 23, 4, '2020-03-01 08:00:00', '2020-03-01 08:00:00', NULL),
(533, '0', 23, 5, '2020-03-01 08:00:00', '2020-03-01 08:00:00', NULL),
(534, NULL, 23, 6, '2020-03-01 08:00:00', '2020-03-01 08:00:00', NULL),
(535, '0', 23, 7, '2020-03-01 08:00:00', '2020-03-01 08:00:00', NULL),
(536, '0', 23, 8, '2020-03-01 08:00:00', '2020-03-01 08:00:00', NULL),
(537, NULL, 23, 9, '2020-03-01 08:00:00', '2020-03-01 08:00:00', NULL),
(538, '0', 23, 10, '2020-03-01 08:00:00', '2020-03-01 08:00:00', NULL),
(539, NULL, 23, 11, '2020-03-01 08:00:00', '2020-03-01 08:00:00', NULL),
(540, NULL, 23, 12, '2020-03-01 08:00:00', '2020-03-01 08:00:00', NULL),
(541, '0', 23, 13, '2020-03-01 08:00:00', '2020-03-01 08:00:00', NULL),
(542, NULL, 23, 14, '2020-03-01 08:00:00', '2020-03-01 08:00:00', NULL),
(543, NULL, 23, 15, '2020-03-01 08:00:00', '2020-03-01 08:00:00', NULL),
(544, '0', 23, 16, '2020-03-01 08:00:00', '2020-03-01 08:00:00', NULL),
(545, '0', 23, 17, '2020-03-01 08:00:00', '2020-03-01 08:00:00', NULL),
(546, NULL, 23, 18, '2020-03-01 08:00:00', '2020-03-01 08:00:00', NULL),
(547, '0', 23, 19, '2020-03-01 08:00:00', '2020-03-01 08:00:00', NULL),
(548, NULL, 23, 20, '2020-03-01 08:00:00', '2020-03-01 08:00:00', NULL),
(549, NULL, 23, 21, '2020-03-01 08:00:00', '2020-03-01 08:00:00', NULL),
(550, '0', 23, 22, '2020-03-01 08:00:00', '2020-03-01 08:00:00', NULL),
(551, '0', 23, 23, '2020-03-01 08:00:00', '2020-03-01 08:00:00', NULL),
(552, NULL, 23, 24, '2020-03-01 08:00:00', '2020-03-01 08:00:00', NULL),
(553, NULL, 24, 1, '2020-04-01 07:00:00', '2020-04-01 07:00:00', NULL),
(554, '0', 24, 2, '2020-04-01 07:00:00', '2020-04-01 07:00:00', NULL),
(555, '0', 24, 3, '2020-04-01 07:00:00', '2020-04-01 07:00:00', NULL),
(556, NULL, 24, 4, '2020-04-01 07:00:00', '2020-04-01 07:00:00', NULL),
(557, NULL, 24, 5, '2020-04-01 07:00:00', '2020-04-01 07:00:00', NULL),
(558, '0', 24, 6, '2020-04-01 07:00:00', '2020-04-01 07:00:00', NULL),
(559, '0', 24, 7, '2020-04-01 07:00:00', '2020-04-01 07:00:00', NULL),
(560, '0', 24, 8, '2020-04-01 07:00:00', '2020-04-01 07:00:00', NULL),
(561, NULL, 24, 9, '2020-04-01 07:00:00', '2020-04-01 07:00:00', NULL),
(562, NULL, 24, 10, '2020-04-01 07:00:00', '2020-04-01 07:00:00', NULL),
(563, NULL, 24, 11, '2020-04-01 07:00:00', '2020-04-01 07:00:00', NULL),
(564, NULL, 24, 12, '2020-04-01 07:00:00', '2020-04-01 07:00:00', NULL),
(565, NULL, 24, 13, '2020-04-01 07:00:00', '2020-04-01 07:00:00', NULL),
(566, '0', 24, 14, '2020-04-01 07:00:00', '2020-04-01 07:00:00', NULL),
(567, NULL, 24, 15, '2020-04-01 07:00:00', '2020-04-01 07:00:00', NULL),
(568, NULL, 24, 16, '2020-04-01 07:00:00', '2020-04-01 07:00:00', NULL),
(569, NULL, 24, 17, '2020-04-01 07:00:00', '2020-04-01 07:00:00', NULL),
(570, '0', 24, 18, '2020-04-01 07:00:00', '2020-04-01 07:00:00', NULL),
(571, NULL, 24, 19, '2020-04-01 07:00:00', '2020-04-01 07:00:00', NULL),
(572, '0', 24, 20, '2020-04-01 07:00:00', '2020-04-01 07:00:00', NULL),
(573, '0', 24, 21, '2020-04-01 07:00:00', '2020-04-01 07:00:00', NULL),
(574, NULL, 24, 22, '2020-04-01 07:00:00', '2020-04-01 07:00:00', NULL),
(575, '0', 24, 23, '2020-04-01 07:00:00', '2020-04-01 07:00:00', NULL),
(576, '0', 24, 24, '2020-04-01 07:00:00', '2020-04-01 07:00:00', NULL),
(577, '0', 25, 1, '2020-01-01 08:00:00', '2020-01-01 08:00:00', NULL),
(578, NULL, 25, 2, '2020-01-01 08:00:00', '2020-01-01 08:00:00', NULL),
(579, '0', 25, 3, '2020-01-01 08:00:00', '2020-01-01 08:00:00', NULL),
(580, NULL, 25, 4, '2020-01-01 08:00:00', '2020-01-01 08:00:00', NULL),
(581, '0', 25, 5, '2020-01-01 08:00:00', '2020-01-01 08:00:00', NULL),
(582, '0', 25, 6, '2020-01-01 08:00:00', '2020-01-01 08:00:00', NULL),
(583, '0', 25, 7, '2020-01-01 08:00:00', '2020-01-01 08:00:00', NULL),
(584, '0', 25, 8, '2020-01-01 08:00:00', '2020-01-01 08:00:00', NULL),
(585, NULL, 25, 9, '2020-01-01 08:00:00', '2020-01-01 08:00:00', NULL),
(586, NULL, 25, 10, '2020-01-01 08:00:00', '2020-01-01 08:00:00', NULL),
(587, '0', 25, 11, '2020-01-01 08:00:00', '2020-01-01 08:00:00', NULL),
(588, '0', 25, 12, '2020-01-01 08:00:00', '2020-01-01 08:00:00', NULL),
(589, '0', 25, 13, '2020-01-01 08:00:00', '2020-01-01 08:00:00', NULL),
(590, '0', 25, 14, '2020-01-01 08:00:00', '2020-01-01 08:00:00', NULL),
(591, NULL, 25, 15, '2020-01-01 08:00:00', '2020-01-01 08:00:00', NULL),
(592, NULL, 25, 16, '2020-01-01 08:00:00', '2020-01-01 08:00:00', NULL),
(593, '0', 25, 17, '2020-01-01 08:00:00', '2020-01-01 08:00:00', NULL),
(594, '0', 25, 18, '2020-01-01 08:00:00', '2020-01-01 08:00:00', NULL),
(595, NULL, 25, 19, '2020-01-01 08:00:00', '2020-01-01 08:00:00', NULL),
(596, NULL, 25, 20, '2020-01-01 08:00:00', '2020-01-01 08:00:00', NULL),
(597, NULL, 25, 21, '2020-01-01 08:00:00', '2020-01-01 08:00:00', NULL),
(598, '0', 25, 22, '2020-01-01 08:00:00', '2020-01-01 08:00:00', NULL),
(599, NULL, 25, 23, '2020-01-01 08:00:00', '2020-01-01 08:00:00', NULL),
(600, NULL, 25, 24, '2020-01-01 08:00:00', '2020-01-01 08:00:00', NULL),
(601, '0', 26, 1, '2020-02-01 08:00:00', '2020-02-01 08:00:00', NULL),
(602, '0', 26, 2, '2020-02-01 08:00:00', '2020-02-01 08:00:00', NULL),
(603, NULL, 26, 3, '2020-02-01 08:00:00', '2020-02-01 08:00:00', NULL),
(604, NULL, 26, 4, '2020-02-01 08:00:00', '2020-02-01 08:00:00', NULL),
(605, '0', 26, 5, '2020-02-01 08:00:00', '2020-02-01 08:00:00', NULL),
(606, '0', 26, 6, '2020-02-01 08:00:00', '2020-02-01 08:00:00', NULL),
(607, NULL, 26, 7, '2020-02-01 08:00:00', '2020-02-01 08:00:00', NULL),
(608, '0', 26, 8, '2020-02-01 08:00:00', '2020-02-01 08:00:00', NULL),
(609, NULL, 26, 9, '2020-02-01 08:00:00', '2020-02-01 08:00:00', NULL),
(610, '0', 26, 10, '2020-02-01 08:00:00', '2020-02-01 08:00:00', NULL),
(611, '0', 26, 11, '2020-02-01 08:00:00', '2020-02-01 08:00:00', NULL),
(612, NULL, 26, 12, '2020-02-01 08:00:00', '2020-02-01 08:00:00', NULL),
(613, '0', 26, 13, '2020-02-01 08:00:00', '2020-02-01 08:00:00', NULL),
(614, NULL, 26, 14, '2020-02-01 08:00:00', '2020-02-01 08:00:00', NULL),
(615, NULL, 26, 15, '2020-02-01 08:00:00', '2020-02-01 08:00:00', NULL),
(616, NULL, 26, 16, '2020-02-01 08:00:00', '2020-02-01 08:00:00', NULL),
(617, NULL, 26, 17, '2020-02-01 08:00:00', '2020-02-01 08:00:00', NULL),
(618, '0', 26, 18, '2020-02-01 08:00:00', '2020-02-01 08:00:00', NULL),
(619, NULL, 26, 19, '2020-02-01 08:00:00', '2020-02-01 08:00:00', NULL),
(620, '0', 26, 20, '2020-02-01 08:00:00', '2020-02-01 08:00:00', NULL),
(621, '0', 26, 21, '2020-02-01 08:00:00', '2020-02-01 08:00:00', NULL),
(622, '0', 26, 22, '2020-02-01 08:00:00', '2020-02-01 08:00:00', NULL),
(623, NULL, 26, 23, '2020-02-01 08:00:00', '2020-02-01 08:00:00', NULL),
(624, '0', 26, 24, '2020-02-01 08:00:00', '2020-02-01 08:00:00', NULL),
(625, NULL, 27, 1, '2020-03-01 08:00:00', '2020-03-01 08:00:00', NULL),
(626, NULL, 27, 2, '2020-03-01 08:00:00', '2020-03-01 08:00:00', NULL),
(627, '0', 27, 3, '2020-03-01 08:00:00', '2020-03-01 08:00:00', NULL),
(628, '0', 27, 4, '2020-03-01 08:00:00', '2020-03-01 08:00:00', NULL),
(629, NULL, 27, 5, '2020-03-01 08:00:00', '2020-03-01 08:00:00', NULL),
(630, NULL, 27, 6, '2020-03-01 08:00:00', '2020-03-01 08:00:00', NULL),
(631, NULL, 27, 7, '2020-03-01 08:00:00', '2020-03-01 08:00:00', NULL),
(632, NULL, 27, 8, '2020-03-01 08:00:00', '2020-03-01 08:00:00', NULL),
(633, '0', 27, 9, '2020-03-01 08:00:00', '2020-03-01 08:00:00', NULL),
(634, '0', 27, 10, '2020-03-01 08:00:00', '2020-03-01 08:00:00', NULL),
(635, '0', 27, 11, '2020-03-01 08:00:00', '2020-03-01 08:00:00', NULL),
(636, '0', 27, 12, '2020-03-01 08:00:00', '2020-03-01 08:00:00', NULL),
(637, '0', 27, 13, '2020-03-01 08:00:00', '2020-03-01 08:00:00', NULL),
(638, '0', 27, 14, '2020-03-01 08:00:00', '2020-03-01 08:00:00', NULL),
(639, NULL, 27, 15, '2020-03-01 08:00:00', '2020-03-01 08:00:00', NULL),
(640, '0', 27, 16, '2020-03-01 08:00:00', '2020-03-01 08:00:00', NULL),
(641, '0', 27, 17, '2020-03-01 08:00:00', '2020-03-01 08:00:00', NULL),
(642, NULL, 27, 18, '2020-03-01 08:00:00', '2020-03-01 08:00:00', NULL),
(643, '0', 27, 19, '2020-03-01 08:00:00', '2020-03-01 08:00:00', NULL),
(644, NULL, 27, 20, '2020-03-01 08:00:00', '2020-03-01 08:00:00', NULL),
(645, NULL, 27, 21, '2020-03-01 08:00:00', '2020-03-01 08:00:00', NULL),
(646, NULL, 27, 22, '2020-03-01 08:00:00', '2020-03-01 08:00:00', NULL),
(647, '0', 27, 23, '2020-03-01 08:00:00', '2020-03-01 08:00:00', NULL),
(648, '0', 27, 24, '2020-03-01 08:00:00', '2020-03-01 08:00:00', NULL),
(649, '0', 28, 1, '2020-04-01 07:00:00', '2020-04-01 07:00:00', NULL),
(650, NULL, 28, 2, '2020-04-01 07:00:00', '2020-04-01 07:00:00', NULL),
(651, '0', 28, 3, '2020-04-01 07:00:00', '2020-04-01 07:00:00', NULL),
(652, NULL, 28, 4, '2020-04-01 07:00:00', '2020-04-01 07:00:00', NULL),
(653, '0', 28, 5, '2020-04-01 07:00:00', '2020-04-01 07:00:00', NULL),
(654, '0', 28, 6, '2020-04-01 07:00:00', '2020-04-01 07:00:00', NULL),
(655, '0', 28, 7, '2020-04-01 07:00:00', '2020-04-01 07:00:00', NULL),
(656, '0', 28, 8, '2020-04-01 07:00:00', '2020-04-01 07:00:00', NULL),
(657, '0', 28, 9, '2020-04-01 07:00:00', '2020-04-01 07:00:00', NULL),
(658, '0', 28, 10, '2020-04-01 07:00:00', '2020-04-01 07:00:00', NULL),
(659, '0', 28, 11, '2020-04-01 07:00:00', '2020-04-01 07:00:00', NULL),
(660, '0', 28, 12, '2020-04-01 07:00:00', '2020-04-01 07:00:00', NULL),
(661, NULL, 28, 13, '2020-04-01 07:00:00', '2020-04-01 07:00:00', NULL),
(662, NULL, 28, 14, '2020-04-01 07:00:00', '2020-04-01 07:00:00', NULL),
(663, '0', 28, 15, '2020-04-01 07:00:00', '2020-04-01 07:00:00', NULL),
(664, NULL, 28, 16, '2020-04-01 07:00:00', '2020-04-01 07:00:00', NULL),
(665, '0', 28, 17, '2020-04-01 07:00:00', '2020-04-01 07:00:00', NULL),
(666, NULL, 28, 18, '2020-04-01 07:00:00', '2020-04-01 07:00:00', NULL),
(667, '0', 28, 19, '2020-04-01 07:00:00', '2020-04-01 07:00:00', NULL),
(668, '0', 28, 20, '2020-04-01 07:00:00', '2020-04-01 07:00:00', NULL),
(669, NULL, 28, 21, '2020-04-01 07:00:00', '2020-04-01 07:00:00', NULL),
(670, NULL, 28, 22, '2020-04-01 07:00:00', '2020-04-01 07:00:00', NULL),
(671, NULL, 28, 23, '2020-04-01 07:00:00', '2020-04-01 07:00:00', NULL),
(672, NULL, 28, 24, '2020-04-01 07:00:00', '2020-04-01 07:00:00', NULL),
(673, '0', 29, 1, '2020-01-01 08:00:00', '2020-01-01 08:00:00', NULL),
(674, NULL, 29, 2, '2020-01-01 08:00:00', '2020-01-01 08:00:00', NULL),
(675, NULL, 29, 3, '2020-01-01 08:00:00', '2020-01-01 08:00:00', NULL),
(676, '0', 29, 4, '2020-01-01 08:00:00', '2020-01-01 08:00:00', NULL),
(677, '0', 29, 5, '2020-01-01 08:00:00', '2020-01-01 08:00:00', NULL),
(678, NULL, 29, 6, '2020-01-01 08:00:00', '2020-01-01 08:00:00', NULL),
(679, NULL, 29, 7, '2020-01-01 08:00:00', '2020-01-01 08:00:00', NULL),
(680, '0', 29, 8, '2020-01-01 08:00:00', '2020-01-01 08:00:00', NULL),
(681, NULL, 29, 9, '2020-01-01 08:00:00', '2020-01-01 08:00:00', NULL),
(682, NULL, 29, 10, '2020-01-01 08:00:00', '2020-01-01 08:00:00', NULL),
(683, '0', 29, 11, '2020-01-01 08:00:00', '2020-01-01 08:00:00', NULL),
(684, NULL, 29, 12, '2020-01-01 08:00:00', '2020-01-01 08:00:00', NULL),
(685, '0', 29, 13, '2020-01-01 08:00:00', '2020-01-01 08:00:00', NULL),
(686, '0', 29, 14, '2020-01-01 08:00:00', '2020-01-01 08:00:00', NULL),
(687, '0', 29, 15, '2020-01-01 08:00:00', '2020-01-01 08:00:00', NULL),
(688, '0', 29, 16, '2020-01-01 08:00:00', '2020-01-01 08:00:00', NULL),
(689, '0', 29, 17, '2020-01-01 08:00:00', '2020-01-01 08:00:00', NULL),
(690, NULL, 29, 18, '2020-01-01 08:00:00', '2020-01-01 08:00:00', NULL),
(691, '0', 29, 19, '2020-01-01 08:00:00', '2020-01-01 08:00:00', NULL),
(692, '0', 29, 20, '2020-01-01 08:00:00', '2020-01-01 08:00:00', NULL),
(693, NULL, 29, 21, '2020-01-01 08:00:00', '2020-01-01 08:00:00', NULL),
(694, '0', 29, 22, '2020-01-01 08:00:00', '2020-01-01 08:00:00', NULL),
(695, NULL, 29, 23, '2020-01-01 08:00:00', '2020-01-01 08:00:00', NULL),
(696, NULL, 29, 24, '2020-01-01 08:00:00', '2020-01-01 08:00:00', NULL),
(697, '0', 30, 1, '2020-02-01 08:00:00', '2020-02-01 08:00:00', NULL),
(698, NULL, 30, 2, '2020-02-01 08:00:00', '2020-02-01 08:00:00', NULL),
(699, '0', 30, 3, '2020-02-01 08:00:00', '2020-02-01 08:00:00', NULL),
(700, NULL, 30, 4, '2020-02-01 08:00:00', '2020-02-01 08:00:00', NULL),
(701, '0', 30, 5, '2020-02-01 08:00:00', '2020-02-01 08:00:00', NULL),
(702, '0', 30, 6, '2020-02-01 08:00:00', '2020-02-01 08:00:00', NULL),
(703, '0', 30, 7, '2020-02-01 08:00:00', '2020-02-01 08:00:00', NULL),
(704, '0', 30, 8, '2020-02-01 08:00:00', '2020-02-01 08:00:00', NULL),
(705, '0', 30, 9, '2020-02-01 08:00:00', '2020-02-01 08:00:00', NULL),
(706, NULL, 30, 10, '2020-02-01 08:00:00', '2020-02-01 08:00:00', NULL),
(707, NULL, 30, 11, '2020-02-01 08:00:00', '2020-02-01 08:00:00', NULL),
(708, '0', 30, 12, '2020-02-01 08:00:00', '2020-02-01 08:00:00', NULL),
(709, NULL, 30, 13, '2020-02-01 08:00:00', '2020-02-01 08:00:00', NULL),
(710, '0', 30, 14, '2020-02-01 08:00:00', '2020-02-01 08:00:00', NULL),
(711, '0', 30, 15, '2020-02-01 08:00:00', '2020-02-01 08:00:00', NULL),
(712, NULL, 30, 16, '2020-02-01 08:00:00', '2020-02-01 08:00:00', NULL),
(713, NULL, 30, 17, '2020-02-01 08:00:00', '2020-02-01 08:00:00', NULL),
(714, NULL, 30, 18, '2020-02-01 08:00:00', '2020-02-01 08:00:00', NULL),
(715, NULL, 30, 19, '2020-02-01 08:00:00', '2020-02-01 08:00:00', NULL);
INSERT INTO `journal_records` (`id`, `value`, `column_id`, `student_id`, `created_at`, `updated_at`, `deleted_at`) VALUES
(716, NULL, 30, 20, '2020-02-01 08:00:00', '2020-02-01 08:00:00', NULL),
(717, '0', 30, 21, '2020-02-01 08:00:00', '2020-02-01 08:00:00', NULL),
(718, NULL, 30, 22, '2020-02-01 08:00:00', '2020-02-01 08:00:00', NULL),
(719, '0', 30, 23, '2020-02-01 08:00:00', '2020-02-01 08:00:00', NULL),
(720, NULL, 30, 24, '2020-02-01 08:00:00', '2020-02-01 08:00:00', NULL),
(721, NULL, 31, 1, '2020-03-01 08:00:00', '2020-03-01 08:00:00', NULL),
(722, '0', 31, 2, '2020-03-01 08:00:00', '2020-03-01 08:00:00', NULL),
(723, NULL, 31, 3, '2020-03-01 08:00:00', '2020-03-01 08:00:00', NULL),
(724, NULL, 31, 4, '2020-03-01 08:00:00', '2020-03-01 08:00:00', NULL),
(725, '0', 31, 5, '2020-03-01 08:00:00', '2020-03-01 08:00:00', NULL),
(726, NULL, 31, 6, '2020-03-01 08:00:00', '2020-03-01 08:00:00', NULL),
(727, NULL, 31, 7, '2020-03-01 08:00:00', '2020-03-01 08:00:00', NULL),
(728, NULL, 31, 8, '2020-03-01 08:00:00', '2020-03-01 08:00:00', NULL),
(729, NULL, 31, 9, '2020-03-01 08:00:00', '2020-03-01 08:00:00', NULL),
(730, '0', 31, 10, '2020-03-01 08:00:00', '2020-03-01 08:00:00', NULL),
(731, NULL, 31, 11, '2020-03-01 08:00:00', '2020-03-01 08:00:00', NULL),
(732, '0', 31, 12, '2020-03-01 08:00:00', '2020-03-01 08:00:00', NULL),
(733, '0', 31, 13, '2020-03-01 08:00:00', '2020-03-01 08:00:00', NULL),
(734, '0', 31, 14, '2020-03-01 08:00:00', '2020-03-01 08:00:00', NULL),
(735, '0', 31, 15, '2020-03-01 08:00:00', '2020-03-01 08:00:00', NULL),
(736, NULL, 31, 16, '2020-03-01 08:00:00', '2020-03-01 08:00:00', NULL),
(737, '0', 31, 17, '2020-03-01 08:00:00', '2020-03-01 08:00:00', NULL),
(738, NULL, 31, 18, '2020-03-01 08:00:00', '2020-03-01 08:00:00', NULL),
(739, NULL, 31, 19, '2020-03-01 08:00:00', '2020-03-01 08:00:00', NULL),
(740, '0', 31, 20, '2020-03-01 08:00:00', '2020-03-01 08:00:00', NULL),
(741, '0', 31, 21, '2020-03-01 08:00:00', '2020-03-01 08:00:00', NULL),
(742, '0', 31, 22, '2020-03-01 08:00:00', '2020-03-01 08:00:00', NULL),
(743, '0', 31, 23, '2020-03-01 08:00:00', '2020-03-01 08:00:00', NULL),
(744, '0', 31, 24, '2020-03-01 08:00:00', '2020-03-01 08:00:00', NULL),
(745, '0', 32, 1, '2020-04-01 07:00:00', '2020-04-01 07:00:00', NULL),
(746, NULL, 32, 2, '2020-04-01 07:00:00', '2020-04-01 07:00:00', NULL),
(747, '0', 32, 3, '2020-04-01 07:00:00', '2020-04-01 07:00:00', NULL),
(748, '0', 32, 4, '2020-04-01 07:00:00', '2020-04-01 07:00:00', NULL),
(749, '0', 32, 5, '2020-04-01 07:00:00', '2020-04-01 07:00:00', NULL),
(750, NULL, 32, 6, '2020-04-01 07:00:00', '2020-04-01 07:00:00', NULL),
(751, '0', 32, 7, '2020-04-01 07:00:00', '2020-04-01 07:00:00', NULL),
(752, '0', 32, 8, '2020-04-01 07:00:00', '2020-04-01 07:00:00', NULL),
(753, NULL, 32, 9, '2020-04-01 07:00:00', '2020-04-01 07:00:00', NULL),
(754, '0', 32, 10, '2020-04-01 07:00:00', '2020-04-01 07:00:00', NULL),
(755, '0', 32, 11, '2020-04-01 07:00:00', '2020-04-01 07:00:00', NULL),
(756, NULL, 32, 12, '2020-04-01 07:00:00', '2020-04-01 07:00:00', NULL),
(757, NULL, 32, 13, '2020-04-01 07:00:00', '2020-04-01 07:00:00', NULL),
(758, NULL, 32, 14, '2020-04-01 07:00:00', '2020-04-01 07:00:00', NULL),
(759, NULL, 32, 15, '2020-04-01 07:00:00', '2020-04-01 07:00:00', NULL),
(760, '0', 32, 16, '2020-04-01 07:00:00', '2020-04-01 07:00:00', NULL),
(761, NULL, 32, 17, '2020-04-01 07:00:00', '2020-04-01 07:00:00', NULL),
(762, '0', 32, 18, '2020-04-01 07:00:00', '2020-04-01 07:00:00', NULL),
(763, NULL, 32, 19, '2020-04-01 07:00:00', '2020-04-01 07:00:00', NULL),
(764, '0', 32, 20, '2020-04-01 07:00:00', '2020-04-01 07:00:00', NULL),
(765, NULL, 32, 21, '2020-04-01 07:00:00', '2020-04-01 07:00:00', NULL),
(766, '0', 32, 22, '2020-04-01 07:00:00', '2020-04-01 07:00:00', NULL),
(767, '0', 32, 23, '2020-04-01 07:00:00', '2020-04-01 07:00:00', NULL),
(768, '0', 32, 24, '2020-04-01 07:00:00', '2020-04-01 07:00:00', NULL),
(769, '0', 33, 1, '2020-01-01 08:00:00', '2020-01-01 08:00:00', NULL),
(770, NULL, 33, 2, '2020-01-01 08:00:00', '2020-01-01 08:00:00', NULL),
(771, '0', 33, 3, '2020-01-01 08:00:00', '2020-01-01 08:00:00', NULL),
(772, NULL, 33, 4, '2020-01-01 08:00:00', '2020-01-01 08:00:00', NULL),
(773, '0', 33, 5, '2020-01-01 08:00:00', '2020-01-01 08:00:00', NULL),
(774, NULL, 33, 6, '2020-01-01 08:00:00', '2020-01-01 08:00:00', NULL),
(775, '0', 33, 7, '2020-01-01 08:00:00', '2020-01-01 08:00:00', NULL),
(776, '0', 33, 8, '2020-01-01 08:00:00', '2020-01-01 08:00:00', NULL),
(777, '0', 33, 9, '2020-01-01 08:00:00', '2020-01-01 08:00:00', NULL),
(778, NULL, 33, 10, '2020-01-01 08:00:00', '2020-01-01 08:00:00', NULL),
(779, NULL, 33, 11, '2020-01-01 08:00:00', '2020-01-01 08:00:00', NULL),
(780, '0', 33, 12, '2020-01-01 08:00:00', '2020-01-01 08:00:00', NULL),
(781, NULL, 33, 13, '2020-01-01 08:00:00', '2020-01-01 08:00:00', NULL),
(782, NULL, 33, 14, '2020-01-01 08:00:00', '2020-01-01 08:00:00', NULL),
(783, '0', 33, 15, '2020-01-01 08:00:00', '2020-01-01 08:00:00', NULL),
(784, NULL, 33, 16, '2020-01-01 08:00:00', '2020-01-01 08:00:00', NULL),
(785, NULL, 33, 17, '2020-01-01 08:00:00', '2020-01-01 08:00:00', NULL),
(786, NULL, 33, 18, '2020-01-01 08:00:00', '2020-01-01 08:00:00', NULL),
(787, NULL, 33, 19, '2020-01-01 08:00:00', '2020-01-01 08:00:00', NULL),
(788, '0', 33, 20, '2020-01-01 08:00:00', '2020-01-01 08:00:00', NULL),
(789, '0', 33, 21, '2020-01-01 08:00:00', '2020-01-01 08:00:00', NULL),
(790, NULL, 33, 22, '2020-01-01 08:00:00', '2020-01-01 08:00:00', NULL),
(791, NULL, 33, 23, '2020-01-01 08:00:00', '2020-01-01 08:00:00', NULL),
(792, '0', 33, 24, '2020-01-01 08:00:00', '2020-01-01 08:00:00', NULL),
(793, '0', 34, 1, '2020-02-01 08:00:00', '2020-02-01 08:00:00', NULL),
(794, NULL, 34, 2, '2020-02-01 08:00:00', '2020-02-01 08:00:00', NULL),
(795, '0', 34, 3, '2020-02-01 08:00:00', '2020-02-01 08:00:00', NULL),
(796, '0', 34, 4, '2020-02-01 08:00:00', '2020-02-01 08:00:00', NULL),
(797, NULL, 34, 5, '2020-02-01 08:00:00', '2020-02-01 08:00:00', NULL),
(798, '0', 34, 6, '2020-02-01 08:00:00', '2020-02-01 08:00:00', NULL),
(799, '0', 34, 7, '2020-02-01 08:00:00', '2020-02-01 08:00:00', NULL),
(800, NULL, 34, 8, '2020-02-01 08:00:00', '2020-02-01 08:00:00', NULL),
(801, NULL, 34, 9, '2020-02-01 08:00:00', '2020-02-01 08:00:00', NULL),
(802, NULL, 34, 10, '2020-02-01 08:00:00', '2020-02-01 08:00:00', NULL),
(803, NULL, 34, 11, '2020-02-01 08:00:00', '2020-02-01 08:00:00', NULL),
(804, '0', 34, 12, '2020-02-01 08:00:00', '2020-02-01 08:00:00', NULL),
(805, '0', 34, 13, '2020-02-01 08:00:00', '2020-02-01 08:00:00', NULL),
(806, NULL, 34, 14, '2020-02-01 08:00:00', '2020-02-01 08:00:00', NULL),
(807, NULL, 34, 15, '2020-02-01 08:00:00', '2020-02-01 08:00:00', NULL),
(808, '0', 34, 16, '2020-02-01 08:00:00', '2020-02-01 08:00:00', NULL),
(809, NULL, 34, 17, '2020-02-01 08:00:00', '2020-02-01 08:00:00', NULL),
(810, NULL, 34, 18, '2020-02-01 08:00:00', '2020-02-01 08:00:00', NULL),
(811, '0', 34, 19, '2020-02-01 08:00:00', '2020-02-01 08:00:00', NULL),
(812, NULL, 34, 20, '2020-02-01 08:00:00', '2020-02-01 08:00:00', NULL),
(813, '0', 34, 21, '2020-02-01 08:00:00', '2020-02-01 08:00:00', NULL),
(814, NULL, 34, 22, '2020-02-01 08:00:00', '2020-02-01 08:00:00', NULL),
(815, '0', 34, 23, '2020-02-01 08:00:00', '2020-02-01 08:00:00', NULL),
(816, '0', 34, 24, '2020-02-01 08:00:00', '2020-02-01 08:00:00', NULL),
(817, NULL, 35, 1, '2020-03-01 08:00:00', '2020-03-01 08:00:00', NULL),
(818, '0', 35, 2, '2020-03-01 08:00:00', '2020-03-01 08:00:00', NULL),
(819, '0', 35, 3, '2020-03-01 08:00:00', '2020-03-01 08:00:00', NULL),
(820, NULL, 35, 4, '2020-03-01 08:00:00', '2020-03-01 08:00:00', NULL),
(821, NULL, 35, 5, '2020-03-01 08:00:00', '2020-03-01 08:00:00', NULL),
(822, NULL, 35, 6, '2020-03-01 08:00:00', '2020-03-01 08:00:00', NULL),
(823, NULL, 35, 7, '2020-03-01 08:00:00', '2020-03-01 08:00:00', NULL),
(824, '0', 35, 8, '2020-03-01 08:00:00', '2020-03-01 08:00:00', NULL),
(825, NULL, 35, 9, '2020-03-01 08:00:00', '2020-03-01 08:00:00', NULL),
(826, '0', 35, 10, '2020-03-01 08:00:00', '2020-03-01 08:00:00', NULL),
(827, NULL, 35, 11, '2020-03-01 08:00:00', '2020-03-01 08:00:00', NULL),
(828, '0', 35, 12, '2020-03-01 08:00:00', '2020-03-01 08:00:00', NULL),
(829, NULL, 35, 13, '2020-03-01 08:00:00', '2020-03-01 08:00:00', NULL),
(830, NULL, 35, 14, '2020-03-01 08:00:00', '2020-03-01 08:00:00', NULL),
(831, '0', 35, 15, '2020-03-01 08:00:00', '2020-03-01 08:00:00', NULL),
(832, NULL, 35, 16, '2020-03-01 08:00:00', '2020-03-01 08:00:00', NULL),
(833, NULL, 35, 17, '2020-03-01 08:00:00', '2020-03-01 08:00:00', NULL),
(834, NULL, 35, 18, '2020-03-01 08:00:00', '2020-03-01 08:00:00', NULL),
(835, '0', 35, 19, '2020-03-01 08:00:00', '2020-03-01 08:00:00', NULL),
(836, '0', 35, 20, '2020-03-01 08:00:00', '2020-03-01 08:00:00', NULL),
(837, NULL, 35, 21, '2020-03-01 08:00:00', '2020-03-01 08:00:00', NULL),
(838, '0', 35, 22, '2020-03-01 08:00:00', '2020-03-01 08:00:00', NULL),
(839, NULL, 35, 23, '2020-03-01 08:00:00', '2020-03-01 08:00:00', NULL),
(840, NULL, 35, 24, '2020-03-01 08:00:00', '2020-03-01 08:00:00', NULL),
(841, NULL, 36, 1, '2020-04-01 07:00:00', '2020-04-01 07:00:00', NULL),
(842, NULL, 36, 2, '2020-04-01 07:00:00', '2020-04-01 07:00:00', NULL),
(843, NULL, 36, 3, '2020-04-01 07:00:00', '2020-04-01 07:00:00', NULL),
(844, NULL, 36, 4, '2020-04-01 07:00:00', '2020-04-01 07:00:00', NULL),
(845, NULL, 36, 5, '2020-04-01 07:00:00', '2020-04-01 07:00:00', NULL),
(846, NULL, 36, 6, '2020-04-01 07:00:00', '2020-04-01 07:00:00', NULL),
(847, NULL, 36, 7, '2020-04-01 07:00:00', '2020-04-01 07:00:00', NULL),
(848, '0', 36, 8, '2020-04-01 07:00:00', '2020-04-01 07:00:00', NULL),
(849, '0', 36, 9, '2020-04-01 07:00:00', '2020-04-01 07:00:00', NULL),
(850, '0', 36, 10, '2020-04-01 07:00:00', '2020-04-01 07:00:00', NULL),
(851, NULL, 36, 11, '2020-04-01 07:00:00', '2020-04-01 07:00:00', NULL),
(852, '0', 36, 12, '2020-04-01 07:00:00', '2020-04-01 07:00:00', NULL),
(853, NULL, 36, 13, '2020-04-01 07:00:00', '2020-04-01 07:00:00', NULL),
(854, '0', 36, 14, '2020-04-01 07:00:00', '2020-04-01 07:00:00', NULL),
(855, NULL, 36, 15, '2020-04-01 07:00:00', '2020-04-01 07:00:00', NULL),
(856, '0', 36, 16, '2020-04-01 07:00:00', '2020-04-01 07:00:00', NULL),
(857, NULL, 36, 17, '2020-04-01 07:00:00', '2020-04-01 07:00:00', NULL),
(858, '0', 36, 18, '2020-04-01 07:00:00', '2020-04-01 07:00:00', NULL),
(859, NULL, 36, 19, '2020-04-01 07:00:00', '2020-04-01 07:00:00', NULL),
(860, NULL, 36, 20, '2020-04-01 07:00:00', '2020-04-01 07:00:00', NULL),
(861, NULL, 36, 21, '2020-04-01 07:00:00', '2020-04-01 07:00:00', NULL),
(862, '0', 36, 22, '2020-04-01 07:00:00', '2020-04-01 07:00:00', NULL),
(863, '0', 36, 23, '2020-04-01 07:00:00', '2020-04-01 07:00:00', NULL),
(864, NULL, 36, 24, '2020-04-01 07:00:00', '2020-04-01 07:00:00', NULL),
(865, '0', 37, 1, '2020-01-01 08:00:00', '2020-01-01 08:00:00', NULL),
(866, '0', 37, 2, '2020-01-01 08:00:00', '2020-01-01 08:00:00', NULL),
(867, '0', 37, 3, '2020-01-01 08:00:00', '2020-01-01 08:00:00', NULL),
(868, NULL, 37, 4, '2020-01-01 08:00:00', '2020-01-01 08:00:00', NULL),
(869, NULL, 37, 5, '2020-01-01 08:00:00', '2020-01-01 08:00:00', NULL),
(870, '0', 37, 6, '2020-01-01 08:00:00', '2020-01-01 08:00:00', NULL),
(871, '0', 37, 7, '2020-01-01 08:00:00', '2020-01-01 08:00:00', NULL),
(872, '0', 37, 8, '2020-01-01 08:00:00', '2020-01-01 08:00:00', NULL),
(873, NULL, 37, 9, '2020-01-01 08:00:00', '2020-01-01 08:00:00', NULL),
(874, NULL, 37, 10, '2020-01-01 08:00:00', '2020-01-01 08:00:00', NULL),
(875, NULL, 37, 11, '2020-01-01 08:00:00', '2020-01-01 08:00:00', NULL),
(876, NULL, 37, 12, '2020-01-01 08:00:00', '2020-01-01 08:00:00', NULL),
(877, NULL, 37, 13, '2020-01-01 08:00:00', '2020-01-01 08:00:00', NULL),
(878, NULL, 37, 14, '2020-01-01 08:00:00', '2020-01-01 08:00:00', NULL),
(879, '0', 37, 15, '2020-01-01 08:00:00', '2020-01-01 08:00:00', NULL),
(880, '0', 37, 16, '2020-01-01 08:00:00', '2020-01-01 08:00:00', NULL),
(881, NULL, 37, 17, '2020-01-01 08:00:00', '2020-01-01 08:00:00', NULL),
(882, NULL, 37, 18, '2020-01-01 08:00:00', '2020-01-01 08:00:00', NULL),
(883, '0', 37, 19, '2020-01-01 08:00:00', '2020-01-01 08:00:00', NULL),
(884, NULL, 37, 20, '2020-01-01 08:00:00', '2020-01-01 08:00:00', NULL),
(885, '0', 37, 21, '2020-01-01 08:00:00', '2020-01-01 08:00:00', NULL),
(886, '0', 37, 22, '2020-01-01 08:00:00', '2020-01-01 08:00:00', NULL),
(887, '0', 37, 23, '2020-01-01 08:00:00', '2020-01-01 08:00:00', NULL),
(888, '0', 37, 24, '2020-01-01 08:00:00', '2020-01-01 08:00:00', NULL),
(889, NULL, 38, 1, '2020-02-01 08:00:00', '2020-02-01 08:00:00', NULL),
(890, NULL, 38, 2, '2020-02-01 08:00:00', '2020-02-01 08:00:00', NULL),
(891, NULL, 38, 3, '2020-02-01 08:00:00', '2020-02-01 08:00:00', NULL),
(892, '0', 38, 4, '2020-02-01 08:00:00', '2020-02-01 08:00:00', NULL),
(893, '0', 38, 5, '2020-02-01 08:00:00', '2020-02-01 08:00:00', NULL),
(894, NULL, 38, 6, '2020-02-01 08:00:00', '2020-02-01 08:00:00', NULL),
(895, NULL, 38, 7, '2020-02-01 08:00:00', '2020-02-01 08:00:00', NULL),
(896, '0', 38, 8, '2020-02-01 08:00:00', '2020-02-01 08:00:00', NULL),
(897, '0', 38, 9, '2020-02-01 08:00:00', '2020-02-01 08:00:00', NULL),
(898, '0', 38, 10, '2020-02-01 08:00:00', '2020-02-01 08:00:00', NULL),
(899, NULL, 38, 11, '2020-02-01 08:00:00', '2020-02-01 08:00:00', NULL),
(900, '0', 38, 12, '2020-02-01 08:00:00', '2020-02-01 08:00:00', NULL),
(901, '0', 38, 13, '2020-02-01 08:00:00', '2020-02-01 08:00:00', NULL),
(902, '0', 38, 14, '2020-02-01 08:00:00', '2020-02-01 08:00:00', NULL),
(903, '0', 38, 15, '2020-02-01 08:00:00', '2020-02-01 08:00:00', NULL),
(904, NULL, 38, 16, '2020-02-01 08:00:00', '2020-02-01 08:00:00', NULL),
(905, NULL, 38, 17, '2020-02-01 08:00:00', '2020-02-01 08:00:00', NULL),
(906, NULL, 38, 18, '2020-02-01 08:00:00', '2020-02-01 08:00:00', NULL),
(907, NULL, 38, 19, '2020-02-01 08:00:00', '2020-02-01 08:00:00', NULL),
(908, '0', 38, 20, '2020-02-01 08:00:00', '2020-02-01 08:00:00', NULL),
(909, NULL, 38, 21, '2020-02-01 08:00:00', '2020-02-01 08:00:00', NULL),
(910, NULL, 38, 22, '2020-02-01 08:00:00', '2020-02-01 08:00:00', NULL),
(911, NULL, 38, 23, '2020-02-01 08:00:00', '2020-02-01 08:00:00', NULL),
(912, '0', 38, 24, '2020-02-01 08:00:00', '2020-02-01 08:00:00', NULL),
(913, '0', 39, 1, '2020-03-01 08:00:00', '2020-03-01 08:00:00', NULL),
(914, NULL, 39, 2, '2020-03-01 08:00:00', '2020-03-01 08:00:00', NULL),
(915, '0', 39, 3, '2020-03-01 08:00:00', '2020-03-01 08:00:00', NULL),
(916, '0', 39, 4, '2020-03-01 08:00:00', '2020-03-01 08:00:00', NULL),
(917, '0', 39, 5, '2020-03-01 08:00:00', '2020-03-01 08:00:00', NULL),
(918, NULL, 39, 6, '2020-03-01 08:00:00', '2020-03-01 08:00:00', NULL),
(919, '0', 39, 7, '2020-03-01 08:00:00', '2020-03-01 08:00:00', NULL),
(920, '0', 39, 8, '2020-03-01 08:00:00', '2020-03-01 08:00:00', NULL),
(921, NULL, 39, 9, '2020-03-01 08:00:00', '2020-03-01 08:00:00', NULL),
(922, '0', 39, 10, '2020-03-01 08:00:00', '2020-03-01 08:00:00', NULL),
(923, '0', 39, 11, '2020-03-01 08:00:00', '2020-03-01 08:00:00', NULL),
(924, '0', 39, 12, '2020-03-01 08:00:00', '2020-03-01 08:00:00', NULL),
(925, '0', 39, 13, '2020-03-01 08:00:00', '2020-03-01 08:00:00', NULL),
(926, NULL, 39, 14, '2020-03-01 08:00:00', '2020-03-01 08:00:00', NULL),
(927, NULL, 39, 15, '2020-03-01 08:00:00', '2020-03-01 08:00:00', NULL),
(928, NULL, 39, 16, '2020-03-01 08:00:00', '2020-03-01 08:00:00', NULL),
(929, '0', 39, 17, '2020-03-01 08:00:00', '2020-03-01 08:00:00', NULL),
(930, '0', 39, 18, '2020-03-01 08:00:00', '2020-03-01 08:00:00', NULL),
(931, '0', 39, 19, '2020-03-01 08:00:00', '2020-03-01 08:00:00', NULL),
(932, NULL, 39, 20, '2020-03-01 08:00:00', '2020-03-01 08:00:00', NULL),
(933, '0', 39, 21, '2020-03-01 08:00:00', '2020-03-01 08:00:00', NULL),
(934, '0', 39, 22, '2020-03-01 08:00:00', '2020-03-01 08:00:00', NULL),
(935, NULL, 39, 23, '2020-03-01 08:00:00', '2020-03-01 08:00:00', NULL),
(936, NULL, 39, 24, '2020-03-01 08:00:00', '2020-03-01 08:00:00', NULL),
(937, '0', 40, 1, '2020-04-01 07:00:00', '2020-04-01 07:00:00', NULL),
(938, NULL, 40, 2, '2020-04-01 07:00:00', '2020-04-01 07:00:00', NULL),
(939, '0', 40, 3, '2020-04-01 07:00:00', '2020-04-01 07:00:00', NULL),
(940, '0', 40, 4, '2020-04-01 07:00:00', '2020-04-01 07:00:00', NULL),
(941, '0', 40, 5, '2020-04-01 07:00:00', '2020-04-01 07:00:00', NULL),
(942, '0', 40, 6, '2020-04-01 07:00:00', '2020-04-01 07:00:00', NULL),
(943, NULL, 40, 7, '2020-04-01 07:00:00', '2020-04-01 07:00:00', NULL),
(944, NULL, 40, 8, '2020-04-01 07:00:00', '2020-04-01 07:00:00', NULL),
(945, '0', 40, 9, '2020-04-01 07:00:00', '2020-04-01 07:00:00', NULL),
(946, NULL, 40, 10, '2020-04-01 07:00:00', '2020-04-01 07:00:00', NULL),
(947, NULL, 40, 11, '2020-04-01 07:00:00', '2020-04-01 07:00:00', NULL),
(948, '0', 40, 12, '2020-04-01 07:00:00', '2020-04-01 07:00:00', NULL),
(949, NULL, 40, 13, '2020-04-01 07:00:00', '2020-04-01 07:00:00', NULL),
(950, '0', 40, 14, '2020-04-01 07:00:00', '2020-04-01 07:00:00', NULL),
(951, '0', 40, 15, '2020-04-01 07:00:00', '2020-04-01 07:00:00', NULL),
(952, '0', 40, 16, '2020-04-01 07:00:00', '2020-04-01 07:00:00', NULL),
(953, NULL, 40, 17, '2020-04-01 07:00:00', '2020-04-01 07:00:00', NULL),
(954, '0', 40, 18, '2020-04-01 07:00:00', '2020-04-01 07:00:00', NULL),
(955, '0', 40, 19, '2020-04-01 07:00:00', '2020-04-01 07:00:00', NULL),
(956, '0', 40, 20, '2020-04-01 07:00:00', '2020-04-01 07:00:00', NULL),
(957, NULL, 40, 21, '2020-04-01 07:00:00', '2020-04-01 07:00:00', NULL),
(958, '0', 40, 22, '2020-04-01 07:00:00', '2020-04-01 07:00:00', NULL),
(959, NULL, 40, 23, '2020-04-01 07:00:00', '2020-04-01 07:00:00', NULL),
(960, NULL, 40, 24, '2020-04-01 07:00:00', '2020-04-01 07:00:00', NULL),
(961, '0', 41, 1, '2020-01-01 08:00:00', '2020-01-01 08:00:00', NULL),
(962, NULL, 41, 2, '2020-01-01 08:00:00', '2020-01-01 08:00:00', NULL),
(963, '0', 41, 3, '2020-01-01 08:00:00', '2020-01-01 08:00:00', NULL),
(964, NULL, 41, 4, '2020-01-01 08:00:00', '2020-01-01 08:00:00', NULL),
(965, NULL, 41, 5, '2020-01-01 08:00:00', '2020-01-01 08:00:00', NULL),
(966, '0', 41, 6, '2020-01-01 08:00:00', '2020-01-01 08:00:00', NULL),
(967, NULL, 41, 7, '2020-01-01 08:00:00', '2020-01-01 08:00:00', NULL),
(968, NULL, 41, 8, '2020-01-01 08:00:00', '2020-01-01 08:00:00', NULL),
(969, NULL, 41, 9, '2020-01-01 08:00:00', '2020-01-01 08:00:00', NULL),
(970, '0', 41, 10, '2020-01-01 08:00:00', '2020-01-01 08:00:00', NULL),
(971, '0', 41, 11, '2020-01-01 08:00:00', '2020-01-01 08:00:00', NULL),
(972, NULL, 41, 12, '2020-01-01 08:00:00', '2020-01-01 08:00:00', NULL),
(973, NULL, 41, 13, '2020-01-01 08:00:00', '2020-01-01 08:00:00', NULL),
(974, '0', 41, 14, '2020-01-01 08:00:00', '2020-01-01 08:00:00', NULL),
(975, NULL, 41, 15, '2020-01-01 08:00:00', '2020-01-01 08:00:00', NULL),
(976, '0', 41, 16, '2020-01-01 08:00:00', '2020-01-01 08:00:00', NULL),
(977, '0', 41, 17, '2020-01-01 08:00:00', '2020-01-01 08:00:00', NULL),
(978, NULL, 41, 18, '2020-01-01 08:00:00', '2020-01-01 08:00:00', NULL),
(979, NULL, 41, 19, '2020-01-01 08:00:00', '2020-01-01 08:00:00', NULL),
(980, '0', 41, 20, '2020-01-01 08:00:00', '2020-01-01 08:00:00', NULL),
(981, NULL, 41, 21, '2020-01-01 08:00:00', '2020-01-01 08:00:00', NULL),
(982, NULL, 41, 22, '2020-01-01 08:00:00', '2020-01-01 08:00:00', NULL),
(983, '0', 41, 23, '2020-01-01 08:00:00', '2020-01-01 08:00:00', NULL),
(984, NULL, 41, 24, '2020-01-01 08:00:00', '2020-01-01 08:00:00', NULL),
(985, '0', 42, 1, '2020-02-01 08:00:00', '2020-02-01 08:00:00', NULL),
(986, NULL, 42, 2, '2020-02-01 08:00:00', '2020-02-01 08:00:00', NULL),
(987, NULL, 42, 3, '2020-02-01 08:00:00', '2020-02-01 08:00:00', NULL),
(988, NULL, 42, 4, '2020-02-01 08:00:00', '2020-02-01 08:00:00', NULL),
(989, NULL, 42, 5, '2020-02-01 08:00:00', '2020-02-01 08:00:00', NULL),
(990, '0', 42, 6, '2020-02-01 08:00:00', '2020-02-01 08:00:00', NULL),
(991, NULL, 42, 7, '2020-02-01 08:00:00', '2020-02-01 08:00:00', NULL),
(992, '0', 42, 8, '2020-02-01 08:00:00', '2020-02-01 08:00:00', NULL),
(993, NULL, 42, 9, '2020-02-01 08:00:00', '2020-02-01 08:00:00', NULL),
(994, '0', 42, 10, '2020-02-01 08:00:00', '2020-02-01 08:00:00', NULL),
(995, NULL, 42, 11, '2020-02-01 08:00:00', '2020-02-01 08:00:00', NULL),
(996, '0', 42, 12, '2020-02-01 08:00:00', '2020-02-01 08:00:00', NULL),
(997, '0', 42, 13, '2020-02-01 08:00:00', '2020-02-01 08:00:00', NULL),
(998, NULL, 42, 14, '2020-02-01 08:00:00', '2020-02-01 08:00:00', NULL),
(999, NULL, 42, 15, '2020-02-01 08:00:00', '2020-02-01 08:00:00', NULL),
(1000, '0', 42, 16, '2020-02-01 08:00:00', '2020-02-01 08:00:00', NULL),
(1001, '0', 42, 17, '2020-02-01 08:00:00', '2020-02-01 08:00:00', NULL),
(1002, NULL, 42, 18, '2020-02-01 08:00:00', '2020-02-01 08:00:00', NULL),
(1003, '0', 42, 19, '2020-02-01 08:00:00', '2020-02-01 08:00:00', NULL),
(1004, NULL, 42, 20, '2020-02-01 08:00:00', '2020-02-01 08:00:00', NULL),
(1005, '0', 42, 21, '2020-02-01 08:00:00', '2020-02-01 08:00:00', NULL),
(1006, '0', 42, 22, '2020-02-01 08:00:00', '2020-02-01 08:00:00', NULL),
(1007, '0', 42, 23, '2020-02-01 08:00:00', '2020-02-01 08:00:00', NULL),
(1008, NULL, 42, 24, '2020-02-01 08:00:00', '2020-02-01 08:00:00', NULL),
(1009, NULL, 43, 1, '2020-03-01 08:00:00', '2020-03-01 08:00:00', NULL),
(1010, '0', 43, 2, '2020-03-01 08:00:00', '2020-03-01 08:00:00', NULL),
(1011, '0', 43, 3, '2020-03-01 08:00:00', '2020-03-01 08:00:00', NULL),
(1012, '0', 43, 4, '2020-03-01 08:00:00', '2020-03-01 08:00:00', NULL),
(1013, '0', 43, 5, '2020-03-01 08:00:00', '2020-03-01 08:00:00', NULL),
(1014, NULL, 43, 6, '2020-03-01 08:00:00', '2020-03-01 08:00:00', NULL),
(1015, '0', 43, 7, '2020-03-01 08:00:00', '2020-03-01 08:00:00', NULL),
(1016, '0', 43, 8, '2020-03-01 08:00:00', '2020-03-01 08:00:00', NULL),
(1017, '0', 43, 9, '2020-03-01 08:00:00', '2020-03-01 08:00:00', NULL),
(1018, NULL, 43, 10, '2020-03-01 08:00:00', '2020-03-01 08:00:00', NULL),
(1019, '0', 43, 11, '2020-03-01 08:00:00', '2020-03-01 08:00:00', NULL),
(1020, '0', 43, 12, '2020-03-01 08:00:00', '2020-03-01 08:00:00', NULL),
(1021, NULL, 43, 13, '2020-03-01 08:00:00', '2020-03-01 08:00:00', NULL),
(1022, '0', 43, 14, '2020-03-01 08:00:00', '2020-03-01 08:00:00', NULL),
(1023, NULL, 43, 15, '2020-03-01 08:00:00', '2020-03-01 08:00:00', NULL),
(1024, '0', 43, 16, '2020-03-01 08:00:00', '2020-03-01 08:00:00', NULL),
(1025, '0', 43, 17, '2020-03-01 08:00:00', '2020-03-01 08:00:00', NULL),
(1026, NULL, 43, 18, '2020-03-01 08:00:00', '2020-03-01 08:00:00', NULL),
(1027, NULL, 43, 19, '2020-03-01 08:00:00', '2020-03-01 08:00:00', NULL),
(1028, '0', 43, 20, '2020-03-01 08:00:00', '2020-03-01 08:00:00', NULL),
(1029, NULL, 43, 21, '2020-03-01 08:00:00', '2020-03-01 08:00:00', NULL),
(1030, '0', 43, 22, '2020-03-01 08:00:00', '2020-03-01 08:00:00', NULL),
(1031, NULL, 43, 23, '2020-03-01 08:00:00', '2020-03-01 08:00:00', NULL),
(1032, NULL, 43, 24, '2020-03-01 08:00:00', '2020-03-01 08:00:00', NULL),
(1033, '0', 44, 1, '2020-04-01 07:00:00', '2020-04-01 07:00:00', NULL),
(1034, '0', 44, 2, '2020-04-01 07:00:00', '2020-04-01 07:00:00', NULL),
(1035, '0', 44, 3, '2020-04-01 07:00:00', '2020-04-01 07:00:00', NULL),
(1036, NULL, 44, 4, '2020-04-01 07:00:00', '2020-04-01 07:00:00', NULL),
(1037, '0', 44, 5, '2020-04-01 07:00:00', '2020-04-01 07:00:00', NULL),
(1038, '0', 44, 6, '2020-04-01 07:00:00', '2020-04-01 07:00:00', NULL),
(1039, NULL, 44, 7, '2020-04-01 07:00:00', '2020-04-01 07:00:00', NULL),
(1040, NULL, 44, 8, '2020-04-01 07:00:00', '2020-04-01 07:00:00', NULL),
(1041, '0', 44, 9, '2020-04-01 07:00:00', '2020-04-01 07:00:00', NULL),
(1042, NULL, 44, 10, '2020-04-01 07:00:00', '2020-04-01 07:00:00', NULL),
(1043, '0', 44, 11, '2020-04-01 07:00:00', '2020-04-01 07:00:00', NULL),
(1044, NULL, 44, 12, '2020-04-01 07:00:00', '2020-04-01 07:00:00', NULL),
(1045, NULL, 44, 13, '2020-04-01 07:00:00', '2020-04-01 07:00:00', NULL),
(1046, NULL, 44, 14, '2020-04-01 07:00:00', '2020-04-01 07:00:00', NULL),
(1047, NULL, 44, 15, '2020-04-01 07:00:00', '2020-04-01 07:00:00', NULL),
(1048, NULL, 44, 16, '2020-04-01 07:00:00', '2020-04-01 07:00:00', NULL),
(1049, NULL, 44, 17, '2020-04-01 07:00:00', '2020-04-01 07:00:00', NULL),
(1050, NULL, 44, 18, '2020-04-01 07:00:00', '2020-04-01 07:00:00', NULL),
(1051, NULL, 44, 19, '2020-04-01 07:00:00', '2020-04-01 07:00:00', NULL),
(1052, '0', 44, 20, '2020-04-01 07:00:00', '2020-04-01 07:00:00', NULL),
(1053, '0', 44, 21, '2020-04-01 07:00:00', '2020-04-01 07:00:00', NULL),
(1054, NULL, 44, 22, '2020-04-01 07:00:00', '2020-04-01 07:00:00', NULL),
(1055, NULL, 44, 23, '2020-04-01 07:00:00', '2020-04-01 07:00:00', NULL),
(1056, NULL, 44, 24, '2020-04-01 07:00:00', '2020-04-01 07:00:00', NULL),
(1057, '0', 45, 1, '2020-01-01 08:00:00', '2020-01-01 08:00:00', NULL),
(1058, NULL, 45, 2, '2020-01-01 08:00:00', '2020-01-01 08:00:00', NULL),
(1059, NULL, 45, 3, '2020-01-01 08:00:00', '2020-01-01 08:00:00', NULL),
(1060, NULL, 45, 4, '2020-01-01 08:00:00', '2020-01-01 08:00:00', NULL),
(1061, '0', 45, 5, '2020-01-01 08:00:00', '2020-01-01 08:00:00', NULL),
(1062, NULL, 45, 6, '2020-01-01 08:00:00', '2020-01-01 08:00:00', NULL),
(1063, '0', 45, 7, '2020-01-01 08:00:00', '2020-01-01 08:00:00', NULL),
(1064, '0', 45, 8, '2020-01-01 08:00:00', '2020-01-01 08:00:00', NULL),
(1065, NULL, 45, 9, '2020-01-01 08:00:00', '2020-01-01 08:00:00', NULL),
(1066, '0', 45, 10, '2020-01-01 08:00:00', '2020-01-01 08:00:00', NULL),
(1067, NULL, 45, 11, '2020-01-01 08:00:00', '2020-01-01 08:00:00', NULL),
(1068, '0', 45, 12, '2020-01-01 08:00:00', '2020-01-01 08:00:00', NULL),
(1069, NULL, 45, 13, '2020-01-01 08:00:00', '2020-01-01 08:00:00', NULL),
(1070, '0', 45, 14, '2020-01-01 08:00:00', '2020-01-01 08:00:00', NULL),
(1071, NULL, 45, 15, '2020-01-01 08:00:00', '2020-01-01 08:00:00', NULL),
(1072, '0', 45, 16, '2020-01-01 08:00:00', '2020-01-01 08:00:00', NULL),
(1073, '0', 45, 17, '2020-01-01 08:00:00', '2020-01-01 08:00:00', NULL),
(1074, NULL, 45, 18, '2020-01-01 08:00:00', '2020-01-01 08:00:00', NULL),
(1075, '0', 45, 19, '2020-01-01 08:00:00', '2020-01-01 08:00:00', NULL),
(1076, '0', 45, 20, '2020-01-01 08:00:00', '2020-01-01 08:00:00', NULL),
(1077, NULL, 45, 21, '2020-01-01 08:00:00', '2020-01-01 08:00:00', NULL),
(1078, '0', 45, 22, '2020-01-01 08:00:00', '2020-01-01 08:00:00', NULL),
(1079, NULL, 45, 23, '2020-01-01 08:00:00', '2020-01-01 08:00:00', NULL),
(1080, NULL, 45, 24, '2020-01-01 08:00:00', '2020-01-01 08:00:00', NULL),
(1081, NULL, 46, 1, '2020-02-01 08:00:00', '2020-02-01 08:00:00', NULL),
(1082, NULL, 46, 2, '2020-02-01 08:00:00', '2020-02-01 08:00:00', NULL),
(1083, NULL, 46, 3, '2020-02-01 08:00:00', '2020-02-01 08:00:00', NULL),
(1084, NULL, 46, 4, '2020-02-01 08:00:00', '2020-02-01 08:00:00', NULL),
(1085, NULL, 46, 5, '2020-02-01 08:00:00', '2020-02-01 08:00:00', NULL),
(1086, NULL, 46, 6, '2020-02-01 08:00:00', '2020-02-01 08:00:00', NULL),
(1087, '0', 46, 7, '2020-02-01 08:00:00', '2020-02-01 08:00:00', NULL),
(1088, NULL, 46, 8, '2020-02-01 08:00:00', '2020-02-01 08:00:00', NULL),
(1089, '0', 46, 9, '2020-02-01 08:00:00', '2020-02-01 08:00:00', NULL),
(1090, '0', 46, 10, '2020-02-01 08:00:00', '2020-02-01 08:00:00', NULL),
(1091, NULL, 46, 11, '2020-02-01 08:00:00', '2020-02-01 08:00:00', NULL),
(1092, NULL, 46, 12, '2020-02-01 08:00:00', '2020-02-01 08:00:00', NULL),
(1093, '0', 46, 13, '2020-02-01 08:00:00', '2020-02-01 08:00:00', NULL),
(1094, '0', 46, 14, '2020-02-01 08:00:00', '2020-02-01 08:00:00', NULL),
(1095, '0', 46, 15, '2020-02-01 08:00:00', '2020-02-01 08:00:00', NULL),
(1096, NULL, 46, 16, '2020-02-01 08:00:00', '2020-02-01 08:00:00', NULL),
(1097, NULL, 46, 17, '2020-02-01 08:00:00', '2020-02-01 08:00:00', NULL),
(1098, '0', 46, 18, '2020-02-01 08:00:00', '2020-02-01 08:00:00', NULL),
(1099, '0', 46, 19, '2020-02-01 08:00:00', '2020-02-01 08:00:00', NULL),
(1100, NULL, 46, 20, '2020-02-01 08:00:00', '2020-02-01 08:00:00', NULL),
(1101, NULL, 46, 21, '2020-02-01 08:00:00', '2020-02-01 08:00:00', NULL),
(1102, '0', 46, 22, '2020-02-01 08:00:00', '2020-02-01 08:00:00', NULL),
(1103, '0', 46, 23, '2020-02-01 08:00:00', '2020-02-01 08:00:00', NULL),
(1104, '0', 46, 24, '2020-02-01 08:00:00', '2020-02-01 08:00:00', NULL),
(1105, NULL, 47, 1, '2020-03-01 08:00:00', '2020-03-01 08:00:00', NULL),
(1106, '0', 47, 2, '2020-03-01 08:00:00', '2020-03-01 08:00:00', NULL),
(1107, NULL, 47, 3, '2020-03-01 08:00:00', '2020-03-01 08:00:00', NULL),
(1108, '0', 47, 4, '2020-03-01 08:00:00', '2020-03-01 08:00:00', NULL),
(1109, NULL, 47, 5, '2020-03-01 08:00:00', '2020-03-01 08:00:00', NULL),
(1110, NULL, 47, 6, '2020-03-01 08:00:00', '2020-03-01 08:00:00', NULL),
(1111, '0', 47, 7, '2020-03-01 08:00:00', '2020-03-01 08:00:00', NULL),
(1112, '0', 47, 8, '2020-03-01 08:00:00', '2020-03-01 08:00:00', NULL),
(1113, NULL, 47, 9, '2020-03-01 08:00:00', '2020-03-01 08:00:00', NULL),
(1114, NULL, 47, 10, '2020-03-01 08:00:00', '2020-03-01 08:00:00', NULL),
(1115, NULL, 47, 11, '2020-03-01 08:00:00', '2020-03-01 08:00:00', NULL),
(1116, '0', 47, 12, '2020-03-01 08:00:00', '2020-03-01 08:00:00', NULL),
(1117, '0', 47, 13, '2020-03-01 08:00:00', '2020-03-01 08:00:00', NULL),
(1118, NULL, 47, 14, '2020-03-01 08:00:00', '2020-03-01 08:00:00', NULL),
(1119, NULL, 47, 15, '2020-03-01 08:00:00', '2020-03-01 08:00:00', NULL),
(1120, NULL, 47, 16, '2020-03-01 08:00:00', '2020-03-01 08:00:00', NULL),
(1121, NULL, 47, 17, '2020-03-01 08:00:00', '2020-03-01 08:00:00', NULL),
(1122, '0', 47, 18, '2020-03-01 08:00:00', '2020-03-01 08:00:00', NULL),
(1123, NULL, 47, 19, '2020-03-01 08:00:00', '2020-03-01 08:00:00', NULL),
(1124, NULL, 47, 20, '2020-03-01 08:00:00', '2020-03-01 08:00:00', NULL),
(1125, '0', 47, 21, '2020-03-01 08:00:00', '2020-03-01 08:00:00', NULL),
(1126, NULL, 47, 22, '2020-03-01 08:00:00', '2020-03-01 08:00:00', NULL),
(1127, NULL, 47, 23, '2020-03-01 08:00:00', '2020-03-01 08:00:00', NULL),
(1128, '0', 47, 24, '2020-03-01 08:00:00', '2020-03-01 08:00:00', NULL),
(1129, '0', 48, 1, '2020-04-01 07:00:00', '2020-04-01 07:00:00', NULL),
(1130, NULL, 48, 2, '2020-04-01 07:00:00', '2020-04-01 07:00:00', NULL),
(1131, '0', 48, 3, '2020-04-01 07:00:00', '2020-04-01 07:00:00', NULL),
(1132, '0', 48, 4, '2020-04-01 07:00:00', '2020-04-01 07:00:00', NULL),
(1133, NULL, 48, 5, '2020-04-01 07:00:00', '2020-04-01 07:00:00', NULL),
(1134, NULL, 48, 6, '2020-04-01 07:00:00', '2020-04-01 07:00:00', NULL),
(1135, '0', 48, 7, '2020-04-01 07:00:00', '2020-04-01 07:00:00', NULL),
(1136, NULL, 48, 8, '2020-04-01 07:00:00', '2020-04-01 07:00:00', NULL),
(1137, NULL, 48, 9, '2020-04-01 07:00:00', '2020-04-01 07:00:00', NULL),
(1138, '0', 48, 10, '2020-04-01 07:00:00', '2020-04-01 07:00:00', NULL),
(1139, NULL, 48, 11, '2020-04-01 07:00:00', '2020-04-01 07:00:00', NULL),
(1140, NULL, 48, 12, '2020-04-01 07:00:00', '2020-04-01 07:00:00', NULL),
(1141, '0', 48, 13, '2020-04-01 07:00:00', '2020-04-01 07:00:00', NULL),
(1142, '0', 48, 14, '2020-04-01 07:00:00', '2020-04-01 07:00:00', NULL),
(1143, '0', 48, 15, '2020-04-01 07:00:00', '2020-04-01 07:00:00', NULL),
(1144, '0', 48, 16, '2020-04-01 07:00:00', '2020-04-01 07:00:00', NULL),
(1145, NULL, 48, 17, '2020-04-01 07:00:00', '2020-04-01 07:00:00', NULL),
(1146, NULL, 48, 18, '2020-04-01 07:00:00', '2020-04-01 07:00:00', NULL),
(1147, NULL, 48, 19, '2020-04-01 07:00:00', '2020-04-01 07:00:00', NULL),
(1148, NULL, 48, 20, '2020-04-01 07:00:00', '2020-04-01 07:00:00', NULL),
(1149, '0', 48, 21, '2020-04-01 07:00:00', '2020-04-01 07:00:00', NULL),
(1150, NULL, 48, 22, '2020-04-01 07:00:00', '2020-04-01 07:00:00', NULL),
(1151, NULL, 48, 23, '2020-04-01 07:00:00', '2020-04-01 07:00:00', NULL),
(1152, NULL, 48, 24, '2020-04-01 07:00:00', '2020-04-01 07:00:00', NULL),
(1153, NULL, 49, 1, '2020-01-01 08:00:00', '2020-01-01 08:00:00', NULL),
(1154, NULL, 49, 2, '2020-01-01 08:00:00', '2020-01-01 08:00:00', NULL),
(1155, '0', 49, 3, '2020-01-01 08:00:00', '2020-01-01 08:00:00', NULL),
(1156, NULL, 49, 4, '2020-01-01 08:00:00', '2020-01-01 08:00:00', NULL),
(1157, NULL, 49, 5, '2020-01-01 08:00:00', '2020-01-01 08:00:00', NULL),
(1158, '0', 49, 6, '2020-01-01 08:00:00', '2020-01-01 08:00:00', NULL),
(1159, '0', 49, 7, '2020-01-01 08:00:00', '2020-01-01 08:00:00', NULL),
(1160, '0', 49, 8, '2020-01-01 08:00:00', '2020-01-01 08:00:00', NULL),
(1161, NULL, 49, 9, '2020-01-01 08:00:00', '2020-01-01 08:00:00', NULL),
(1162, '0', 49, 10, '2020-01-01 08:00:00', '2020-01-01 08:00:00', NULL),
(1163, '0', 49, 11, '2020-01-01 08:00:00', '2020-01-01 08:00:00', NULL),
(1164, NULL, 49, 12, '2020-01-01 08:00:00', '2020-01-01 08:00:00', NULL),
(1165, NULL, 49, 13, '2020-01-01 08:00:00', '2020-01-01 08:00:00', NULL),
(1166, NULL, 49, 14, '2020-01-01 08:00:00', '2020-01-01 08:00:00', NULL),
(1167, NULL, 49, 15, '2020-01-01 08:00:00', '2020-01-01 08:00:00', NULL),
(1168, '0', 49, 16, '2020-01-01 08:00:00', '2020-01-01 08:00:00', NULL),
(1169, NULL, 49, 17, '2020-01-01 08:00:00', '2020-01-01 08:00:00', NULL),
(1170, NULL, 49, 18, '2020-01-01 08:00:00', '2020-01-01 08:00:00', NULL),
(1171, '0', 49, 19, '2020-01-01 08:00:00', '2020-01-01 08:00:00', NULL),
(1172, NULL, 49, 20, '2020-01-01 08:00:00', '2020-01-01 08:00:00', NULL),
(1173, '0', 49, 21, '2020-01-01 08:00:00', '2020-01-01 08:00:00', NULL),
(1174, NULL, 49, 22, '2020-01-01 08:00:00', '2020-01-01 08:00:00', NULL),
(1175, NULL, 49, 23, '2020-01-01 08:00:00', '2020-01-01 08:00:00', NULL),
(1176, '0', 49, 24, '2020-01-01 08:00:00', '2020-01-01 08:00:00', NULL),
(1177, NULL, 50, 1, '2020-02-01 08:00:00', '2020-02-01 08:00:00', NULL),
(1178, NULL, 50, 2, '2020-02-01 08:00:00', '2020-02-01 08:00:00', NULL),
(1179, '0', 50, 3, '2020-02-01 08:00:00', '2020-02-01 08:00:00', NULL),
(1180, NULL, 50, 4, '2020-02-01 08:00:00', '2020-02-01 08:00:00', NULL),
(1181, '0', 50, 5, '2020-02-01 08:00:00', '2020-02-01 08:00:00', NULL),
(1182, NULL, 50, 6, '2020-02-01 08:00:00', '2020-02-01 08:00:00', NULL),
(1183, '0', 50, 7, '2020-02-01 08:00:00', '2020-02-01 08:00:00', NULL),
(1184, NULL, 50, 8, '2020-02-01 08:00:00', '2020-02-01 08:00:00', NULL),
(1185, '0', 50, 9, '2020-02-01 08:00:00', '2020-02-01 08:00:00', NULL),
(1186, '0', 50, 10, '2020-02-01 08:00:00', '2020-02-01 08:00:00', NULL),
(1187, NULL, 50, 11, '2020-02-01 08:00:00', '2020-02-01 08:00:00', NULL),
(1188, NULL, 50, 12, '2020-02-01 08:00:00', '2020-02-01 08:00:00', NULL),
(1189, NULL, 50, 13, '2020-02-01 08:00:00', '2020-02-01 08:00:00', NULL),
(1190, NULL, 50, 14, '2020-02-01 08:00:00', '2020-02-01 08:00:00', NULL),
(1191, NULL, 50, 15, '2020-02-01 08:00:00', '2020-02-01 08:00:00', NULL),
(1192, NULL, 50, 16, '2020-02-01 08:00:00', '2020-02-01 08:00:00', NULL),
(1193, NULL, 50, 17, '2020-02-01 08:00:00', '2020-02-01 08:00:00', NULL),
(1194, '0', 50, 18, '2020-02-01 08:00:00', '2020-02-01 08:00:00', NULL),
(1195, NULL, 50, 19, '2020-02-01 08:00:00', '2020-02-01 08:00:00', NULL),
(1196, NULL, 50, 20, '2020-02-01 08:00:00', '2020-02-01 08:00:00', NULL),
(1197, '0', 50, 21, '2020-02-01 08:00:00', '2020-02-01 08:00:00', NULL),
(1198, '0', 50, 22, '2020-02-01 08:00:00', '2020-02-01 08:00:00', NULL),
(1199, '0', 50, 23, '2020-02-01 08:00:00', '2020-02-01 08:00:00', NULL),
(1200, NULL, 50, 24, '2020-02-01 08:00:00', '2020-02-01 08:00:00', NULL),
(1201, NULL, 51, 1, '2020-03-01 08:00:00', '2020-03-01 08:00:00', NULL),
(1202, NULL, 51, 2, '2020-03-01 08:00:00', '2020-03-01 08:00:00', NULL),
(1203, '0', 51, 3, '2020-03-01 08:00:00', '2020-03-01 08:00:00', NULL),
(1204, NULL, 51, 4, '2020-03-01 08:00:00', '2020-03-01 08:00:00', NULL),
(1205, '0', 51, 5, '2020-03-01 08:00:00', '2020-03-01 08:00:00', NULL),
(1206, NULL, 51, 6, '2020-03-01 08:00:00', '2020-03-01 08:00:00', NULL),
(1207, '0', 51, 7, '2020-03-01 08:00:00', '2020-03-01 08:00:00', NULL),
(1208, '0', 51, 8, '2020-03-01 08:00:00', '2020-03-01 08:00:00', NULL),
(1209, NULL, 51, 9, '2020-03-01 08:00:00', '2020-03-01 08:00:00', NULL),
(1210, '0', 51, 10, '2020-03-01 08:00:00', '2020-03-01 08:00:00', NULL),
(1211, '0', 51, 11, '2020-03-01 08:00:00', '2020-03-01 08:00:00', NULL),
(1212, NULL, 51, 12, '2020-03-01 08:00:00', '2020-03-01 08:00:00', NULL),
(1213, NULL, 51, 13, '2020-03-01 08:00:00', '2020-03-01 08:00:00', NULL),
(1214, NULL, 51, 14, '2020-03-01 08:00:00', '2020-03-01 08:00:00', NULL),
(1215, NULL, 51, 15, '2020-03-01 08:00:00', '2020-03-01 08:00:00', NULL),
(1216, NULL, 51, 16, '2020-03-01 08:00:00', '2020-03-01 08:00:00', NULL),
(1217, '0', 51, 17, '2020-03-01 08:00:00', '2020-03-01 08:00:00', NULL),
(1218, NULL, 51, 18, '2020-03-01 08:00:00', '2020-03-01 08:00:00', NULL),
(1219, NULL, 51, 19, '2020-03-01 08:00:00', '2020-03-01 08:00:00', NULL),
(1220, '0', 51, 20, '2020-03-01 08:00:00', '2020-03-01 08:00:00', NULL),
(1221, NULL, 51, 21, '2020-03-01 08:00:00', '2020-03-01 08:00:00', NULL),
(1222, NULL, 51, 22, '2020-03-01 08:00:00', '2020-03-01 08:00:00', NULL),
(1223, NULL, 51, 23, '2020-03-01 08:00:00', '2020-03-01 08:00:00', NULL),
(1224, '0', 51, 24, '2020-03-01 08:00:00', '2020-03-01 08:00:00', NULL),
(1225, '0', 52, 1, '2020-04-01 07:00:00', '2020-04-01 07:00:00', NULL),
(1226, '0', 52, 2, '2020-04-01 07:00:00', '2020-04-01 07:00:00', NULL),
(1227, '0', 52, 3, '2020-04-01 07:00:00', '2020-04-01 07:00:00', NULL),
(1228, NULL, 52, 4, '2020-04-01 07:00:00', '2020-04-01 07:00:00', NULL),
(1229, '0', 52, 5, '2020-04-01 07:00:00', '2020-04-01 07:00:00', NULL),
(1230, NULL, 52, 6, '2020-04-01 07:00:00', '2020-04-01 07:00:00', NULL),
(1231, '0', 52, 7, '2020-04-01 07:00:00', '2020-04-01 07:00:00', NULL),
(1232, '0', 52, 8, '2020-04-01 07:00:00', '2020-04-01 07:00:00', NULL),
(1233, NULL, 52, 9, '2020-04-01 07:00:00', '2020-04-01 07:00:00', NULL),
(1234, '0', 52, 10, '2020-04-01 07:00:00', '2020-04-01 07:00:00', NULL),
(1235, NULL, 52, 11, '2020-04-01 07:00:00', '2020-04-01 07:00:00', NULL),
(1236, NULL, 52, 12, '2020-04-01 07:00:00', '2020-04-01 07:00:00', NULL),
(1237, '0', 52, 13, '2020-04-01 07:00:00', '2020-04-01 07:00:00', NULL),
(1238, NULL, 52, 14, '2020-04-01 07:00:00', '2020-04-01 07:00:00', NULL),
(1239, NULL, 52, 15, '2020-04-01 07:00:00', '2020-04-01 07:00:00', NULL),
(1240, '0', 52, 16, '2020-04-01 07:00:00', '2020-04-01 07:00:00', NULL),
(1241, NULL, 52, 17, '2020-04-01 07:00:00', '2020-04-01 07:00:00', NULL),
(1242, NULL, 52, 18, '2020-04-01 07:00:00', '2020-04-01 07:00:00', NULL),
(1243, '0', 52, 19, '2020-04-01 07:00:00', '2020-04-01 07:00:00', NULL),
(1244, NULL, 52, 20, '2020-04-01 07:00:00', '2020-04-01 07:00:00', NULL),
(1245, NULL, 52, 21, '2020-04-01 07:00:00', '2020-04-01 07:00:00', NULL),
(1246, NULL, 52, 22, '2020-04-01 07:00:00', '2020-04-01 07:00:00', NULL),
(1247, NULL, 52, 23, '2020-04-01 07:00:00', '2020-04-01 07:00:00', NULL),
(1248, '0', 52, 24, '2020-04-01 07:00:00', '2020-04-01 07:00:00', NULL),
(1249, NULL, 53, 1, '2020-01-01 08:00:00', '2020-01-01 08:00:00', NULL),
(1250, '0', 53, 2, '2020-01-01 08:00:00', '2020-01-01 08:00:00', NULL),
(1251, '0', 53, 3, '2020-01-01 08:00:00', '2020-01-01 08:00:00', NULL),
(1252, NULL, 53, 4, '2020-01-01 08:00:00', '2020-01-01 08:00:00', NULL),
(1253, NULL, 53, 5, '2020-01-01 08:00:00', '2020-01-01 08:00:00', NULL),
(1254, '0', 53, 6, '2020-01-01 08:00:00', '2020-01-01 08:00:00', NULL),
(1255, '0', 53, 7, '2020-01-01 08:00:00', '2020-01-01 08:00:00', NULL),
(1256, '0', 53, 8, '2020-01-01 08:00:00', '2020-01-01 08:00:00', NULL),
(1257, '0', 53, 9, '2020-01-01 08:00:00', '2020-01-01 08:00:00', NULL),
(1258, '0', 53, 10, '2020-01-01 08:00:00', '2020-01-01 08:00:00', NULL),
(1259, '0', 53, 11, '2020-01-01 08:00:00', '2020-01-01 08:00:00', NULL),
(1260, '0', 53, 12, '2020-01-01 08:00:00', '2020-01-01 08:00:00', NULL),
(1261, NULL, 53, 13, '2020-01-01 08:00:00', '2020-01-01 08:00:00', NULL),
(1262, '0', 53, 14, '2020-01-01 08:00:00', '2020-01-01 08:00:00', NULL),
(1263, NULL, 53, 15, '2020-01-01 08:00:00', '2020-01-01 08:00:00', NULL),
(1264, '0', 53, 16, '2020-01-01 08:00:00', '2020-01-01 08:00:00', NULL),
(1265, NULL, 53, 17, '2020-01-01 08:00:00', '2020-01-01 08:00:00', NULL),
(1266, '0', 53, 18, '2020-01-01 08:00:00', '2020-01-01 08:00:00', NULL),
(1267, '0', 53, 19, '2020-01-01 08:00:00', '2020-01-01 08:00:00', NULL),
(1268, NULL, 53, 20, '2020-01-01 08:00:00', '2020-01-01 08:00:00', NULL),
(1269, '0', 53, 21, '2020-01-01 08:00:00', '2020-01-01 08:00:00', NULL),
(1270, NULL, 53, 22, '2020-01-01 08:00:00', '2020-01-01 08:00:00', NULL),
(1271, NULL, 53, 23, '2020-01-01 08:00:00', '2020-01-01 08:00:00', NULL),
(1272, '0', 53, 24, '2020-01-01 08:00:00', '2020-01-01 08:00:00', NULL),
(1273, NULL, 54, 1, '2020-02-01 08:00:00', '2020-02-01 08:00:00', NULL),
(1274, '0', 54, 2, '2020-02-01 08:00:00', '2020-02-01 08:00:00', NULL),
(1275, NULL, 54, 3, '2020-02-01 08:00:00', '2020-02-01 08:00:00', NULL),
(1276, '0', 54, 4, '2020-02-01 08:00:00', '2020-02-01 08:00:00', NULL),
(1277, '0', 54, 5, '2020-02-01 08:00:00', '2020-02-01 08:00:00', NULL),
(1278, NULL, 54, 6, '2020-02-01 08:00:00', '2020-02-01 08:00:00', NULL),
(1279, NULL, 54, 7, '2020-02-01 08:00:00', '2020-02-01 08:00:00', NULL),
(1280, '0', 54, 8, '2020-02-01 08:00:00', '2020-02-01 08:00:00', NULL),
(1281, '0', 54, 9, '2020-02-01 08:00:00', '2020-02-01 08:00:00', NULL),
(1282, '0', 54, 10, '2020-02-01 08:00:00', '2020-02-01 08:00:00', NULL),
(1283, '0', 54, 11, '2020-02-01 08:00:00', '2020-02-01 08:00:00', NULL),
(1284, '0', 54, 12, '2020-02-01 08:00:00', '2020-02-01 08:00:00', NULL),
(1285, NULL, 54, 13, '2020-02-01 08:00:00', '2020-02-01 08:00:00', NULL),
(1286, '0', 54, 14, '2020-02-01 08:00:00', '2020-02-01 08:00:00', NULL),
(1287, '0', 54, 15, '2020-02-01 08:00:00', '2020-02-01 08:00:00', NULL),
(1288, '0', 54, 16, '2020-02-01 08:00:00', '2020-02-01 08:00:00', NULL),
(1289, NULL, 54, 17, '2020-02-01 08:00:00', '2020-02-01 08:00:00', NULL),
(1290, NULL, 54, 18, '2020-02-01 08:00:00', '2020-02-01 08:00:00', NULL),
(1291, '0', 54, 19, '2020-02-01 08:00:00', '2020-02-01 08:00:00', NULL),
(1292, NULL, 54, 20, '2020-02-01 08:00:00', '2020-02-01 08:00:00', NULL),
(1293, '0', 54, 21, '2020-02-01 08:00:00', '2020-02-01 08:00:00', NULL),
(1294, NULL, 54, 22, '2020-02-01 08:00:00', '2020-02-01 08:00:00', NULL),
(1295, NULL, 54, 23, '2020-02-01 08:00:00', '2020-02-01 08:00:00', NULL),
(1296, '0', 54, 24, '2020-02-01 08:00:00', '2020-02-01 08:00:00', NULL),
(1297, NULL, 55, 1, '2020-03-01 08:00:00', '2020-03-01 08:00:00', NULL),
(1298, NULL, 55, 2, '2020-03-01 08:00:00', '2020-03-01 08:00:00', NULL),
(1299, '0', 55, 3, '2020-03-01 08:00:00', '2020-03-01 08:00:00', NULL),
(1300, '0', 55, 4, '2020-03-01 08:00:00', '2020-03-01 08:00:00', NULL),
(1301, NULL, 55, 5, '2020-03-01 08:00:00', '2020-03-01 08:00:00', NULL),
(1302, NULL, 55, 6, '2020-03-01 08:00:00', '2020-03-01 08:00:00', NULL),
(1303, NULL, 55, 7, '2020-03-01 08:00:00', '2020-03-01 08:00:00', NULL),
(1304, NULL, 55, 8, '2020-03-01 08:00:00', '2020-03-01 08:00:00', NULL),
(1305, NULL, 55, 9, '2020-03-01 08:00:00', '2020-03-01 08:00:00', NULL),
(1306, NULL, 55, 10, '2020-03-01 08:00:00', '2020-03-01 08:00:00', NULL),
(1307, '0', 55, 11, '2020-03-01 08:00:00', '2020-03-01 08:00:00', NULL),
(1308, NULL, 55, 12, '2020-03-01 08:00:00', '2020-03-01 08:00:00', NULL),
(1309, NULL, 55, 13, '2020-03-01 08:00:00', '2020-03-01 08:00:00', NULL),
(1310, '0', 55, 14, '2020-03-01 08:00:00', '2020-03-01 08:00:00', NULL),
(1311, '0', 55, 15, '2020-03-01 08:00:00', '2020-03-01 08:00:00', NULL),
(1312, '0', 55, 16, '2020-03-01 08:00:00', '2020-03-01 08:00:00', NULL),
(1313, '0', 55, 17, '2020-03-01 08:00:00', '2020-03-01 08:00:00', NULL),
(1314, '0', 55, 18, '2020-03-01 08:00:00', '2020-03-01 08:00:00', NULL),
(1315, NULL, 55, 19, '2020-03-01 08:00:00', '2020-03-01 08:00:00', NULL),
(1316, NULL, 55, 20, '2020-03-01 08:00:00', '2020-03-01 08:00:00', NULL),
(1317, NULL, 55, 21, '2020-03-01 08:00:00', '2020-03-01 08:00:00', NULL),
(1318, NULL, 55, 22, '2020-03-01 08:00:00', '2020-03-01 08:00:00', NULL),
(1319, '0', 55, 23, '2020-03-01 08:00:00', '2020-03-01 08:00:00', NULL),
(1320, '0', 55, 24, '2020-03-01 08:00:00', '2020-03-01 08:00:00', NULL),
(1321, '0', 56, 1, '2020-04-01 07:00:00', '2020-04-01 07:00:00', NULL),
(1322, NULL, 56, 2, '2020-04-01 07:00:00', '2020-04-01 07:00:00', NULL),
(1323, '0', 56, 3, '2020-04-01 07:00:00', '2020-04-01 07:00:00', NULL),
(1324, '0', 56, 4, '2020-04-01 07:00:00', '2020-04-01 07:00:00', NULL),
(1325, '0', 56, 5, '2020-04-01 07:00:00', '2020-04-01 07:00:00', NULL),
(1326, '0', 56, 6, '2020-04-01 07:00:00', '2020-04-01 07:00:00', NULL),
(1327, '0', 56, 7, '2020-04-01 07:00:00', '2020-04-01 07:00:00', NULL),
(1328, NULL, 56, 8, '2020-04-01 07:00:00', '2020-04-01 07:00:00', NULL),
(1329, '0', 56, 9, '2020-04-01 07:00:00', '2020-04-01 07:00:00', NULL),
(1330, NULL, 56, 10, '2020-04-01 07:00:00', '2020-04-01 07:00:00', NULL),
(1331, NULL, 56, 11, '2020-04-01 07:00:00', '2020-04-01 07:00:00', NULL),
(1332, '0', 56, 12, '2020-04-01 07:00:00', '2020-04-01 07:00:00', NULL),
(1333, NULL, 56, 13, '2020-04-01 07:00:00', '2020-04-01 07:00:00', NULL),
(1334, NULL, 56, 14, '2020-04-01 07:00:00', '2020-04-01 07:00:00', NULL),
(1335, NULL, 56, 15, '2020-04-01 07:00:00', '2020-04-01 07:00:00', NULL),
(1336, NULL, 56, 16, '2020-04-01 07:00:00', '2020-04-01 07:00:00', NULL),
(1337, NULL, 56, 17, '2020-04-01 07:00:00', '2020-04-01 07:00:00', NULL),
(1338, NULL, 56, 18, '2020-04-01 07:00:00', '2020-04-01 07:00:00', NULL),
(1339, NULL, 56, 19, '2020-04-01 07:00:00', '2020-04-01 07:00:00', NULL),
(1340, '0', 56, 20, '2020-04-01 07:00:00', '2020-04-01 07:00:00', NULL),
(1341, NULL, 56, 21, '2020-04-01 07:00:00', '2020-04-01 07:00:00', NULL),
(1342, '0', 56, 22, '2020-04-01 07:00:00', '2020-04-01 07:00:00', NULL),
(1343, NULL, 56, 23, '2020-04-01 07:00:00', '2020-04-01 07:00:00', NULL),
(1344, '0', 56, 24, '2020-04-01 07:00:00', '2020-04-01 07:00:00', NULL),
(1345, '0', 57, 25, '2020-01-01 08:00:00', '2020-01-01 08:00:00', NULL),
(1346, NULL, 57, 26, '2020-01-01 08:00:00', '2020-01-01 08:00:00', NULL),
(1347, '0', 57, 27, '2020-01-01 08:00:00', '2020-01-01 08:00:00', NULL),
(1348, NULL, 57, 28, '2020-01-01 08:00:00', '2020-01-01 08:00:00', NULL),
(1349, '0', 57, 29, '2020-01-01 08:00:00', '2020-01-01 08:00:00', NULL),
(1350, '0', 57, 30, '2020-01-01 08:00:00', '2020-01-01 08:00:00', NULL),
(1351, NULL, 57, 31, '2020-01-01 08:00:00', '2020-01-01 08:00:00', NULL),
(1352, NULL, 57, 32, '2020-01-01 08:00:00', '2020-01-01 08:00:00', NULL),
(1353, '0', 57, 33, '2020-01-01 08:00:00', '2020-01-01 08:00:00', NULL),
(1354, NULL, 57, 34, '2020-01-01 08:00:00', '2020-01-01 08:00:00', NULL),
(1355, '0', 57, 35, '2020-01-01 08:00:00', '2020-01-01 08:00:00', NULL),
(1356, '0', 57, 36, '2020-01-01 08:00:00', '2020-01-01 08:00:00', NULL),
(1357, '0', 57, 37, '2020-01-01 08:00:00', '2020-01-01 08:00:00', NULL),
(1358, NULL, 57, 38, '2020-01-01 08:00:00', '2020-01-01 08:00:00', NULL),
(1359, NULL, 57, 39, '2020-01-01 08:00:00', '2020-01-01 08:00:00', NULL),
(1360, NULL, 57, 40, '2020-01-01 08:00:00', '2020-01-01 08:00:00', NULL),
(1361, NULL, 57, 41, '2020-01-01 08:00:00', '2020-01-01 08:00:00', NULL),
(1362, NULL, 57, 42, '2020-01-01 08:00:00', '2020-01-01 08:00:00', NULL),
(1363, NULL, 57, 43, '2020-01-01 08:00:00', '2020-01-01 08:00:00', NULL),
(1364, NULL, 58, 25, '2020-02-01 08:00:00', '2020-02-01 08:00:00', NULL),
(1365, NULL, 58, 26, '2020-02-01 08:00:00', '2020-02-01 08:00:00', NULL),
(1366, '0', 58, 27, '2020-02-01 08:00:00', '2020-02-01 08:00:00', NULL),
(1367, NULL, 58, 28, '2020-02-01 08:00:00', '2020-02-01 08:00:00', NULL),
(1368, '0', 58, 29, '2020-02-01 08:00:00', '2020-02-01 08:00:00', NULL),
(1369, NULL, 58, 30, '2020-02-01 08:00:00', '2020-02-01 08:00:00', NULL),
(1370, '0', 58, 31, '2020-02-01 08:00:00', '2020-02-01 08:00:00', NULL),
(1371, '0', 58, 32, '2020-02-01 08:00:00', '2020-02-01 08:00:00', NULL),
(1372, '0', 58, 33, '2020-02-01 08:00:00', '2020-02-01 08:00:00', NULL),
(1373, '0', 58, 34, '2020-02-01 08:00:00', '2020-02-01 08:00:00', NULL),
(1374, '0', 58, 35, '2020-02-01 08:00:00', '2020-02-01 08:00:00', NULL),
(1375, NULL, 58, 36, '2020-02-01 08:00:00', '2020-02-01 08:00:00', NULL),
(1376, NULL, 58, 37, '2020-02-01 08:00:00', '2020-02-01 08:00:00', NULL),
(1377, NULL, 58, 38, '2020-02-01 08:00:00', '2020-02-01 08:00:00', NULL),
(1378, NULL, 58, 39, '2020-02-01 08:00:00', '2020-02-01 08:00:00', NULL),
(1379, '0', 58, 40, '2020-02-01 08:00:00', '2020-02-01 08:00:00', NULL),
(1380, NULL, 58, 41, '2020-02-01 08:00:00', '2020-02-01 08:00:00', NULL),
(1381, NULL, 58, 42, '2020-02-01 08:00:00', '2020-02-01 08:00:00', NULL),
(1382, NULL, 58, 43, '2020-02-01 08:00:00', '2020-02-01 08:00:00', NULL),
(1383, NULL, 59, 25, '2020-03-01 08:00:00', '2020-03-01 08:00:00', NULL),
(1384, '0', 59, 26, '2020-03-01 08:00:00', '2020-03-01 08:00:00', NULL),
(1385, NULL, 59, 27, '2020-03-01 08:00:00', '2020-03-01 08:00:00', NULL),
(1386, NULL, 59, 28, '2020-03-01 08:00:00', '2020-03-01 08:00:00', NULL),
(1387, NULL, 59, 29, '2020-03-01 08:00:00', '2020-03-01 08:00:00', NULL),
(1388, '0', 59, 30, '2020-03-01 08:00:00', '2020-03-01 08:00:00', NULL),
(1389, '0', 59, 31, '2020-03-01 08:00:00', '2020-03-01 08:00:00', NULL),
(1390, NULL, 59, 32, '2020-03-01 08:00:00', '2020-03-01 08:00:00', NULL),
(1391, '0', 59, 33, '2020-03-01 08:00:00', '2020-03-01 08:00:00', NULL),
(1392, NULL, 59, 34, '2020-03-01 08:00:00', '2020-03-01 08:00:00', NULL),
(1393, NULL, 59, 35, '2020-03-01 08:00:00', '2020-03-01 08:00:00', NULL),
(1394, NULL, 59, 36, '2020-03-01 08:00:00', '2020-03-01 08:00:00', NULL),
(1395, NULL, 59, 37, '2020-03-01 08:00:00', '2020-03-01 08:00:00', NULL),
(1396, NULL, 59, 38, '2020-03-01 08:00:00', '2020-03-01 08:00:00', NULL),
(1397, '0', 59, 39, '2020-03-01 08:00:00', '2020-03-01 08:00:00', NULL),
(1398, '0', 59, 40, '2020-03-01 08:00:00', '2020-03-01 08:00:00', NULL),
(1399, NULL, 59, 41, '2020-03-01 08:00:00', '2020-03-01 08:00:00', NULL),
(1400, '0', 59, 42, '2020-03-01 08:00:00', '2020-03-01 08:00:00', NULL),
(1401, '0', 59, 43, '2020-03-01 08:00:00', '2020-03-01 08:00:00', NULL),
(1402, '0', 60, 25, '2020-04-01 07:00:00', '2020-04-01 07:00:00', NULL),
(1403, '0', 60, 26, '2020-04-01 07:00:00', '2020-04-01 07:00:00', NULL),
(1404, NULL, 60, 27, '2020-04-01 07:00:00', '2020-04-01 07:00:00', NULL),
(1405, NULL, 60, 28, '2020-04-01 07:00:00', '2020-04-01 07:00:00', NULL),
(1406, '0', 60, 29, '2020-04-01 07:00:00', '2020-04-01 07:00:00', NULL),
(1407, NULL, 60, 30, '2020-04-01 07:00:00', '2020-04-01 07:00:00', NULL),
(1408, '0', 60, 31, '2020-04-01 07:00:00', '2020-04-01 07:00:00', NULL),
(1409, NULL, 60, 32, '2020-04-01 07:00:00', '2020-04-01 07:00:00', NULL),
(1410, '0', 60, 33, '2020-04-01 07:00:00', '2020-04-01 07:00:00', NULL),
(1411, '0', 60, 34, '2020-04-01 07:00:00', '2020-04-01 07:00:00', NULL),
(1412, NULL, 60, 35, '2020-04-01 07:00:00', '2020-04-01 07:00:00', NULL),
(1413, '0', 60, 36, '2020-04-01 07:00:00', '2020-04-01 07:00:00', NULL),
(1414, NULL, 60, 37, '2020-04-01 07:00:00', '2020-04-01 07:00:00', NULL),
(1415, '0', 60, 38, '2020-04-01 07:00:00', '2020-04-01 07:00:00', NULL),
(1416, NULL, 60, 39, '2020-04-01 07:00:00', '2020-04-01 07:00:00', NULL),
(1417, NULL, 60, 40, '2020-04-01 07:00:00', '2020-04-01 07:00:00', NULL),
(1418, NULL, 60, 41, '2020-04-01 07:00:00', '2020-04-01 07:00:00', NULL),
(1419, NULL, 60, 42, '2020-04-01 07:00:00', '2020-04-01 07:00:00', NULL);
INSERT INTO `journal_records` (`id`, `value`, `column_id`, `student_id`, `created_at`, `updated_at`, `deleted_at`) VALUES
(1420, NULL, 60, 43, '2020-04-01 07:00:00', '2020-04-01 07:00:00', NULL),
(1421, '0', 61, 25, '2020-01-01 08:00:00', '2020-01-01 08:00:00', NULL),
(1422, NULL, 61, 26, '2020-01-01 08:00:00', '2020-01-01 08:00:00', NULL),
(1423, NULL, 61, 27, '2020-01-01 08:00:00', '2020-01-01 08:00:00', NULL),
(1424, NULL, 61, 28, '2020-01-01 08:00:00', '2020-01-01 08:00:00', NULL),
(1425, NULL, 61, 29, '2020-01-01 08:00:00', '2020-01-01 08:00:00', NULL),
(1426, '0', 61, 30, '2020-01-01 08:00:00', '2020-01-01 08:00:00', NULL),
(1427, NULL, 61, 31, '2020-01-01 08:00:00', '2020-01-01 08:00:00', NULL),
(1428, '0', 61, 32, '2020-01-01 08:00:00', '2020-01-01 08:00:00', NULL),
(1429, NULL, 61, 33, '2020-01-01 08:00:00', '2020-01-01 08:00:00', NULL),
(1430, NULL, 61, 34, '2020-01-01 08:00:00', '2020-01-01 08:00:00', NULL),
(1431, NULL, 61, 35, '2020-01-01 08:00:00', '2020-01-01 08:00:00', NULL),
(1432, '0', 61, 36, '2020-01-01 08:00:00', '2020-01-01 08:00:00', NULL),
(1433, NULL, 61, 37, '2020-01-01 08:00:00', '2020-01-01 08:00:00', NULL),
(1434, NULL, 61, 38, '2020-01-01 08:00:00', '2020-01-01 08:00:00', NULL),
(1435, '0', 61, 39, '2020-01-01 08:00:00', '2020-01-01 08:00:00', NULL),
(1436, NULL, 61, 40, '2020-01-01 08:00:00', '2020-01-01 08:00:00', NULL),
(1437, '0', 61, 41, '2020-01-01 08:00:00', '2020-01-01 08:00:00', NULL),
(1438, NULL, 61, 42, '2020-01-01 08:00:00', '2020-01-01 08:00:00', NULL),
(1439, '0', 61, 43, '2020-01-01 08:00:00', '2020-01-01 08:00:00', NULL),
(1440, '0', 62, 25, '2020-02-01 08:00:00', '2020-02-01 08:00:00', NULL),
(1441, '0', 62, 26, '2020-02-01 08:00:00', '2020-02-01 08:00:00', NULL),
(1442, '0', 62, 27, '2020-02-01 08:00:00', '2020-02-01 08:00:00', NULL),
(1443, '0', 62, 28, '2020-02-01 08:00:00', '2020-02-01 08:00:00', NULL),
(1444, NULL, 62, 29, '2020-02-01 08:00:00', '2020-02-01 08:00:00', NULL),
(1445, NULL, 62, 30, '2020-02-01 08:00:00', '2020-02-01 08:00:00', NULL),
(1446, '0', 62, 31, '2020-02-01 08:00:00', '2020-02-01 08:00:00', NULL),
(1447, NULL, 62, 32, '2020-02-01 08:00:00', '2020-02-01 08:00:00', NULL),
(1448, '0', 62, 33, '2020-02-01 08:00:00', '2020-02-01 08:00:00', NULL),
(1449, '0', 62, 34, '2020-02-01 08:00:00', '2020-02-01 08:00:00', NULL),
(1450, '0', 62, 35, '2020-02-01 08:00:00', '2020-02-01 08:00:00', NULL),
(1451, '0', 62, 36, '2020-02-01 08:00:00', '2020-02-01 08:00:00', NULL),
(1452, '0', 62, 37, '2020-02-01 08:00:00', '2020-02-01 08:00:00', NULL),
(1453, NULL, 62, 38, '2020-02-01 08:00:00', '2020-02-01 08:00:00', NULL),
(1454, '0', 62, 39, '2020-02-01 08:00:00', '2020-02-01 08:00:00', NULL),
(1455, '0', 62, 40, '2020-02-01 08:00:00', '2020-02-01 08:00:00', NULL),
(1456, '0', 62, 41, '2020-02-01 08:00:00', '2020-02-01 08:00:00', NULL),
(1457, '0', 62, 42, '2020-02-01 08:00:00', '2020-02-01 08:00:00', NULL),
(1458, NULL, 62, 43, '2020-02-01 08:00:00', '2020-02-01 08:00:00', NULL),
(1459, '0', 63, 25, '2020-03-01 08:00:00', '2020-03-01 08:00:00', NULL),
(1460, '0', 63, 26, '2020-03-01 08:00:00', '2020-03-01 08:00:00', NULL),
(1461, '0', 63, 27, '2020-03-01 08:00:00', '2020-03-01 08:00:00', NULL),
(1462, NULL, 63, 28, '2020-03-01 08:00:00', '2020-03-01 08:00:00', NULL),
(1463, NULL, 63, 29, '2020-03-01 08:00:00', '2020-03-01 08:00:00', NULL),
(1464, NULL, 63, 30, '2020-03-01 08:00:00', '2020-03-01 08:00:00', NULL),
(1465, NULL, 63, 31, '2020-03-01 08:00:00', '2020-03-01 08:00:00', NULL),
(1466, NULL, 63, 32, '2020-03-01 08:00:00', '2020-03-01 08:00:00', NULL),
(1467, '0', 63, 33, '2020-03-01 08:00:00', '2020-03-01 08:00:00', NULL),
(1468, '0', 63, 34, '2020-03-01 08:00:00', '2020-03-01 08:00:00', NULL),
(1469, '0', 63, 35, '2020-03-01 08:00:00', '2020-03-01 08:00:00', NULL),
(1470, '0', 63, 36, '2020-03-01 08:00:00', '2020-03-01 08:00:00', NULL),
(1471, NULL, 63, 37, '2020-03-01 08:00:00', '2020-03-01 08:00:00', NULL),
(1472, '0', 63, 38, '2020-03-01 08:00:00', '2020-03-01 08:00:00', NULL),
(1473, '0', 63, 39, '2020-03-01 08:00:00', '2020-03-01 08:00:00', NULL),
(1474, '0', 63, 40, '2020-03-01 08:00:00', '2020-03-01 08:00:00', NULL),
(1475, NULL, 63, 41, '2020-03-01 08:00:00', '2020-03-01 08:00:00', NULL),
(1476, '0', 63, 42, '2020-03-01 08:00:00', '2020-03-01 08:00:00', NULL),
(1477, NULL, 63, 43, '2020-03-01 08:00:00', '2020-03-01 08:00:00', NULL),
(1478, '0', 64, 25, '2020-04-01 07:00:00', '2020-04-01 07:00:00', NULL),
(1479, NULL, 64, 26, '2020-04-01 07:00:00', '2020-04-01 07:00:00', NULL),
(1480, '0', 64, 27, '2020-04-01 07:00:00', '2020-04-01 07:00:00', NULL),
(1481, '0', 64, 28, '2020-04-01 07:00:00', '2020-04-01 07:00:00', NULL),
(1482, NULL, 64, 29, '2020-04-01 07:00:00', '2020-04-01 07:00:00', NULL),
(1483, NULL, 64, 30, '2020-04-01 07:00:00', '2020-04-01 07:00:00', NULL),
(1484, '0', 64, 31, '2020-04-01 07:00:00', '2020-04-01 07:00:00', NULL),
(1485, '0', 64, 32, '2020-04-01 07:00:00', '2020-04-01 07:00:00', NULL),
(1486, NULL, 64, 33, '2020-04-01 07:00:00', '2020-04-01 07:00:00', NULL),
(1487, '0', 64, 34, '2020-04-01 07:00:00', '2020-04-01 07:00:00', NULL),
(1488, NULL, 64, 35, '2020-04-01 07:00:00', '2020-04-01 07:00:00', NULL),
(1489, NULL, 64, 36, '2020-04-01 07:00:00', '2020-04-01 07:00:00', NULL),
(1490, NULL, 64, 37, '2020-04-01 07:00:00', '2020-04-01 07:00:00', NULL),
(1491, '0', 64, 38, '2020-04-01 07:00:00', '2020-04-01 07:00:00', NULL),
(1492, NULL, 64, 39, '2020-04-01 07:00:00', '2020-04-01 07:00:00', NULL),
(1493, NULL, 64, 40, '2020-04-01 07:00:00', '2020-04-01 07:00:00', NULL),
(1494, NULL, 64, 41, '2020-04-01 07:00:00', '2020-04-01 07:00:00', NULL),
(1495, NULL, 64, 42, '2020-04-01 07:00:00', '2020-04-01 07:00:00', NULL),
(1496, '0', 64, 43, '2020-04-01 07:00:00', '2020-04-01 07:00:00', NULL),
(1497, '0', 65, 25, '2020-01-01 08:00:00', '2020-01-01 08:00:00', NULL),
(1498, NULL, 65, 26, '2020-01-01 08:00:00', '2020-01-01 08:00:00', NULL),
(1499, '0', 65, 27, '2020-01-01 08:00:00', '2020-01-01 08:00:00', NULL),
(1500, NULL, 65, 28, '2020-01-01 08:00:00', '2020-01-01 08:00:00', NULL),
(1501, '0', 65, 29, '2020-01-01 08:00:00', '2020-01-01 08:00:00', NULL),
(1502, NULL, 65, 30, '2020-01-01 08:00:00', '2020-01-01 08:00:00', NULL),
(1503, NULL, 65, 31, '2020-01-01 08:00:00', '2020-01-01 08:00:00', NULL),
(1504, NULL, 65, 32, '2020-01-01 08:00:00', '2020-01-01 08:00:00', NULL),
(1505, NULL, 65, 33, '2020-01-01 08:00:00', '2020-01-01 08:00:00', NULL),
(1506, NULL, 65, 34, '2020-01-01 08:00:00', '2020-01-01 08:00:00', NULL),
(1507, NULL, 65, 35, '2020-01-01 08:00:00', '2020-01-01 08:00:00', NULL),
(1508, NULL, 65, 36, '2020-01-01 08:00:00', '2020-01-01 08:00:00', NULL),
(1509, '0', 65, 37, '2020-01-01 08:00:00', '2020-01-01 08:00:00', NULL),
(1510, NULL, 65, 38, '2020-01-01 08:00:00', '2020-01-01 08:00:00', NULL),
(1511, '0', 65, 39, '2020-01-01 08:00:00', '2020-01-01 08:00:00', NULL),
(1512, '0', 65, 40, '2020-01-01 08:00:00', '2020-01-01 08:00:00', NULL),
(1513, '0', 65, 41, '2020-01-01 08:00:00', '2020-01-01 08:00:00', NULL),
(1514, '0', 65, 42, '2020-01-01 08:00:00', '2020-01-01 08:00:00', NULL),
(1515, NULL, 65, 43, '2020-01-01 08:00:00', '2020-01-01 08:00:00', NULL),
(1516, NULL, 66, 25, '2020-02-01 08:00:00', '2020-02-01 08:00:00', NULL),
(1517, NULL, 66, 26, '2020-02-01 08:00:00', '2020-02-01 08:00:00', NULL),
(1518, '0', 66, 27, '2020-02-01 08:00:00', '2020-02-01 08:00:00', NULL),
(1519, '0', 66, 28, '2020-02-01 08:00:00', '2020-02-01 08:00:00', NULL),
(1520, NULL, 66, 29, '2020-02-01 08:00:00', '2020-02-01 08:00:00', NULL),
(1521, '0', 66, 30, '2020-02-01 08:00:00', '2020-02-01 08:00:00', NULL),
(1522, '0', 66, 31, '2020-02-01 08:00:00', '2020-02-01 08:00:00', NULL),
(1523, '0', 66, 32, '2020-02-01 08:00:00', '2020-02-01 08:00:00', NULL),
(1524, NULL, 66, 33, '2020-02-01 08:00:00', '2020-02-01 08:00:00', NULL),
(1525, '0', 66, 34, '2020-02-01 08:00:00', '2020-02-01 08:00:00', NULL),
(1526, NULL, 66, 35, '2020-02-01 08:00:00', '2020-02-01 08:00:00', NULL),
(1527, '0', 66, 36, '2020-02-01 08:00:00', '2020-02-01 08:00:00', NULL),
(1528, '0', 66, 37, '2020-02-01 08:00:00', '2020-02-01 08:00:00', NULL),
(1529, NULL, 66, 38, '2020-02-01 08:00:00', '2020-02-01 08:00:00', NULL),
(1530, '0', 66, 39, '2020-02-01 08:00:00', '2020-02-01 08:00:00', NULL),
(1531, '0', 66, 40, '2020-02-01 08:00:00', '2020-02-01 08:00:00', NULL),
(1532, '0', 66, 41, '2020-02-01 08:00:00', '2020-02-01 08:00:00', NULL),
(1533, '0', 66, 42, '2020-02-01 08:00:00', '2020-02-01 08:00:00', NULL),
(1534, '0', 66, 43, '2020-02-01 08:00:00', '2020-02-01 08:00:00', NULL),
(1535, NULL, 67, 25, '2020-03-01 08:00:00', '2020-03-01 08:00:00', NULL),
(1536, '0', 67, 26, '2020-03-01 08:00:00', '2020-03-01 08:00:00', NULL),
(1537, '0', 67, 27, '2020-03-01 08:00:00', '2020-03-01 08:00:00', NULL),
(1538, '0', 67, 28, '2020-03-01 08:00:00', '2020-03-01 08:00:00', NULL),
(1539, '0', 67, 29, '2020-03-01 08:00:00', '2020-03-01 08:00:00', NULL),
(1540, NULL, 67, 30, '2020-03-01 08:00:00', '2020-03-01 08:00:00', NULL),
(1541, NULL, 67, 31, '2020-03-01 08:00:00', '2020-03-01 08:00:00', NULL),
(1542, '0', 67, 32, '2020-03-01 08:00:00', '2020-03-01 08:00:00', NULL),
(1543, NULL, 67, 33, '2020-03-01 08:00:00', '2020-03-01 08:00:00', NULL),
(1544, '0', 67, 34, '2020-03-01 08:00:00', '2020-03-01 08:00:00', NULL),
(1545, '0', 67, 35, '2020-03-01 08:00:00', '2020-03-01 08:00:00', NULL),
(1546, NULL, 67, 36, '2020-03-01 08:00:00', '2020-03-01 08:00:00', NULL),
(1547, NULL, 67, 37, '2020-03-01 08:00:00', '2020-03-01 08:00:00', NULL),
(1548, '0', 67, 38, '2020-03-01 08:00:00', '2020-03-01 08:00:00', NULL),
(1549, NULL, 67, 39, '2020-03-01 08:00:00', '2020-03-01 08:00:00', NULL),
(1550, NULL, 67, 40, '2020-03-01 08:00:00', '2020-03-01 08:00:00', NULL),
(1551, '0', 67, 41, '2020-03-01 08:00:00', '2020-03-01 08:00:00', NULL),
(1552, NULL, 67, 42, '2020-03-01 08:00:00', '2020-03-01 08:00:00', NULL),
(1553, '0', 67, 43, '2020-03-01 08:00:00', '2020-03-01 08:00:00', NULL),
(1554, NULL, 68, 25, '2020-04-01 07:00:00', '2020-04-01 07:00:00', NULL),
(1555, NULL, 68, 26, '2020-04-01 07:00:00', '2020-04-01 07:00:00', NULL),
(1556, '0', 68, 27, '2020-04-01 07:00:00', '2020-04-01 07:00:00', NULL),
(1557, NULL, 68, 28, '2020-04-01 07:00:00', '2020-04-01 07:00:00', NULL),
(1558, '0', 68, 29, '2020-04-01 07:00:00', '2020-04-01 07:00:00', NULL),
(1559, NULL, 68, 30, '2020-04-01 07:00:00', '2020-04-01 07:00:00', NULL),
(1560, '0', 68, 31, '2020-04-01 07:00:00', '2020-04-01 07:00:00', NULL),
(1561, '0', 68, 32, '2020-04-01 07:00:00', '2020-04-01 07:00:00', NULL),
(1562, '0', 68, 33, '2020-04-01 07:00:00', '2020-04-01 07:00:00', NULL),
(1563, NULL, 68, 34, '2020-04-01 07:00:00', '2020-04-01 07:00:00', NULL),
(1564, NULL, 68, 35, '2020-04-01 07:00:00', '2020-04-01 07:00:00', NULL),
(1565, NULL, 68, 36, '2020-04-01 07:00:00', '2020-04-01 07:00:00', NULL),
(1566, NULL, 68, 37, '2020-04-01 07:00:00', '2020-04-01 07:00:00', NULL),
(1567, '0', 68, 38, '2020-04-01 07:00:00', '2020-04-01 07:00:00', NULL),
(1568, '0', 68, 39, '2020-04-01 07:00:00', '2020-04-01 07:00:00', NULL),
(1569, '0', 68, 40, '2020-04-01 07:00:00', '2020-04-01 07:00:00', NULL),
(1570, NULL, 68, 41, '2020-04-01 07:00:00', '2020-04-01 07:00:00', NULL),
(1571, NULL, 68, 42, '2020-04-01 07:00:00', '2020-04-01 07:00:00', NULL),
(1572, NULL, 68, 43, '2020-04-01 07:00:00', '2020-04-01 07:00:00', NULL),
(1573, '0', 69, 25, '2020-01-01 08:00:00', '2020-01-01 08:00:00', NULL),
(1574, NULL, 69, 26, '2020-01-01 08:00:00', '2020-01-01 08:00:00', NULL),
(1575, '0', 69, 27, '2020-01-01 08:00:00', '2020-01-01 08:00:00', NULL),
(1576, '0', 69, 28, '2020-01-01 08:00:00', '2020-01-01 08:00:00', NULL),
(1577, NULL, 69, 29, '2020-01-01 08:00:00', '2020-01-01 08:00:00', NULL),
(1578, NULL, 69, 30, '2020-01-01 08:00:00', '2020-01-01 08:00:00', NULL),
(1579, '0', 69, 31, '2020-01-01 08:00:00', '2020-01-01 08:00:00', NULL),
(1580, '0', 69, 32, '2020-01-01 08:00:00', '2020-01-01 08:00:00', NULL),
(1581, NULL, 69, 33, '2020-01-01 08:00:00', '2020-01-01 08:00:00', NULL),
(1582, '0', 69, 34, '2020-01-01 08:00:00', '2020-01-01 08:00:00', NULL),
(1583, NULL, 69, 35, '2020-01-01 08:00:00', '2020-01-01 08:00:00', NULL),
(1584, NULL, 69, 36, '2020-01-01 08:00:00', '2020-01-01 08:00:00', NULL),
(1585, '0', 69, 37, '2020-01-01 08:00:00', '2020-01-01 08:00:00', NULL),
(1586, NULL, 69, 38, '2020-01-01 08:00:00', '2020-01-01 08:00:00', NULL),
(1587, '0', 69, 39, '2020-01-01 08:00:00', '2020-01-01 08:00:00', NULL),
(1588, '0', 69, 40, '2020-01-01 08:00:00', '2020-01-01 08:00:00', NULL),
(1589, NULL, 69, 41, '2020-01-01 08:00:00', '2020-01-01 08:00:00', NULL),
(1590, NULL, 69, 42, '2020-01-01 08:00:00', '2020-01-01 08:00:00', NULL),
(1591, '0', 69, 43, '2020-01-01 08:00:00', '2020-01-01 08:00:00', NULL),
(1592, '0', 70, 25, '2020-02-01 08:00:00', '2020-02-01 08:00:00', NULL),
(1593, NULL, 70, 26, '2020-02-01 08:00:00', '2020-02-01 08:00:00', NULL),
(1594, '0', 70, 27, '2020-02-01 08:00:00', '2020-02-01 08:00:00', NULL),
(1595, NULL, 70, 28, '2020-02-01 08:00:00', '2020-02-01 08:00:00', NULL),
(1596, NULL, 70, 29, '2020-02-01 08:00:00', '2020-02-01 08:00:00', NULL),
(1597, '0', 70, 30, '2020-02-01 08:00:00', '2020-02-01 08:00:00', NULL),
(1598, '0', 70, 31, '2020-02-01 08:00:00', '2020-02-01 08:00:00', NULL),
(1599, NULL, 70, 32, '2020-02-01 08:00:00', '2020-02-01 08:00:00', NULL),
(1600, NULL, 70, 33, '2020-02-01 08:00:00', '2020-02-01 08:00:00', NULL),
(1601, '0', 70, 34, '2020-02-01 08:00:00', '2020-02-01 08:00:00', NULL),
(1602, '0', 70, 35, '2020-02-01 08:00:00', '2020-02-01 08:00:00', NULL),
(1603, NULL, 70, 36, '2020-02-01 08:00:00', '2020-02-01 08:00:00', NULL),
(1604, '0', 70, 37, '2020-02-01 08:00:00', '2020-02-01 08:00:00', NULL),
(1605, '0', 70, 38, '2020-02-01 08:00:00', '2020-02-01 08:00:00', NULL),
(1606, NULL, 70, 39, '2020-02-01 08:00:00', '2020-02-01 08:00:00', NULL),
(1607, '0', 70, 40, '2020-02-01 08:00:00', '2020-02-01 08:00:00', NULL),
(1608, '0', 70, 41, '2020-02-01 08:00:00', '2020-02-01 08:00:00', NULL),
(1609, NULL, 70, 42, '2020-02-01 08:00:00', '2020-02-01 08:00:00', NULL),
(1610, NULL, 70, 43, '2020-02-01 08:00:00', '2020-02-01 08:00:00', NULL),
(1611, NULL, 71, 25, '2020-03-01 08:00:00', '2020-03-01 08:00:00', NULL),
(1612, NULL, 71, 26, '2020-03-01 08:00:00', '2020-03-01 08:00:00', NULL),
(1613, '0', 71, 27, '2020-03-01 08:00:00', '2020-03-01 08:00:00', NULL),
(1614, NULL, 71, 28, '2020-03-01 08:00:00', '2020-03-01 08:00:00', NULL),
(1615, NULL, 71, 29, '2020-03-01 08:00:00', '2020-03-01 08:00:00', NULL),
(1616, '0', 71, 30, '2020-03-01 08:00:00', '2020-03-01 08:00:00', NULL),
(1617, '0', 71, 31, '2020-03-01 08:00:00', '2020-03-01 08:00:00', NULL),
(1618, '0', 71, 32, '2020-03-01 08:00:00', '2020-03-01 08:00:00', NULL),
(1619, NULL, 71, 33, '2020-03-01 08:00:00', '2020-03-01 08:00:00', NULL),
(1620, NULL, 71, 34, '2020-03-01 08:00:00', '2020-03-01 08:00:00', NULL),
(1621, '0', 71, 35, '2020-03-01 08:00:00', '2020-03-01 08:00:00', NULL),
(1622, NULL, 71, 36, '2020-03-01 08:00:00', '2020-03-01 08:00:00', NULL),
(1623, '0', 71, 37, '2020-03-01 08:00:00', '2020-03-01 08:00:00', NULL),
(1624, '0', 71, 38, '2020-03-01 08:00:00', '2020-03-01 08:00:00', NULL),
(1625, NULL, 71, 39, '2020-03-01 08:00:00', '2020-03-01 08:00:00', NULL),
(1626, NULL, 71, 40, '2020-03-01 08:00:00', '2020-03-01 08:00:00', NULL),
(1627, NULL, 71, 41, '2020-03-01 08:00:00', '2020-03-01 08:00:00', NULL),
(1628, '0', 71, 42, '2020-03-01 08:00:00', '2020-03-01 08:00:00', NULL),
(1629, '0', 71, 43, '2020-03-01 08:00:00', '2020-03-01 08:00:00', NULL),
(1630, NULL, 72, 25, '2020-04-01 07:00:00', '2020-04-01 07:00:00', NULL),
(1631, '0', 72, 26, '2020-04-01 07:00:00', '2020-04-01 07:00:00', NULL),
(1632, NULL, 72, 27, '2020-04-01 07:00:00', '2020-04-01 07:00:00', NULL),
(1633, '0', 72, 28, '2020-04-01 07:00:00', '2020-04-01 07:00:00', NULL),
(1634, '0', 72, 29, '2020-04-01 07:00:00', '2020-04-01 07:00:00', NULL),
(1635, NULL, 72, 30, '2020-04-01 07:00:00', '2020-04-01 07:00:00', NULL),
(1636, '0', 72, 31, '2020-04-01 07:00:00', '2020-04-01 07:00:00', NULL),
(1637, '0', 72, 32, '2020-04-01 07:00:00', '2020-04-01 07:00:00', NULL),
(1638, NULL, 72, 33, '2020-04-01 07:00:00', '2020-04-01 07:00:00', NULL),
(1639, NULL, 72, 34, '2020-04-01 07:00:00', '2020-04-01 07:00:00', NULL),
(1640, '0', 72, 35, '2020-04-01 07:00:00', '2020-04-01 07:00:00', NULL),
(1641, NULL, 72, 36, '2020-04-01 07:00:00', '2020-04-01 07:00:00', NULL),
(1642, '0', 72, 37, '2020-04-01 07:00:00', '2020-04-01 07:00:00', NULL),
(1643, NULL, 72, 38, '2020-04-01 07:00:00', '2020-04-01 07:00:00', NULL),
(1644, NULL, 72, 39, '2020-04-01 07:00:00', '2020-04-01 07:00:00', NULL),
(1645, NULL, 72, 40, '2020-04-01 07:00:00', '2020-04-01 07:00:00', NULL),
(1646, NULL, 72, 41, '2020-04-01 07:00:00', '2020-04-01 07:00:00', NULL),
(1647, '0', 72, 42, '2020-04-01 07:00:00', '2020-04-01 07:00:00', NULL),
(1648, NULL, 72, 43, '2020-04-01 07:00:00', '2020-04-01 07:00:00', NULL),
(1649, NULL, 73, 25, '2020-01-01 08:00:00', '2020-01-01 08:00:00', NULL),
(1650, '0', 73, 26, '2020-01-01 08:00:00', '2020-01-01 08:00:00', NULL),
(1651, NULL, 73, 27, '2020-01-01 08:00:00', '2020-01-01 08:00:00', NULL),
(1652, NULL, 73, 28, '2020-01-01 08:00:00', '2020-01-01 08:00:00', NULL),
(1653, '0', 73, 29, '2020-01-01 08:00:00', '2020-01-01 08:00:00', NULL),
(1654, NULL, 73, 30, '2020-01-01 08:00:00', '2020-01-01 08:00:00', NULL),
(1655, '0', 73, 31, '2020-01-01 08:00:00', '2020-01-01 08:00:00', NULL),
(1656, '0', 73, 32, '2020-01-01 08:00:00', '2020-01-01 08:00:00', NULL),
(1657, NULL, 73, 33, '2020-01-01 08:00:00', '2020-01-01 08:00:00', NULL),
(1658, '0', 73, 34, '2020-01-01 08:00:00', '2020-01-01 08:00:00', NULL),
(1659, NULL, 73, 35, '2020-01-01 08:00:00', '2020-01-01 08:00:00', NULL),
(1660, '0', 73, 36, '2020-01-01 08:00:00', '2020-01-01 08:00:00', NULL),
(1661, NULL, 73, 37, '2020-01-01 08:00:00', '2020-01-01 08:00:00', NULL),
(1662, NULL, 73, 38, '2020-01-01 08:00:00', '2020-01-01 08:00:00', NULL),
(1663, NULL, 73, 39, '2020-01-01 08:00:00', '2020-01-01 08:00:00', NULL),
(1664, NULL, 73, 40, '2020-01-01 08:00:00', '2020-01-01 08:00:00', NULL),
(1665, NULL, 73, 41, '2020-01-01 08:00:00', '2020-01-01 08:00:00', NULL),
(1666, '0', 73, 42, '2020-01-01 08:00:00', '2020-01-01 08:00:00', NULL),
(1667, '0', 73, 43, '2020-01-01 08:00:00', '2020-01-01 08:00:00', NULL),
(1668, NULL, 74, 25, '2020-02-01 08:00:00', '2020-02-01 08:00:00', NULL),
(1669, '0', 74, 26, '2020-02-01 08:00:00', '2020-02-01 08:00:00', NULL),
(1670, NULL, 74, 27, '2020-02-01 08:00:00', '2020-02-01 08:00:00', NULL),
(1671, '0', 74, 28, '2020-02-01 08:00:00', '2020-02-01 08:00:00', NULL),
(1672, '0', 74, 29, '2020-02-01 08:00:00', '2020-02-01 08:00:00', NULL),
(1673, NULL, 74, 30, '2020-02-01 08:00:00', '2020-02-01 08:00:00', NULL),
(1674, NULL, 74, 31, '2020-02-01 08:00:00', '2020-02-01 08:00:00', NULL),
(1675, '0', 74, 32, '2020-02-01 08:00:00', '2020-02-01 08:00:00', NULL),
(1676, '0', 74, 33, '2020-02-01 08:00:00', '2020-02-01 08:00:00', NULL),
(1677, NULL, 74, 34, '2020-02-01 08:00:00', '2020-02-01 08:00:00', NULL),
(1678, '0', 74, 35, '2020-02-01 08:00:00', '2020-02-01 08:00:00', NULL),
(1679, '0', 74, 36, '2020-02-01 08:00:00', '2020-02-01 08:00:00', NULL),
(1680, '0', 74, 37, '2020-02-01 08:00:00', '2020-02-01 08:00:00', NULL),
(1681, '0', 74, 38, '2020-02-01 08:00:00', '2020-02-01 08:00:00', NULL),
(1682, '0', 74, 39, '2020-02-01 08:00:00', '2020-02-01 08:00:00', NULL),
(1683, NULL, 74, 40, '2020-02-01 08:00:00', '2020-02-01 08:00:00', NULL),
(1684, '0', 74, 41, '2020-02-01 08:00:00', '2020-02-01 08:00:00', NULL),
(1685, '0', 74, 42, '2020-02-01 08:00:00', '2020-02-01 08:00:00', NULL),
(1686, '0', 74, 43, '2020-02-01 08:00:00', '2020-02-01 08:00:00', NULL),
(1687, NULL, 75, 25, '2020-03-01 08:00:00', '2020-03-01 08:00:00', NULL),
(1688, NULL, 75, 26, '2020-03-01 08:00:00', '2020-03-01 08:00:00', NULL),
(1689, NULL, 75, 27, '2020-03-01 08:00:00', '2020-03-01 08:00:00', NULL),
(1690, '0', 75, 28, '2020-03-01 08:00:00', '2020-03-01 08:00:00', NULL),
(1691, NULL, 75, 29, '2020-03-01 08:00:00', '2020-03-01 08:00:00', NULL),
(1692, NULL, 75, 30, '2020-03-01 08:00:00', '2020-03-01 08:00:00', NULL),
(1693, NULL, 75, 31, '2020-03-01 08:00:00', '2020-03-01 08:00:00', NULL),
(1694, NULL, 75, 32, '2020-03-01 08:00:00', '2020-03-01 08:00:00', NULL),
(1695, '0', 75, 33, '2020-03-01 08:00:00', '2020-03-01 08:00:00', NULL),
(1696, '0', 75, 34, '2020-03-01 08:00:00', '2020-03-01 08:00:00', NULL),
(1697, '0', 75, 35, '2020-03-01 08:00:00', '2020-03-01 08:00:00', NULL),
(1698, NULL, 75, 36, '2020-03-01 08:00:00', '2020-03-01 08:00:00', NULL),
(1699, NULL, 75, 37, '2020-03-01 08:00:00', '2020-03-01 08:00:00', NULL),
(1700, NULL, 75, 38, '2020-03-01 08:00:00', '2020-03-01 08:00:00', NULL),
(1701, '0', 75, 39, '2020-03-01 08:00:00', '2020-03-01 08:00:00', NULL),
(1702, '0', 75, 40, '2020-03-01 08:00:00', '2020-03-01 08:00:00', NULL),
(1703, '0', 75, 41, '2020-03-01 08:00:00', '2020-03-01 08:00:00', NULL),
(1704, NULL, 75, 42, '2020-03-01 08:00:00', '2020-03-01 08:00:00', NULL),
(1705, NULL, 75, 43, '2020-03-01 08:00:00', '2020-03-01 08:00:00', NULL),
(1706, NULL, 76, 25, '2020-04-01 07:00:00', '2020-04-01 07:00:00', NULL),
(1707, '0', 76, 26, '2020-04-01 07:00:00', '2020-04-01 07:00:00', NULL),
(1708, '0', 76, 27, '2020-04-01 07:00:00', '2020-04-01 07:00:00', NULL),
(1709, NULL, 76, 28, '2020-04-01 07:00:00', '2020-04-01 07:00:00', NULL),
(1710, NULL, 76, 29, '2020-04-01 07:00:00', '2020-04-01 07:00:00', NULL),
(1711, '0', 76, 30, '2020-04-01 07:00:00', '2020-04-01 07:00:00', NULL),
(1712, '0', 76, 31, '2020-04-01 07:00:00', '2020-04-01 07:00:00', NULL),
(1713, '0', 76, 32, '2020-04-01 07:00:00', '2020-04-01 07:00:00', NULL),
(1714, '0', 76, 33, '2020-04-01 07:00:00', '2020-04-01 07:00:00', NULL),
(1715, NULL, 76, 34, '2020-04-01 07:00:00', '2020-04-01 07:00:00', NULL),
(1716, NULL, 76, 35, '2020-04-01 07:00:00', '2020-04-01 07:00:00', NULL),
(1717, '0', 76, 36, '2020-04-01 07:00:00', '2020-04-01 07:00:00', NULL),
(1718, '0', 76, 37, '2020-04-01 07:00:00', '2020-04-01 07:00:00', NULL),
(1719, NULL, 76, 38, '2020-04-01 07:00:00', '2020-04-01 07:00:00', NULL),
(1720, '0', 76, 39, '2020-04-01 07:00:00', '2020-04-01 07:00:00', NULL),
(1721, '0', 76, 40, '2020-04-01 07:00:00', '2020-04-01 07:00:00', NULL),
(1722, '0', 76, 41, '2020-04-01 07:00:00', '2020-04-01 07:00:00', NULL),
(1723, NULL, 76, 42, '2020-04-01 07:00:00', '2020-04-01 07:00:00', NULL),
(1724, '0', 76, 43, '2020-04-01 07:00:00', '2020-04-01 07:00:00', NULL),
(1725, NULL, 77, 25, '2020-01-01 08:00:00', '2020-01-01 08:00:00', NULL),
(1726, NULL, 77, 26, '2020-01-01 08:00:00', '2020-01-01 08:00:00', NULL),
(1727, '0', 77, 27, '2020-01-01 08:00:00', '2020-01-01 08:00:00', NULL),
(1728, NULL, 77, 28, '2020-01-01 08:00:00', '2020-01-01 08:00:00', NULL),
(1729, NULL, 77, 29, '2020-01-01 08:00:00', '2020-01-01 08:00:00', NULL),
(1730, '0', 77, 30, '2020-01-01 08:00:00', '2020-01-01 08:00:00', NULL),
(1731, NULL, 77, 31, '2020-01-01 08:00:00', '2020-01-01 08:00:00', NULL),
(1732, '0', 77, 32, '2020-01-01 08:00:00', '2020-01-01 08:00:00', NULL),
(1733, '0', 77, 33, '2020-01-01 08:00:00', '2020-01-01 08:00:00', NULL),
(1734, '0', 77, 34, '2020-01-01 08:00:00', '2020-01-01 08:00:00', NULL),
(1735, NULL, 77, 35, '2020-01-01 08:00:00', '2020-01-01 08:00:00', NULL),
(1736, NULL, 77, 36, '2020-01-01 08:00:00', '2020-01-01 08:00:00', NULL),
(1737, NULL, 77, 37, '2020-01-01 08:00:00', '2020-01-01 08:00:00', NULL),
(1738, NULL, 77, 38, '2020-01-01 08:00:00', '2020-01-01 08:00:00', NULL),
(1739, '0', 77, 39, '2020-01-01 08:00:00', '2020-01-01 08:00:00', NULL),
(1740, '0', 77, 40, '2020-01-01 08:00:00', '2020-01-01 08:00:00', NULL),
(1741, '0', 77, 41, '2020-01-01 08:00:00', '2020-01-01 08:00:00', NULL),
(1742, '0', 77, 42, '2020-01-01 08:00:00', '2020-01-01 08:00:00', NULL),
(1743, NULL, 77, 43, '2020-01-01 08:00:00', '2020-01-01 08:00:00', NULL),
(1744, NULL, 78, 25, '2020-02-01 08:00:00', '2020-02-01 08:00:00', NULL),
(1745, NULL, 78, 26, '2020-02-01 08:00:00', '2020-02-01 08:00:00', NULL),
(1746, NULL, 78, 27, '2020-02-01 08:00:00', '2020-02-01 08:00:00', NULL),
(1747, '0', 78, 28, '2020-02-01 08:00:00', '2020-02-01 08:00:00', NULL),
(1748, '0', 78, 29, '2020-02-01 08:00:00', '2020-02-01 08:00:00', NULL),
(1749, '0', 78, 30, '2020-02-01 08:00:00', '2020-02-01 08:00:00', NULL),
(1750, NULL, 78, 31, '2020-02-01 08:00:00', '2020-02-01 08:00:00', NULL),
(1751, '0', 78, 32, '2020-02-01 08:00:00', '2020-02-01 08:00:00', NULL),
(1752, NULL, 78, 33, '2020-02-01 08:00:00', '2020-02-01 08:00:00', NULL),
(1753, '0', 78, 34, '2020-02-01 08:00:00', '2020-02-01 08:00:00', NULL),
(1754, '0', 78, 35, '2020-02-01 08:00:00', '2020-02-01 08:00:00', NULL),
(1755, '0', 78, 36, '2020-02-01 08:00:00', '2020-02-01 08:00:00', NULL),
(1756, '0', 78, 37, '2020-02-01 08:00:00', '2020-02-01 08:00:00', NULL),
(1757, '0', 78, 38, '2020-02-01 08:00:00', '2020-02-01 08:00:00', NULL),
(1758, '0', 78, 39, '2020-02-01 08:00:00', '2020-02-01 08:00:00', NULL),
(1759, '0', 78, 40, '2020-02-01 08:00:00', '2020-02-01 08:00:00', NULL),
(1760, NULL, 78, 41, '2020-02-01 08:00:00', '2020-02-01 08:00:00', NULL),
(1761, '0', 78, 42, '2020-02-01 08:00:00', '2020-02-01 08:00:00', NULL),
(1762, NULL, 78, 43, '2020-02-01 08:00:00', '2020-02-01 08:00:00', NULL),
(1763, NULL, 79, 25, '2020-03-01 08:00:00', '2020-03-01 08:00:00', NULL),
(1764, '0', 79, 26, '2020-03-01 08:00:00', '2020-03-01 08:00:00', NULL),
(1765, '0', 79, 27, '2020-03-01 08:00:00', '2020-03-01 08:00:00', NULL),
(1766, '0', 79, 28, '2020-03-01 08:00:00', '2020-03-01 08:00:00', NULL),
(1767, NULL, 79, 29, '2020-03-01 08:00:00', '2020-03-01 08:00:00', NULL),
(1768, '0', 79, 30, '2020-03-01 08:00:00', '2020-03-01 08:00:00', NULL),
(1769, NULL, 79, 31, '2020-03-01 08:00:00', '2020-03-01 08:00:00', NULL),
(1770, '0', 79, 32, '2020-03-01 08:00:00', '2020-03-01 08:00:00', NULL),
(1771, NULL, 79, 33, '2020-03-01 08:00:00', '2020-03-01 08:00:00', NULL),
(1772, '0', 79, 34, '2020-03-01 08:00:00', '2020-03-01 08:00:00', NULL),
(1773, '0', 79, 35, '2020-03-01 08:00:00', '2020-03-01 08:00:00', NULL),
(1774, '0', 79, 36, '2020-03-01 08:00:00', '2020-03-01 08:00:00', NULL),
(1775, '0', 79, 37, '2020-03-01 08:00:00', '2020-03-01 08:00:00', NULL),
(1776, NULL, 79, 38, '2020-03-01 08:00:00', '2020-03-01 08:00:00', NULL),
(1777, '0', 79, 39, '2020-03-01 08:00:00', '2020-03-01 08:00:00', NULL),
(1778, '0', 79, 40, '2020-03-01 08:00:00', '2020-03-01 08:00:00', NULL),
(1779, '0', 79, 41, '2020-03-01 08:00:00', '2020-03-01 08:00:00', NULL),
(1780, NULL, 79, 42, '2020-03-01 08:00:00', '2020-03-01 08:00:00', NULL),
(1781, '0', 79, 43, '2020-03-01 08:00:00', '2020-03-01 08:00:00', NULL),
(1782, NULL, 80, 25, '2020-04-01 07:00:00', '2020-04-01 07:00:00', NULL),
(1783, '0', 80, 26, '2020-04-01 07:00:00', '2020-04-01 07:00:00', NULL),
(1784, NULL, 80, 27, '2020-04-01 07:00:00', '2020-04-01 07:00:00', NULL),
(1785, NULL, 80, 28, '2020-04-01 07:00:00', '2020-04-01 07:00:00', NULL),
(1786, '0', 80, 29, '2020-04-01 07:00:00', '2020-04-01 07:00:00', NULL),
(1787, '0', 80, 30, '2020-04-01 07:00:00', '2020-04-01 07:00:00', NULL),
(1788, NULL, 80, 31, '2020-04-01 07:00:00', '2020-04-01 07:00:00', NULL),
(1789, '0', 80, 32, '2020-04-01 07:00:00', '2020-04-01 07:00:00', NULL),
(1790, '0', 80, 33, '2020-04-01 07:00:00', '2020-04-01 07:00:00', NULL),
(1791, '0', 80, 34, '2020-04-01 07:00:00', '2020-04-01 07:00:00', NULL),
(1792, '0', 80, 35, '2020-04-01 07:00:00', '2020-04-01 07:00:00', NULL),
(1793, NULL, 80, 36, '2020-04-01 07:00:00', '2020-04-01 07:00:00', NULL),
(1794, '0', 80, 37, '2020-04-01 07:00:00', '2020-04-01 07:00:00', NULL),
(1795, '0', 80, 38, '2020-04-01 07:00:00', '2020-04-01 07:00:00', NULL),
(1796, NULL, 80, 39, '2020-04-01 07:00:00', '2020-04-01 07:00:00', NULL),
(1797, NULL, 80, 40, '2020-04-01 07:00:00', '2020-04-01 07:00:00', NULL),
(1798, '0', 80, 41, '2020-04-01 07:00:00', '2020-04-01 07:00:00', NULL),
(1799, '0', 80, 42, '2020-04-01 07:00:00', '2020-04-01 07:00:00', NULL),
(1800, '0', 80, 43, '2020-04-01 07:00:00', '2020-04-01 07:00:00', NULL),
(1801, '0', 81, 25, '2020-01-01 08:00:00', '2020-01-01 08:00:00', NULL),
(1802, NULL, 81, 26, '2020-01-01 08:00:00', '2020-01-01 08:00:00', NULL),
(1803, NULL, 81, 27, '2020-01-01 08:00:00', '2020-01-01 08:00:00', NULL),
(1804, '0', 81, 28, '2020-01-01 08:00:00', '2020-01-01 08:00:00', NULL),
(1805, NULL, 81, 29, '2020-01-01 08:00:00', '2020-01-01 08:00:00', NULL),
(1806, '0', 81, 30, '2020-01-01 08:00:00', '2020-01-01 08:00:00', NULL),
(1807, '0', 81, 31, '2020-01-01 08:00:00', '2020-01-01 08:00:00', NULL),
(1808, NULL, 81, 32, '2020-01-01 08:00:00', '2020-01-01 08:00:00', NULL),
(1809, NULL, 81, 33, '2020-01-01 08:00:00', '2020-01-01 08:00:00', NULL),
(1810, NULL, 81, 34, '2020-01-01 08:00:00', '2020-01-01 08:00:00', NULL),
(1811, NULL, 81, 35, '2020-01-01 08:00:00', '2020-01-01 08:00:00', NULL),
(1812, '0', 81, 36, '2020-01-01 08:00:00', '2020-01-01 08:00:00', NULL),
(1813, '0', 81, 37, '2020-01-01 08:00:00', '2020-01-01 08:00:00', NULL),
(1814, '0', 81, 38, '2020-01-01 08:00:00', '2020-01-01 08:00:00', NULL),
(1815, '0', 81, 39, '2020-01-01 08:00:00', '2020-01-01 08:00:00', NULL),
(1816, NULL, 81, 40, '2020-01-01 08:00:00', '2020-01-01 08:00:00', NULL),
(1817, NULL, 81, 41, '2020-01-01 08:00:00', '2020-01-01 08:00:00', NULL),
(1818, NULL, 81, 42, '2020-01-01 08:00:00', '2020-01-01 08:00:00', NULL),
(1819, '0', 81, 43, '2020-01-01 08:00:00', '2020-01-01 08:00:00', NULL),
(1820, NULL, 82, 25, '2020-02-01 08:00:00', '2020-02-01 08:00:00', NULL),
(1821, '0', 82, 26, '2020-02-01 08:00:00', '2020-02-01 08:00:00', NULL),
(1822, '0', 82, 27, '2020-02-01 08:00:00', '2020-02-01 08:00:00', NULL),
(1823, '0', 82, 28, '2020-02-01 08:00:00', '2020-02-01 08:00:00', NULL),
(1824, '0', 82, 29, '2020-02-01 08:00:00', '2020-02-01 08:00:00', NULL),
(1825, NULL, 82, 30, '2020-02-01 08:00:00', '2020-02-01 08:00:00', NULL),
(1826, '0', 82, 31, '2020-02-01 08:00:00', '2020-02-01 08:00:00', NULL),
(1827, '0', 82, 32, '2020-02-01 08:00:00', '2020-02-01 08:00:00', NULL),
(1828, NULL, 82, 33, '2020-02-01 08:00:00', '2020-02-01 08:00:00', NULL),
(1829, '0', 82, 34, '2020-02-01 08:00:00', '2020-02-01 08:00:00', NULL),
(1830, '0', 82, 35, '2020-02-01 08:00:00', '2020-02-01 08:00:00', NULL),
(1831, '0', 82, 36, '2020-02-01 08:00:00', '2020-02-01 08:00:00', NULL),
(1832, '0', 82, 37, '2020-02-01 08:00:00', '2020-02-01 08:00:00', NULL),
(1833, NULL, 82, 38, '2020-02-01 08:00:00', '2020-02-01 08:00:00', NULL),
(1834, NULL, 82, 39, '2020-02-01 08:00:00', '2020-02-01 08:00:00', NULL),
(1835, '0', 82, 40, '2020-02-01 08:00:00', '2020-02-01 08:00:00', NULL),
(1836, NULL, 82, 41, '2020-02-01 08:00:00', '2020-02-01 08:00:00', NULL),
(1837, NULL, 82, 42, '2020-02-01 08:00:00', '2020-02-01 08:00:00', NULL),
(1838, NULL, 82, 43, '2020-02-01 08:00:00', '2020-02-01 08:00:00', NULL),
(1839, NULL, 83, 25, '2020-03-01 08:00:00', '2020-03-01 08:00:00', NULL),
(1840, '0', 83, 26, '2020-03-01 08:00:00', '2020-03-01 08:00:00', NULL),
(1841, NULL, 83, 27, '2020-03-01 08:00:00', '2020-03-01 08:00:00', NULL),
(1842, '0', 83, 28, '2020-03-01 08:00:00', '2020-03-01 08:00:00', NULL),
(1843, '0', 83, 29, '2020-03-01 08:00:00', '2020-03-01 08:00:00', NULL),
(1844, '0', 83, 30, '2020-03-01 08:00:00', '2020-03-01 08:00:00', NULL),
(1845, NULL, 83, 31, '2020-03-01 08:00:00', '2020-03-01 08:00:00', NULL),
(1846, NULL, 83, 32, '2020-03-01 08:00:00', '2020-03-01 08:00:00', NULL),
(1847, NULL, 83, 33, '2020-03-01 08:00:00', '2020-03-01 08:00:00', NULL),
(1848, '0', 83, 34, '2020-03-01 08:00:00', '2020-03-01 08:00:00', NULL),
(1849, '0', 83, 35, '2020-03-01 08:00:00', '2020-03-01 08:00:00', NULL),
(1850, NULL, 83, 36, '2020-03-01 08:00:00', '2020-03-01 08:00:00', NULL),
(1851, NULL, 83, 37, '2020-03-01 08:00:00', '2020-03-01 08:00:00', NULL),
(1852, NULL, 83, 38, '2020-03-01 08:00:00', '2020-03-01 08:00:00', NULL),
(1853, '0', 83, 39, '2020-03-01 08:00:00', '2020-03-01 08:00:00', NULL),
(1854, NULL, 83, 40, '2020-03-01 08:00:00', '2020-03-01 08:00:00', NULL),
(1855, NULL, 83, 41, '2020-03-01 08:00:00', '2020-03-01 08:00:00', NULL),
(1856, '0', 83, 42, '2020-03-01 08:00:00', '2020-03-01 08:00:00', NULL),
(1857, NULL, 83, 43, '2020-03-01 08:00:00', '2020-03-01 08:00:00', NULL),
(1858, '0', 84, 25, '2020-04-01 07:00:00', '2020-04-01 07:00:00', NULL),
(1859, NULL, 84, 26, '2020-04-01 07:00:00', '2020-04-01 07:00:00', NULL),
(1860, '0', 84, 27, '2020-04-01 07:00:00', '2020-04-01 07:00:00', NULL),
(1861, '0', 84, 28, '2020-04-01 07:00:00', '2020-04-01 07:00:00', NULL),
(1862, NULL, 84, 29, '2020-04-01 07:00:00', '2020-04-01 07:00:00', NULL),
(1863, '0', 84, 30, '2020-04-01 07:00:00', '2020-04-01 07:00:00', NULL),
(1864, '0', 84, 31, '2020-04-01 07:00:00', '2020-04-01 07:00:00', NULL),
(1865, '0', 84, 32, '2020-04-01 07:00:00', '2020-04-01 07:00:00', NULL),
(1866, NULL, 84, 33, '2020-04-01 07:00:00', '2020-04-01 07:00:00', NULL),
(1867, '0', 84, 34, '2020-04-01 07:00:00', '2020-04-01 07:00:00', NULL),
(1868, NULL, 84, 35, '2020-04-01 07:00:00', '2020-04-01 07:00:00', NULL),
(1869, '0', 84, 36, '2020-04-01 07:00:00', '2020-04-01 07:00:00', NULL),
(1870, NULL, 84, 37, '2020-04-01 07:00:00', '2020-04-01 07:00:00', NULL),
(1871, '0', 84, 38, '2020-04-01 07:00:00', '2020-04-01 07:00:00', NULL),
(1872, '0', 84, 39, '2020-04-01 07:00:00', '2020-04-01 07:00:00', NULL),
(1873, NULL, 84, 40, '2020-04-01 07:00:00', '2020-04-01 07:00:00', NULL),
(1874, '0', 84, 41, '2020-04-01 07:00:00', '2020-04-01 07:00:00', NULL),
(1875, NULL, 84, 42, '2020-04-01 07:00:00', '2020-04-01 07:00:00', NULL),
(1876, NULL, 84, 43, '2020-04-01 07:00:00', '2020-04-01 07:00:00', NULL),
(1877, NULL, 85, 25, '2020-01-01 08:00:00', '2020-01-01 08:00:00', NULL),
(1878, '0', 85, 26, '2020-01-01 08:00:00', '2020-01-01 08:00:00', NULL),
(1879, NULL, 85, 27, '2020-01-01 08:00:00', '2020-01-01 08:00:00', NULL),
(1880, NULL, 85, 28, '2020-01-01 08:00:00', '2020-01-01 08:00:00', NULL),
(1881, '0', 85, 29, '2020-01-01 08:00:00', '2020-01-01 08:00:00', NULL),
(1882, '0', 85, 30, '2020-01-01 08:00:00', '2020-01-01 08:00:00', NULL),
(1883, '0', 85, 31, '2020-01-01 08:00:00', '2020-01-01 08:00:00', NULL),
(1884, '0', 85, 32, '2020-01-01 08:00:00', '2020-01-01 08:00:00', NULL),
(1885, '0', 85, 33, '2020-01-01 08:00:00', '2020-01-01 08:00:00', NULL),
(1886, '0', 85, 34, '2020-01-01 08:00:00', '2020-01-01 08:00:00', NULL),
(1887, NULL, 85, 35, '2020-01-01 08:00:00', '2020-01-01 08:00:00', NULL),
(1888, NULL, 85, 36, '2020-01-01 08:00:00', '2020-01-01 08:00:00', NULL),
(1889, '0', 85, 37, '2020-01-01 08:00:00', '2020-01-01 08:00:00', NULL),
(1890, '0', 85, 38, '2020-01-01 08:00:00', '2020-01-01 08:00:00', NULL),
(1891, NULL, 85, 39, '2020-01-01 08:00:00', '2020-01-01 08:00:00', NULL),
(1892, NULL, 85, 40, '2020-01-01 08:00:00', '2020-01-01 08:00:00', NULL),
(1893, '0', 85, 41, '2020-01-01 08:00:00', '2020-01-01 08:00:00', NULL),
(1894, NULL, 85, 42, '2020-01-01 08:00:00', '2020-01-01 08:00:00', NULL),
(1895, '0', 85, 43, '2020-01-01 08:00:00', '2020-01-01 08:00:00', NULL),
(1896, NULL, 86, 25, '2020-02-01 08:00:00', '2020-02-01 08:00:00', NULL),
(1897, '0', 86, 26, '2020-02-01 08:00:00', '2020-02-01 08:00:00', NULL),
(1898, '0', 86, 27, '2020-02-01 08:00:00', '2020-02-01 08:00:00', NULL),
(1899, NULL, 86, 28, '2020-02-01 08:00:00', '2020-02-01 08:00:00', NULL),
(1900, '0', 86, 29, '2020-02-01 08:00:00', '2020-02-01 08:00:00', NULL),
(1901, NULL, 86, 30, '2020-02-01 08:00:00', '2020-02-01 08:00:00', NULL),
(1902, '0', 86, 31, '2020-02-01 08:00:00', '2020-02-01 08:00:00', NULL),
(1903, '0', 86, 32, '2020-02-01 08:00:00', '2020-02-01 08:00:00', NULL),
(1904, '0', 86, 33, '2020-02-01 08:00:00', '2020-02-01 08:00:00', NULL),
(1905, NULL, 86, 34, '2020-02-01 08:00:00', '2020-02-01 08:00:00', NULL),
(1906, '0', 86, 35, '2020-02-01 08:00:00', '2020-02-01 08:00:00', NULL),
(1907, NULL, 86, 36, '2020-02-01 08:00:00', '2020-02-01 08:00:00', NULL),
(1908, NULL, 86, 37, '2020-02-01 08:00:00', '2020-02-01 08:00:00', NULL),
(1909, '0', 86, 38, '2020-02-01 08:00:00', '2020-02-01 08:00:00', NULL),
(1910, NULL, 86, 39, '2020-02-01 08:00:00', '2020-02-01 08:00:00', NULL),
(1911, NULL, 86, 40, '2020-02-01 08:00:00', '2020-02-01 08:00:00', NULL),
(1912, NULL, 86, 41, '2020-02-01 08:00:00', '2020-02-01 08:00:00', NULL),
(1913, NULL, 86, 42, '2020-02-01 08:00:00', '2020-02-01 08:00:00', NULL),
(1914, NULL, 86, 43, '2020-02-01 08:00:00', '2020-02-01 08:00:00', NULL),
(1915, NULL, 87, 25, '2020-03-01 08:00:00', '2020-03-01 08:00:00', NULL),
(1916, '0', 87, 26, '2020-03-01 08:00:00', '2020-03-01 08:00:00', NULL),
(1917, '0', 87, 27, '2020-03-01 08:00:00', '2020-03-01 08:00:00', NULL),
(1918, NULL, 87, 28, '2020-03-01 08:00:00', '2020-03-01 08:00:00', NULL),
(1919, NULL, 87, 29, '2020-03-01 08:00:00', '2020-03-01 08:00:00', NULL),
(1920, '0', 87, 30, '2020-03-01 08:00:00', '2020-03-01 08:00:00', NULL),
(1921, NULL, 87, 31, '2020-03-01 08:00:00', '2020-03-01 08:00:00', NULL),
(1922, '0', 87, 32, '2020-03-01 08:00:00', '2020-03-01 08:00:00', NULL),
(1923, '0', 87, 33, '2020-03-01 08:00:00', '2020-03-01 08:00:00', NULL),
(1924, '0', 87, 34, '2020-03-01 08:00:00', '2020-03-01 08:00:00', NULL),
(1925, NULL, 87, 35, '2020-03-01 08:00:00', '2020-03-01 08:00:00', NULL),
(1926, NULL, 87, 36, '2020-03-01 08:00:00', '2020-03-01 08:00:00', NULL),
(1927, NULL, 87, 37, '2020-03-01 08:00:00', '2020-03-01 08:00:00', NULL),
(1928, NULL, 87, 38, '2020-03-01 08:00:00', '2020-03-01 08:00:00', NULL),
(1929, '0', 87, 39, '2020-03-01 08:00:00', '2020-03-01 08:00:00', NULL),
(1930, '0', 87, 40, '2020-03-01 08:00:00', '2020-03-01 08:00:00', NULL),
(1931, NULL, 87, 41, '2020-03-01 08:00:00', '2020-03-01 08:00:00', NULL),
(1932, '0', 87, 42, '2020-03-01 08:00:00', '2020-03-01 08:00:00', NULL),
(1933, NULL, 87, 43, '2020-03-01 08:00:00', '2020-03-01 08:00:00', NULL),
(1934, '0', 88, 25, '2020-04-01 07:00:00', '2020-04-01 07:00:00', NULL),
(1935, NULL, 88, 26, '2020-04-01 07:00:00', '2020-04-01 07:00:00', NULL),
(1936, NULL, 88, 27, '2020-04-01 07:00:00', '2020-04-01 07:00:00', NULL),
(1937, '0', 88, 28, '2020-04-01 07:00:00', '2020-04-01 07:00:00', NULL),
(1938, '0', 88, 29, '2020-04-01 07:00:00', '2020-04-01 07:00:00', NULL),
(1939, '0', 88, 30, '2020-04-01 07:00:00', '2020-04-01 07:00:00', NULL),
(1940, '0', 88, 31, '2020-04-01 07:00:00', '2020-04-01 07:00:00', NULL),
(1941, NULL, 88, 32, '2020-04-01 07:00:00', '2020-04-01 07:00:00', NULL),
(1942, NULL, 88, 33, '2020-04-01 07:00:00', '2020-04-01 07:00:00', NULL),
(1943, '0', 88, 34, '2020-04-01 07:00:00', '2020-04-01 07:00:00', NULL),
(1944, '0', 88, 35, '2020-04-01 07:00:00', '2020-04-01 07:00:00', NULL),
(1945, '0', 88, 36, '2020-04-01 07:00:00', '2020-04-01 07:00:00', NULL),
(1946, NULL, 88, 37, '2020-04-01 07:00:00', '2020-04-01 07:00:00', NULL),
(1947, NULL, 88, 38, '2020-04-01 07:00:00', '2020-04-01 07:00:00', NULL),
(1948, NULL, 88, 39, '2020-04-01 07:00:00', '2020-04-01 07:00:00', NULL),
(1949, '0', 88, 40, '2020-04-01 07:00:00', '2020-04-01 07:00:00', NULL),
(1950, '0', 88, 41, '2020-04-01 07:00:00', '2020-04-01 07:00:00', NULL),
(1951, '0', 88, 42, '2020-04-01 07:00:00', '2020-04-01 07:00:00', NULL),
(1952, '0', 88, 43, '2020-04-01 07:00:00', '2020-04-01 07:00:00', NULL),
(1953, NULL, 89, 25, '2020-01-01 08:00:00', '2020-01-01 08:00:00', NULL),
(1954, NULL, 89, 26, '2020-01-01 08:00:00', '2020-01-01 08:00:00', NULL),
(1955, '0', 89, 27, '2020-01-01 08:00:00', '2020-01-01 08:00:00', NULL),
(1956, '0', 89, 28, '2020-01-01 08:00:00', '2020-01-01 08:00:00', NULL),
(1957, NULL, 89, 29, '2020-01-01 08:00:00', '2020-01-01 08:00:00', NULL),
(1958, '0', 89, 30, '2020-01-01 08:00:00', '2020-01-01 08:00:00', NULL),
(1959, '0', 89, 31, '2020-01-01 08:00:00', '2020-01-01 08:00:00', NULL),
(1960, NULL, 89, 32, '2020-01-01 08:00:00', '2020-01-01 08:00:00', NULL),
(1961, '0', 89, 33, '2020-01-01 08:00:00', '2020-01-01 08:00:00', NULL),
(1962, NULL, 89, 34, '2020-01-01 08:00:00', '2020-01-01 08:00:00', NULL),
(1963, '0', 89, 35, '2020-01-01 08:00:00', '2020-01-01 08:00:00', NULL),
(1964, '0', 89, 36, '2020-01-01 08:00:00', '2020-01-01 08:00:00', NULL),
(1965, '0', 89, 37, '2020-01-01 08:00:00', '2020-01-01 08:00:00', NULL),
(1966, '0', 89, 38, '2020-01-01 08:00:00', '2020-01-01 08:00:00', NULL),
(1967, NULL, 89, 39, '2020-01-01 08:00:00', '2020-01-01 08:00:00', NULL),
(1968, NULL, 89, 40, '2020-01-01 08:00:00', '2020-01-01 08:00:00', NULL),
(1969, NULL, 89, 41, '2020-01-01 08:00:00', '2020-01-01 08:00:00', NULL),
(1970, NULL, 89, 42, '2020-01-01 08:00:00', '2020-01-01 08:00:00', NULL),
(1971, NULL, 89, 43, '2020-01-01 08:00:00', '2020-01-01 08:00:00', NULL),
(1972, NULL, 90, 25, '2020-02-01 08:00:00', '2020-02-01 08:00:00', NULL),
(1973, NULL, 90, 26, '2020-02-01 08:00:00', '2020-02-01 08:00:00', NULL),
(1974, '0', 90, 27, '2020-02-01 08:00:00', '2020-02-01 08:00:00', NULL),
(1975, NULL, 90, 28, '2020-02-01 08:00:00', '2020-02-01 08:00:00', NULL),
(1976, '0', 90, 29, '2020-02-01 08:00:00', '2020-02-01 08:00:00', NULL),
(1977, '0', 90, 30, '2020-02-01 08:00:00', '2020-02-01 08:00:00', NULL),
(1978, '0', 90, 31, '2020-02-01 08:00:00', '2020-02-01 08:00:00', NULL),
(1979, '0', 90, 32, '2020-02-01 08:00:00', '2020-02-01 08:00:00', NULL),
(1980, '0', 90, 33, '2020-02-01 08:00:00', '2020-02-01 08:00:00', NULL),
(1981, NULL, 90, 34, '2020-02-01 08:00:00', '2020-02-01 08:00:00', NULL),
(1982, NULL, 90, 35, '2020-02-01 08:00:00', '2020-02-01 08:00:00', NULL),
(1983, NULL, 90, 36, '2020-02-01 08:00:00', '2020-02-01 08:00:00', NULL),
(1984, NULL, 90, 37, '2020-02-01 08:00:00', '2020-02-01 08:00:00', NULL),
(1985, '0', 90, 38, '2020-02-01 08:00:00', '2020-02-01 08:00:00', NULL),
(1986, NULL, 90, 39, '2020-02-01 08:00:00', '2020-02-01 08:00:00', NULL),
(1987, NULL, 90, 40, '2020-02-01 08:00:00', '2020-02-01 08:00:00', NULL),
(1988, NULL, 90, 41, '2020-02-01 08:00:00', '2020-02-01 08:00:00', NULL),
(1989, '0', 90, 42, '2020-02-01 08:00:00', '2020-02-01 08:00:00', NULL),
(1990, NULL, 90, 43, '2020-02-01 08:00:00', '2020-02-01 08:00:00', NULL),
(1991, '0', 91, 25, '2020-03-01 08:00:00', '2020-03-01 08:00:00', NULL),
(1992, '0', 91, 26, '2020-03-01 08:00:00', '2020-03-01 08:00:00', NULL),
(1993, NULL, 91, 27, '2020-03-01 08:00:00', '2020-03-01 08:00:00', NULL),
(1994, '0', 91, 28, '2020-03-01 08:00:00', '2020-03-01 08:00:00', NULL),
(1995, '0', 91, 29, '2020-03-01 08:00:00', '2020-03-01 08:00:00', NULL),
(1996, NULL, 91, 30, '2020-03-01 08:00:00', '2020-03-01 08:00:00', NULL),
(1997, '0', 91, 31, '2020-03-01 08:00:00', '2020-03-01 08:00:00', NULL),
(1998, NULL, 91, 32, '2020-03-01 08:00:00', '2020-03-01 08:00:00', NULL),
(1999, '0', 91, 33, '2020-03-01 08:00:00', '2020-03-01 08:00:00', NULL),
(2000, '0', 91, 34, '2020-03-01 08:00:00', '2020-03-01 08:00:00', NULL),
(2001, NULL, 91, 35, '2020-03-01 08:00:00', '2020-03-01 08:00:00', NULL),
(2002, '0', 91, 36, '2020-03-01 08:00:00', '2020-03-01 08:00:00', NULL),
(2003, '0', 91, 37, '2020-03-01 08:00:00', '2020-03-01 08:00:00', NULL),
(2004, NULL, 91, 38, '2020-03-01 08:00:00', '2020-03-01 08:00:00', NULL),
(2005, '0', 91, 39, '2020-03-01 08:00:00', '2020-03-01 08:00:00', NULL),
(2006, '0', 91, 40, '2020-03-01 08:00:00', '2020-03-01 08:00:00', NULL),
(2007, NULL, 91, 41, '2020-03-01 08:00:00', '2020-03-01 08:00:00', NULL),
(2008, '0', 91, 42, '2020-03-01 08:00:00', '2020-03-01 08:00:00', NULL),
(2009, '0', 91, 43, '2020-03-01 08:00:00', '2020-03-01 08:00:00', NULL),
(2010, '0', 92, 25, '2020-04-01 07:00:00', '2020-04-01 07:00:00', NULL),
(2011, NULL, 92, 26, '2020-04-01 07:00:00', '2020-04-01 07:00:00', NULL),
(2012, '0', 92, 27, '2020-04-01 07:00:00', '2020-04-01 07:00:00', NULL),
(2013, '0', 92, 28, '2020-04-01 07:00:00', '2020-04-01 07:00:00', NULL),
(2014, '0', 92, 29, '2020-04-01 07:00:00', '2020-04-01 07:00:00', NULL),
(2015, NULL, 92, 30, '2020-04-01 07:00:00', '2020-04-01 07:00:00', NULL),
(2016, '0', 92, 31, '2020-04-01 07:00:00', '2020-04-01 07:00:00', NULL),
(2017, NULL, 92, 32, '2020-04-01 07:00:00', '2020-04-01 07:00:00', NULL),
(2018, NULL, 92, 33, '2020-04-01 07:00:00', '2020-04-01 07:00:00', NULL),
(2019, NULL, 92, 34, '2020-04-01 07:00:00', '2020-04-01 07:00:00', NULL),
(2020, NULL, 92, 35, '2020-04-01 07:00:00', '2020-04-01 07:00:00', NULL),
(2021, NULL, 92, 36, '2020-04-01 07:00:00', '2020-04-01 07:00:00', NULL),
(2022, '0', 92, 37, '2020-04-01 07:00:00', '2020-04-01 07:00:00', NULL),
(2023, '0', 92, 38, '2020-04-01 07:00:00', '2020-04-01 07:00:00', NULL),
(2024, '0', 92, 39, '2020-04-01 07:00:00', '2020-04-01 07:00:00', NULL),
(2025, NULL, 92, 40, '2020-04-01 07:00:00', '2020-04-01 07:00:00', NULL),
(2026, '0', 92, 41, '2020-04-01 07:00:00', '2020-04-01 07:00:00', NULL),
(2027, '0', 92, 42, '2020-04-01 07:00:00', '2020-04-01 07:00:00', NULL),
(2028, '0', 92, 43, '2020-04-01 07:00:00', '2020-04-01 07:00:00', NULL),
(2029, '0', 93, 25, '2020-01-01 08:00:00', '2020-01-01 08:00:00', NULL),
(2030, NULL, 93, 26, '2020-01-01 08:00:00', '2020-01-01 08:00:00', NULL),
(2031, NULL, 93, 27, '2020-01-01 08:00:00', '2020-01-01 08:00:00', NULL),
(2032, NULL, 93, 28, '2020-01-01 08:00:00', '2020-01-01 08:00:00', NULL),
(2033, '0', 93, 29, '2020-01-01 08:00:00', '2020-01-01 08:00:00', NULL),
(2034, NULL, 93, 30, '2020-01-01 08:00:00', '2020-01-01 08:00:00', NULL),
(2035, NULL, 93, 31, '2020-01-01 08:00:00', '2020-01-01 08:00:00', NULL),
(2036, '0', 93, 32, '2020-01-01 08:00:00', '2020-01-01 08:00:00', NULL),
(2037, '0', 93, 33, '2020-01-01 08:00:00', '2020-01-01 08:00:00', NULL),
(2038, NULL, 93, 34, '2020-01-01 08:00:00', '2020-01-01 08:00:00', NULL),
(2039, NULL, 93, 35, '2020-01-01 08:00:00', '2020-01-01 08:00:00', NULL),
(2040, '0', 93, 36, '2020-01-01 08:00:00', '2020-01-01 08:00:00', NULL),
(2041, '0', 93, 37, '2020-01-01 08:00:00', '2020-01-01 08:00:00', NULL),
(2042, NULL, 93, 38, '2020-01-01 08:00:00', '2020-01-01 08:00:00', NULL),
(2043, NULL, 93, 39, '2020-01-01 08:00:00', '2020-01-01 08:00:00', NULL),
(2044, NULL, 93, 40, '2020-01-01 08:00:00', '2020-01-01 08:00:00', NULL),
(2045, NULL, 93, 41, '2020-01-01 08:00:00', '2020-01-01 08:00:00', NULL),
(2046, NULL, 93, 42, '2020-01-01 08:00:00', '2020-01-01 08:00:00', NULL),
(2047, '0', 93, 43, '2020-01-01 08:00:00', '2020-01-01 08:00:00', NULL),
(2048, NULL, 94, 25, '2020-02-01 08:00:00', '2020-02-01 08:00:00', NULL),
(2049, NULL, 94, 26, '2020-02-01 08:00:00', '2020-02-01 08:00:00', NULL),
(2050, NULL, 94, 27, '2020-02-01 08:00:00', '2020-02-01 08:00:00', NULL),
(2051, '0', 94, 28, '2020-02-01 08:00:00', '2020-02-01 08:00:00', NULL),
(2052, '0', 94, 29, '2020-02-01 08:00:00', '2020-02-01 08:00:00', NULL),
(2053, NULL, 94, 30, '2020-02-01 08:00:00', '2020-02-01 08:00:00', NULL),
(2054, NULL, 94, 31, '2020-02-01 08:00:00', '2020-02-01 08:00:00', NULL),
(2055, NULL, 94, 32, '2020-02-01 08:00:00', '2020-02-01 08:00:00', NULL),
(2056, '0', 94, 33, '2020-02-01 08:00:00', '2020-02-01 08:00:00', NULL),
(2057, NULL, 94, 34, '2020-02-01 08:00:00', '2020-02-01 08:00:00', NULL),
(2058, NULL, 94, 35, '2020-02-01 08:00:00', '2020-02-01 08:00:00', NULL),
(2059, NULL, 94, 36, '2020-02-01 08:00:00', '2020-02-01 08:00:00', NULL),
(2060, NULL, 94, 37, '2020-02-01 08:00:00', '2020-02-01 08:00:00', NULL),
(2061, '0', 94, 38, '2020-02-01 08:00:00', '2020-02-01 08:00:00', NULL),
(2062, '0', 94, 39, '2020-02-01 08:00:00', '2020-02-01 08:00:00', NULL),
(2063, NULL, 94, 40, '2020-02-01 08:00:00', '2020-02-01 08:00:00', NULL),
(2064, '0', 94, 41, '2020-02-01 08:00:00', '2020-02-01 08:00:00', NULL),
(2065, '0', 94, 42, '2020-02-01 08:00:00', '2020-02-01 08:00:00', NULL),
(2066, NULL, 94, 43, '2020-02-01 08:00:00', '2020-02-01 08:00:00', NULL),
(2067, NULL, 95, 25, '2020-03-01 08:00:00', '2020-03-01 08:00:00', NULL),
(2068, NULL, 95, 26, '2020-03-01 08:00:00', '2020-03-01 08:00:00', NULL),
(2069, NULL, 95, 27, '2020-03-01 08:00:00', '2020-03-01 08:00:00', NULL),
(2070, '0', 95, 28, '2020-03-01 08:00:00', '2020-03-01 08:00:00', NULL),
(2071, '0', 95, 29, '2020-03-01 08:00:00', '2020-03-01 08:00:00', NULL),
(2072, NULL, 95, 30, '2020-03-01 08:00:00', '2020-03-01 08:00:00', NULL),
(2073, NULL, 95, 31, '2020-03-01 08:00:00', '2020-03-01 08:00:00', NULL),
(2074, NULL, 95, 32, '2020-03-01 08:00:00', '2020-03-01 08:00:00', NULL),
(2075, '0', 95, 33, '2020-03-01 08:00:00', '2020-03-01 08:00:00', NULL),
(2076, NULL, 95, 34, '2020-03-01 08:00:00', '2020-03-01 08:00:00', NULL),
(2077, '0', 95, 35, '2020-03-01 08:00:00', '2020-03-01 08:00:00', NULL),
(2078, NULL, 95, 36, '2020-03-01 08:00:00', '2020-03-01 08:00:00', NULL),
(2079, '0', 95, 37, '2020-03-01 08:00:00', '2020-03-01 08:00:00', NULL),
(2080, NULL, 95, 38, '2020-03-01 08:00:00', '2020-03-01 08:00:00', NULL),
(2081, '0', 95, 39, '2020-03-01 08:00:00', '2020-03-01 08:00:00', NULL),
(2082, '0', 95, 40, '2020-03-01 08:00:00', '2020-03-01 08:00:00', NULL),
(2083, NULL, 95, 41, '2020-03-01 08:00:00', '2020-03-01 08:00:00', NULL),
(2084, NULL, 95, 42, '2020-03-01 08:00:00', '2020-03-01 08:00:00', NULL),
(2085, NULL, 95, 43, '2020-03-01 08:00:00', '2020-03-01 08:00:00', NULL),
(2086, NULL, 96, 25, '2020-04-01 07:00:00', '2020-04-01 07:00:00', NULL),
(2087, '0', 96, 26, '2020-04-01 07:00:00', '2020-04-01 07:00:00', NULL),
(2088, '0', 96, 27, '2020-04-01 07:00:00', '2020-04-01 07:00:00', NULL),
(2089, NULL, 96, 28, '2020-04-01 07:00:00', '2020-04-01 07:00:00', NULL),
(2090, NULL, 96, 29, '2020-04-01 07:00:00', '2020-04-01 07:00:00', NULL),
(2091, '0', 96, 30, '2020-04-01 07:00:00', '2020-04-01 07:00:00', NULL),
(2092, '0', 96, 31, '2020-04-01 07:00:00', '2020-04-01 07:00:00', NULL),
(2093, NULL, 96, 32, '2020-04-01 07:00:00', '2020-04-01 07:00:00', NULL),
(2094, NULL, 96, 33, '2020-04-01 07:00:00', '2020-04-01 07:00:00', NULL),
(2095, NULL, 96, 34, '2020-04-01 07:00:00', '2020-04-01 07:00:00', NULL),
(2096, '0', 96, 35, '2020-04-01 07:00:00', '2020-04-01 07:00:00', NULL),
(2097, '0', 96, 36, '2020-04-01 07:00:00', '2020-04-01 07:00:00', NULL),
(2098, NULL, 96, 37, '2020-04-01 07:00:00', '2020-04-01 07:00:00', NULL),
(2099, '0', 96, 38, '2020-04-01 07:00:00', '2020-04-01 07:00:00', NULL),
(2100, NULL, 96, 39, '2020-04-01 07:00:00', '2020-04-01 07:00:00', NULL),
(2101, NULL, 96, 40, '2020-04-01 07:00:00', '2020-04-01 07:00:00', NULL),
(2102, '0', 96, 41, '2020-04-01 07:00:00', '2020-04-01 07:00:00', NULL),
(2103, '0', 96, 42, '2020-04-01 07:00:00', '2020-04-01 07:00:00', NULL),
(2104, '0', 96, 43, '2020-04-01 07:00:00', '2020-04-01 07:00:00', NULL),
(2105, '0', 97, 25, '2020-01-01 08:00:00', '2020-01-01 08:00:00', NULL),
(2106, NULL, 97, 26, '2020-01-01 08:00:00', '2020-01-01 08:00:00', NULL),
(2107, NULL, 97, 27, '2020-01-01 08:00:00', '2020-01-01 08:00:00', NULL),
(2108, '0', 97, 28, '2020-01-01 08:00:00', '2020-01-01 08:00:00', NULL),
(2109, '0', 97, 29, '2020-01-01 08:00:00', '2020-01-01 08:00:00', NULL),
(2110, NULL, 97, 30, '2020-01-01 08:00:00', '2020-01-01 08:00:00', NULL),
(2111, '0', 97, 31, '2020-01-01 08:00:00', '2020-01-01 08:00:00', NULL),
(2112, NULL, 97, 32, '2020-01-01 08:00:00', '2020-01-01 08:00:00', NULL),
(2113, '0', 97, 33, '2020-01-01 08:00:00', '2020-01-01 08:00:00', NULL),
(2114, '0', 97, 34, '2020-01-01 08:00:00', '2020-01-01 08:00:00', NULL),
(2115, '0', 97, 35, '2020-01-01 08:00:00', '2020-01-01 08:00:00', NULL),
(2116, '0', 97, 36, '2020-01-01 08:00:00', '2020-01-01 08:00:00', NULL);
INSERT INTO `journal_records` (`id`, `value`, `column_id`, `student_id`, `created_at`, `updated_at`, `deleted_at`) VALUES
(2117, NULL, 97, 37, '2020-01-01 08:00:00', '2020-01-01 08:00:00', NULL),
(2118, '0', 97, 38, '2020-01-01 08:00:00', '2020-01-01 08:00:00', NULL),
(2119, '0', 97, 39, '2020-01-01 08:00:00', '2020-01-01 08:00:00', NULL),
(2120, NULL, 97, 40, '2020-01-01 08:00:00', '2020-01-01 08:00:00', NULL),
(2121, '0', 97, 41, '2020-01-01 08:00:00', '2020-01-01 08:00:00', NULL),
(2122, '0', 97, 42, '2020-01-01 08:00:00', '2020-01-01 08:00:00', NULL),
(2123, '0', 97, 43, '2020-01-01 08:00:00', '2020-01-01 08:00:00', NULL),
(2124, NULL, 98, 25, '2020-02-01 08:00:00', '2020-02-01 08:00:00', NULL),
(2125, '0', 98, 26, '2020-02-01 08:00:00', '2020-02-01 08:00:00', NULL),
(2126, NULL, 98, 27, '2020-02-01 08:00:00', '2020-02-01 08:00:00', NULL),
(2127, NULL, 98, 28, '2020-02-01 08:00:00', '2020-02-01 08:00:00', NULL),
(2128, NULL, 98, 29, '2020-02-01 08:00:00', '2020-02-01 08:00:00', NULL),
(2129, NULL, 98, 30, '2020-02-01 08:00:00', '2020-02-01 08:00:00', NULL),
(2130, '0', 98, 31, '2020-02-01 08:00:00', '2020-02-01 08:00:00', NULL),
(2131, NULL, 98, 32, '2020-02-01 08:00:00', '2020-02-01 08:00:00', NULL),
(2132, NULL, 98, 33, '2020-02-01 08:00:00', '2020-02-01 08:00:00', NULL),
(2133, '0', 98, 34, '2020-02-01 08:00:00', '2020-02-01 08:00:00', NULL),
(2134, '0', 98, 35, '2020-02-01 08:00:00', '2020-02-01 08:00:00', NULL),
(2135, NULL, 98, 36, '2020-02-01 08:00:00', '2020-02-01 08:00:00', NULL),
(2136, NULL, 98, 37, '2020-02-01 08:00:00', '2020-02-01 08:00:00', NULL),
(2137, NULL, 98, 38, '2020-02-01 08:00:00', '2020-02-01 08:00:00', NULL),
(2138, '0', 98, 39, '2020-02-01 08:00:00', '2020-02-01 08:00:00', NULL),
(2139, NULL, 98, 40, '2020-02-01 08:00:00', '2020-02-01 08:00:00', NULL),
(2140, NULL, 98, 41, '2020-02-01 08:00:00', '2020-02-01 08:00:00', NULL),
(2141, NULL, 98, 42, '2020-02-01 08:00:00', '2020-02-01 08:00:00', NULL),
(2142, NULL, 98, 43, '2020-02-01 08:00:00', '2020-02-01 08:00:00', NULL),
(2143, '0', 99, 25, '2020-03-01 08:00:00', '2020-03-01 08:00:00', NULL),
(2144, '0', 99, 26, '2020-03-01 08:00:00', '2020-03-01 08:00:00', NULL),
(2145, '0', 99, 27, '2020-03-01 08:00:00', '2020-03-01 08:00:00', NULL),
(2146, '0', 99, 28, '2020-03-01 08:00:00', '2020-03-01 08:00:00', NULL),
(2147, '0', 99, 29, '2020-03-01 08:00:00', '2020-03-01 08:00:00', NULL),
(2148, NULL, 99, 30, '2020-03-01 08:00:00', '2020-03-01 08:00:00', NULL),
(2149, NULL, 99, 31, '2020-03-01 08:00:00', '2020-03-01 08:00:00', NULL),
(2150, '0', 99, 32, '2020-03-01 08:00:00', '2020-03-01 08:00:00', NULL),
(2151, '0', 99, 33, '2020-03-01 08:00:00', '2020-03-01 08:00:00', NULL),
(2152, NULL, 99, 34, '2020-03-01 08:00:00', '2020-03-01 08:00:00', NULL),
(2153, NULL, 99, 35, '2020-03-01 08:00:00', '2020-03-01 08:00:00', NULL),
(2154, '0', 99, 36, '2020-03-01 08:00:00', '2020-03-01 08:00:00', NULL),
(2155, '0', 99, 37, '2020-03-01 08:00:00', '2020-03-01 08:00:00', NULL),
(2156, NULL, 99, 38, '2020-03-01 08:00:00', '2020-03-01 08:00:00', NULL),
(2157, NULL, 99, 39, '2020-03-01 08:00:00', '2020-03-01 08:00:00', NULL),
(2158, '0', 99, 40, '2020-03-01 08:00:00', '2020-03-01 08:00:00', NULL),
(2159, '0', 99, 41, '2020-03-01 08:00:00', '2020-03-01 08:00:00', NULL),
(2160, NULL, 99, 42, '2020-03-01 08:00:00', '2020-03-01 08:00:00', NULL),
(2161, NULL, 99, 43, '2020-03-01 08:00:00', '2020-03-01 08:00:00', NULL),
(2162, '0', 100, 25, '2020-04-01 07:00:00', '2020-04-01 07:00:00', NULL),
(2163, NULL, 100, 26, '2020-04-01 07:00:00', '2020-04-01 07:00:00', NULL),
(2164, '0', 100, 27, '2020-04-01 07:00:00', '2020-04-01 07:00:00', NULL),
(2165, NULL, 100, 28, '2020-04-01 07:00:00', '2020-04-01 07:00:00', NULL),
(2166, NULL, 100, 29, '2020-04-01 07:00:00', '2020-04-01 07:00:00', NULL),
(2167, NULL, 100, 30, '2020-04-01 07:00:00', '2020-04-01 07:00:00', NULL),
(2168, '0', 100, 31, '2020-04-01 07:00:00', '2020-04-01 07:00:00', NULL),
(2169, '0', 100, 32, '2020-04-01 07:00:00', '2020-04-01 07:00:00', NULL),
(2170, NULL, 100, 33, '2020-04-01 07:00:00', '2020-04-01 07:00:00', NULL),
(2171, '0', 100, 34, '2020-04-01 07:00:00', '2020-04-01 07:00:00', NULL),
(2172, '0', 100, 35, '2020-04-01 07:00:00', '2020-04-01 07:00:00', NULL),
(2173, NULL, 100, 36, '2020-04-01 07:00:00', '2020-04-01 07:00:00', NULL),
(2174, '0', 100, 37, '2020-04-01 07:00:00', '2020-04-01 07:00:00', NULL),
(2175, '0', 100, 38, '2020-04-01 07:00:00', '2020-04-01 07:00:00', NULL),
(2176, NULL, 100, 39, '2020-04-01 07:00:00', '2020-04-01 07:00:00', NULL),
(2177, '0', 100, 40, '2020-04-01 07:00:00', '2020-04-01 07:00:00', NULL),
(2178, '0', 100, 41, '2020-04-01 07:00:00', '2020-04-01 07:00:00', NULL),
(2179, NULL, 100, 42, '2020-04-01 07:00:00', '2020-04-01 07:00:00', NULL),
(2180, '0', 100, 43, '2020-04-01 07:00:00', '2020-04-01 07:00:00', NULL),
(2181, NULL, 101, 25, '2020-01-01 08:00:00', '2020-01-01 08:00:00', NULL),
(2182, '0', 101, 26, '2020-01-01 08:00:00', '2020-01-01 08:00:00', NULL),
(2183, NULL, 101, 27, '2020-01-01 08:00:00', '2020-01-01 08:00:00', NULL),
(2184, '0', 101, 28, '2020-01-01 08:00:00', '2020-01-01 08:00:00', NULL),
(2185, NULL, 101, 29, '2020-01-01 08:00:00', '2020-01-01 08:00:00', NULL),
(2186, NULL, 101, 30, '2020-01-01 08:00:00', '2020-01-01 08:00:00', NULL),
(2187, '0', 101, 31, '2020-01-01 08:00:00', '2020-01-01 08:00:00', NULL),
(2188, '0', 101, 32, '2020-01-01 08:00:00', '2020-01-01 08:00:00', NULL),
(2189, '0', 101, 33, '2020-01-01 08:00:00', '2020-01-01 08:00:00', NULL),
(2190, NULL, 101, 34, '2020-01-01 08:00:00', '2020-01-01 08:00:00', NULL),
(2191, NULL, 101, 35, '2020-01-01 08:00:00', '2020-01-01 08:00:00', NULL),
(2192, '0', 101, 36, '2020-01-01 08:00:00', '2020-01-01 08:00:00', NULL),
(2193, NULL, 101, 37, '2020-01-01 08:00:00', '2020-01-01 08:00:00', NULL),
(2194, NULL, 101, 38, '2020-01-01 08:00:00', '2020-01-01 08:00:00', NULL),
(2195, '0', 101, 39, '2020-01-01 08:00:00', '2020-01-01 08:00:00', NULL),
(2196, '0', 101, 40, '2020-01-01 08:00:00', '2020-01-01 08:00:00', NULL),
(2197, NULL, 101, 41, '2020-01-01 08:00:00', '2020-01-01 08:00:00', NULL),
(2198, '0', 101, 42, '2020-01-01 08:00:00', '2020-01-01 08:00:00', NULL),
(2199, NULL, 101, 43, '2020-01-01 08:00:00', '2020-01-01 08:00:00', NULL),
(2200, NULL, 102, 25, '2020-02-01 08:00:00', '2020-02-01 08:00:00', NULL),
(2201, '0', 102, 26, '2020-02-01 08:00:00', '2020-02-01 08:00:00', NULL),
(2202, '0', 102, 27, '2020-02-01 08:00:00', '2020-02-01 08:00:00', NULL),
(2203, '0', 102, 28, '2020-02-01 08:00:00', '2020-02-01 08:00:00', NULL),
(2204, '0', 102, 29, '2020-02-01 08:00:00', '2020-02-01 08:00:00', NULL),
(2205, NULL, 102, 30, '2020-02-01 08:00:00', '2020-02-01 08:00:00', NULL),
(2206, '0', 102, 31, '2020-02-01 08:00:00', '2020-02-01 08:00:00', NULL),
(2207, '0', 102, 32, '2020-02-01 08:00:00', '2020-02-01 08:00:00', NULL),
(2208, '0', 102, 33, '2020-02-01 08:00:00', '2020-02-01 08:00:00', NULL),
(2209, NULL, 102, 34, '2020-02-01 08:00:00', '2020-02-01 08:00:00', NULL),
(2210, '0', 102, 35, '2020-02-01 08:00:00', '2020-02-01 08:00:00', NULL),
(2211, NULL, 102, 36, '2020-02-01 08:00:00', '2020-02-01 08:00:00', NULL),
(2212, '0', 102, 37, '2020-02-01 08:00:00', '2020-02-01 08:00:00', NULL),
(2213, '0', 102, 38, '2020-02-01 08:00:00', '2020-02-01 08:00:00', NULL),
(2214, '0', 102, 39, '2020-02-01 08:00:00', '2020-02-01 08:00:00', NULL),
(2215, NULL, 102, 40, '2020-02-01 08:00:00', '2020-02-01 08:00:00', NULL),
(2216, '0', 102, 41, '2020-02-01 08:00:00', '2020-02-01 08:00:00', NULL),
(2217, NULL, 102, 42, '2020-02-01 08:00:00', '2020-02-01 08:00:00', NULL),
(2218, '0', 102, 43, '2020-02-01 08:00:00', '2020-02-01 08:00:00', NULL),
(2219, NULL, 103, 25, '2020-03-01 08:00:00', '2020-03-01 08:00:00', NULL),
(2220, '0', 103, 26, '2020-03-01 08:00:00', '2020-03-01 08:00:00', NULL),
(2221, '0', 103, 27, '2020-03-01 08:00:00', '2020-03-01 08:00:00', NULL),
(2222, NULL, 103, 28, '2020-03-01 08:00:00', '2020-03-01 08:00:00', NULL),
(2223, NULL, 103, 29, '2020-03-01 08:00:00', '2020-03-01 08:00:00', NULL),
(2224, '0', 103, 30, '2020-03-01 08:00:00', '2020-03-01 08:00:00', NULL),
(2225, NULL, 103, 31, '2020-03-01 08:00:00', '2020-03-01 08:00:00', NULL),
(2226, '0', 103, 32, '2020-03-01 08:00:00', '2020-03-01 08:00:00', NULL),
(2227, NULL, 103, 33, '2020-03-01 08:00:00', '2020-03-01 08:00:00', NULL),
(2228, NULL, 103, 34, '2020-03-01 08:00:00', '2020-03-01 08:00:00', NULL),
(2229, '0', 103, 35, '2020-03-01 08:00:00', '2020-03-01 08:00:00', NULL),
(2230, NULL, 103, 36, '2020-03-01 08:00:00', '2020-03-01 08:00:00', NULL),
(2231, '0', 103, 37, '2020-03-01 08:00:00', '2020-03-01 08:00:00', NULL),
(2232, '0', 103, 38, '2020-03-01 08:00:00', '2020-03-01 08:00:00', NULL),
(2233, '0', 103, 39, '2020-03-01 08:00:00', '2020-03-01 08:00:00', NULL),
(2234, NULL, 103, 40, '2020-03-01 08:00:00', '2020-03-01 08:00:00', NULL),
(2235, NULL, 103, 41, '2020-03-01 08:00:00', '2020-03-01 08:00:00', NULL),
(2236, NULL, 103, 42, '2020-03-01 08:00:00', '2020-03-01 08:00:00', NULL),
(2237, '0', 103, 43, '2020-03-01 08:00:00', '2020-03-01 08:00:00', NULL),
(2238, NULL, 104, 25, '2020-04-01 07:00:00', '2020-04-01 07:00:00', NULL),
(2239, '0', 104, 26, '2020-04-01 07:00:00', '2020-04-01 07:00:00', NULL),
(2240, '0', 104, 27, '2020-04-01 07:00:00', '2020-04-01 07:00:00', NULL),
(2241, '0', 104, 28, '2020-04-01 07:00:00', '2020-04-01 07:00:00', NULL),
(2242, '0', 104, 29, '2020-04-01 07:00:00', '2020-04-01 07:00:00', NULL),
(2243, NULL, 104, 30, '2020-04-01 07:00:00', '2020-04-01 07:00:00', NULL),
(2244, '0', 104, 31, '2020-04-01 07:00:00', '2020-04-01 07:00:00', NULL),
(2245, NULL, 104, 32, '2020-04-01 07:00:00', '2020-04-01 07:00:00', NULL),
(2246, NULL, 104, 33, '2020-04-01 07:00:00', '2020-04-01 07:00:00', NULL),
(2247, NULL, 104, 34, '2020-04-01 07:00:00', '2020-04-01 07:00:00', NULL),
(2248, '0', 104, 35, '2020-04-01 07:00:00', '2020-04-01 07:00:00', NULL),
(2249, '0', 104, 36, '2020-04-01 07:00:00', '2020-04-01 07:00:00', NULL),
(2250, NULL, 104, 37, '2020-04-01 07:00:00', '2020-04-01 07:00:00', NULL),
(2251, '0', 104, 38, '2020-04-01 07:00:00', '2020-04-01 07:00:00', NULL),
(2252, NULL, 104, 39, '2020-04-01 07:00:00', '2020-04-01 07:00:00', NULL),
(2253, NULL, 104, 40, '2020-04-01 07:00:00', '2020-04-01 07:00:00', NULL),
(2254, NULL, 104, 41, '2020-04-01 07:00:00', '2020-04-01 07:00:00', NULL),
(2255, NULL, 104, 42, '2020-04-01 07:00:00', '2020-04-01 07:00:00', NULL),
(2256, NULL, 104, 43, '2020-04-01 07:00:00', '2020-04-01 07:00:00', NULL),
(2257, NULL, 105, 25, '2020-01-01 08:00:00', '2020-01-01 08:00:00', NULL),
(2258, NULL, 105, 26, '2020-01-01 08:00:00', '2020-01-01 08:00:00', NULL),
(2259, NULL, 105, 27, '2020-01-01 08:00:00', '2020-01-01 08:00:00', NULL),
(2260, '0', 105, 28, '2020-01-01 08:00:00', '2020-01-01 08:00:00', NULL),
(2261, '0', 105, 29, '2020-01-01 08:00:00', '2020-01-01 08:00:00', NULL),
(2262, NULL, 105, 30, '2020-01-01 08:00:00', '2020-01-01 08:00:00', NULL),
(2263, '0', 105, 31, '2020-01-01 08:00:00', '2020-01-01 08:00:00', NULL),
(2264, '0', 105, 32, '2020-01-01 08:00:00', '2020-01-01 08:00:00', NULL),
(2265, NULL, 105, 33, '2020-01-01 08:00:00', '2020-01-01 08:00:00', NULL),
(2266, '0', 105, 34, '2020-01-01 08:00:00', '2020-01-01 08:00:00', NULL),
(2267, '0', 105, 35, '2020-01-01 08:00:00', '2020-01-01 08:00:00', NULL),
(2268, '0', 105, 36, '2020-01-01 08:00:00', '2020-01-01 08:00:00', NULL),
(2269, '0', 105, 37, '2020-01-01 08:00:00', '2020-01-01 08:00:00', NULL),
(2270, NULL, 105, 38, '2020-01-01 08:00:00', '2020-01-01 08:00:00', NULL),
(2271, NULL, 105, 39, '2020-01-01 08:00:00', '2020-01-01 08:00:00', NULL),
(2272, NULL, 105, 40, '2020-01-01 08:00:00', '2020-01-01 08:00:00', NULL),
(2273, NULL, 105, 41, '2020-01-01 08:00:00', '2020-01-01 08:00:00', NULL),
(2274, NULL, 105, 42, '2020-01-01 08:00:00', '2020-01-01 08:00:00', NULL),
(2275, '0', 105, 43, '2020-01-01 08:00:00', '2020-01-01 08:00:00', NULL),
(2276, '0', 106, 25, '2020-02-01 08:00:00', '2020-02-01 08:00:00', NULL),
(2277, NULL, 106, 26, '2020-02-01 08:00:00', '2020-02-01 08:00:00', NULL),
(2278, NULL, 106, 27, '2020-02-01 08:00:00', '2020-02-01 08:00:00', NULL),
(2279, '0', 106, 28, '2020-02-01 08:00:00', '2020-02-01 08:00:00', NULL),
(2280, '0', 106, 29, '2020-02-01 08:00:00', '2020-02-01 08:00:00', NULL),
(2281, '0', 106, 30, '2020-02-01 08:00:00', '2020-02-01 08:00:00', NULL),
(2282, NULL, 106, 31, '2020-02-01 08:00:00', '2020-02-01 08:00:00', NULL),
(2283, '0', 106, 32, '2020-02-01 08:00:00', '2020-02-01 08:00:00', NULL),
(2284, '0', 106, 33, '2020-02-01 08:00:00', '2020-02-01 08:00:00', NULL),
(2285, NULL, 106, 34, '2020-02-01 08:00:00', '2020-02-01 08:00:00', NULL),
(2286, NULL, 106, 35, '2020-02-01 08:00:00', '2020-02-01 08:00:00', NULL),
(2287, '0', 106, 36, '2020-02-01 08:00:00', '2020-02-01 08:00:00', NULL),
(2288, NULL, 106, 37, '2020-02-01 08:00:00', '2020-02-01 08:00:00', NULL),
(2289, '0', 106, 38, '2020-02-01 08:00:00', '2020-02-01 08:00:00', NULL),
(2290, NULL, 106, 39, '2020-02-01 08:00:00', '2020-02-01 08:00:00', NULL),
(2291, '0', 106, 40, '2020-02-01 08:00:00', '2020-02-01 08:00:00', NULL),
(2292, '0', 106, 41, '2020-02-01 08:00:00', '2020-02-01 08:00:00', NULL),
(2293, '0', 106, 42, '2020-02-01 08:00:00', '2020-02-01 08:00:00', NULL),
(2294, NULL, 106, 43, '2020-02-01 08:00:00', '2020-02-01 08:00:00', NULL),
(2295, NULL, 107, 25, '2020-03-01 08:00:00', '2020-03-01 08:00:00', NULL),
(2296, NULL, 107, 26, '2020-03-01 08:00:00', '2020-03-01 08:00:00', NULL),
(2297, '0', 107, 27, '2020-03-01 08:00:00', '2020-03-01 08:00:00', NULL),
(2298, NULL, 107, 28, '2020-03-01 08:00:00', '2020-03-01 08:00:00', NULL),
(2299, NULL, 107, 29, '2020-03-01 08:00:00', '2020-03-01 08:00:00', NULL),
(2300, '0', 107, 30, '2020-03-01 08:00:00', '2020-03-01 08:00:00', NULL),
(2301, NULL, 107, 31, '2020-03-01 08:00:00', '2020-03-01 08:00:00', NULL),
(2302, '0', 107, 32, '2020-03-01 08:00:00', '2020-03-01 08:00:00', NULL),
(2303, '0', 107, 33, '2020-03-01 08:00:00', '2020-03-01 08:00:00', NULL),
(2304, NULL, 107, 34, '2020-03-01 08:00:00', '2020-03-01 08:00:00', NULL),
(2305, NULL, 107, 35, '2020-03-01 08:00:00', '2020-03-01 08:00:00', NULL),
(2306, '0', 107, 36, '2020-03-01 08:00:00', '2020-03-01 08:00:00', NULL),
(2307, NULL, 107, 37, '2020-03-01 08:00:00', '2020-03-01 08:00:00', NULL),
(2308, '0', 107, 38, '2020-03-01 08:00:00', '2020-03-01 08:00:00', NULL),
(2309, NULL, 107, 39, '2020-03-01 08:00:00', '2020-03-01 08:00:00', NULL),
(2310, '0', 107, 40, '2020-03-01 08:00:00', '2020-03-01 08:00:00', NULL),
(2311, NULL, 107, 41, '2020-03-01 08:00:00', '2020-03-01 08:00:00', NULL),
(2312, NULL, 107, 42, '2020-03-01 08:00:00', '2020-03-01 08:00:00', NULL),
(2313, NULL, 107, 43, '2020-03-01 08:00:00', '2020-03-01 08:00:00', NULL),
(2314, '0', 108, 25, '2020-04-01 07:00:00', '2020-04-01 07:00:00', NULL),
(2315, NULL, 108, 26, '2020-04-01 07:00:00', '2020-04-01 07:00:00', NULL),
(2316, NULL, 108, 27, '2020-04-01 07:00:00', '2020-04-01 07:00:00', NULL),
(2317, NULL, 108, 28, '2020-04-01 07:00:00', '2020-04-01 07:00:00', NULL),
(2318, NULL, 108, 29, '2020-04-01 07:00:00', '2020-04-01 07:00:00', NULL),
(2319, '0', 108, 30, '2020-04-01 07:00:00', '2020-04-01 07:00:00', NULL),
(2320, NULL, 108, 31, '2020-04-01 07:00:00', '2020-04-01 07:00:00', NULL),
(2321, '0', 108, 32, '2020-04-01 07:00:00', '2020-04-01 07:00:00', NULL),
(2322, NULL, 108, 33, '2020-04-01 07:00:00', '2020-04-01 07:00:00', NULL),
(2323, NULL, 108, 34, '2020-04-01 07:00:00', '2020-04-01 07:00:00', NULL),
(2324, '0', 108, 35, '2020-04-01 07:00:00', '2020-04-01 07:00:00', NULL),
(2325, NULL, 108, 36, '2020-04-01 07:00:00', '2020-04-01 07:00:00', NULL),
(2326, '0', 108, 37, '2020-04-01 07:00:00', '2020-04-01 07:00:00', NULL),
(2327, '0', 108, 38, '2020-04-01 07:00:00', '2020-04-01 07:00:00', NULL),
(2328, NULL, 108, 39, '2020-04-01 07:00:00', '2020-04-01 07:00:00', NULL),
(2329, NULL, 108, 40, '2020-04-01 07:00:00', '2020-04-01 07:00:00', NULL),
(2330, NULL, 108, 41, '2020-04-01 07:00:00', '2020-04-01 07:00:00', NULL),
(2331, '0', 108, 42, '2020-04-01 07:00:00', '2020-04-01 07:00:00', NULL),
(2332, NULL, 108, 43, '2020-04-01 07:00:00', '2020-04-01 07:00:00', NULL),
(2333, NULL, 109, 25, '2020-01-01 08:00:00', '2020-01-01 08:00:00', NULL),
(2334, '0', 109, 26, '2020-01-01 08:00:00', '2020-01-01 08:00:00', NULL),
(2335, NULL, 109, 27, '2020-01-01 08:00:00', '2020-01-01 08:00:00', NULL),
(2336, '0', 109, 28, '2020-01-01 08:00:00', '2020-01-01 08:00:00', NULL),
(2337, NULL, 109, 29, '2020-01-01 08:00:00', '2020-01-01 08:00:00', NULL),
(2338, NULL, 109, 30, '2020-01-01 08:00:00', '2020-01-01 08:00:00', NULL),
(2339, NULL, 109, 31, '2020-01-01 08:00:00', '2020-01-01 08:00:00', NULL),
(2340, NULL, 109, 32, '2020-01-01 08:00:00', '2020-01-01 08:00:00', NULL),
(2341, NULL, 109, 33, '2020-01-01 08:00:00', '2020-01-01 08:00:00', NULL),
(2342, NULL, 109, 34, '2020-01-01 08:00:00', '2020-01-01 08:00:00', NULL),
(2343, '0', 109, 35, '2020-01-01 08:00:00', '2020-01-01 08:00:00', NULL),
(2344, NULL, 109, 36, '2020-01-01 08:00:00', '2020-01-01 08:00:00', NULL),
(2345, NULL, 109, 37, '2020-01-01 08:00:00', '2020-01-01 08:00:00', NULL),
(2346, NULL, 109, 38, '2020-01-01 08:00:00', '2020-01-01 08:00:00', NULL),
(2347, '0', 109, 39, '2020-01-01 08:00:00', '2020-01-01 08:00:00', NULL),
(2348, NULL, 109, 40, '2020-01-01 08:00:00', '2020-01-01 08:00:00', NULL),
(2349, NULL, 109, 41, '2020-01-01 08:00:00', '2020-01-01 08:00:00', NULL),
(2350, NULL, 109, 42, '2020-01-01 08:00:00', '2020-01-01 08:00:00', NULL),
(2351, NULL, 109, 43, '2020-01-01 08:00:00', '2020-01-01 08:00:00', NULL),
(2352, NULL, 110, 25, '2020-02-01 08:00:00', '2020-02-01 08:00:00', NULL),
(2353, NULL, 110, 26, '2020-02-01 08:00:00', '2020-02-01 08:00:00', NULL),
(2354, NULL, 110, 27, '2020-02-01 08:00:00', '2020-02-01 08:00:00', NULL),
(2355, '0', 110, 28, '2020-02-01 08:00:00', '2020-02-01 08:00:00', NULL),
(2356, NULL, 110, 29, '2020-02-01 08:00:00', '2020-02-01 08:00:00', NULL),
(2357, '0', 110, 30, '2020-02-01 08:00:00', '2020-02-01 08:00:00', NULL),
(2358, '0', 110, 31, '2020-02-01 08:00:00', '2020-02-01 08:00:00', NULL),
(2359, NULL, 110, 32, '2020-02-01 08:00:00', '2020-02-01 08:00:00', NULL),
(2360, NULL, 110, 33, '2020-02-01 08:00:00', '2020-02-01 08:00:00', NULL),
(2361, NULL, 110, 34, '2020-02-01 08:00:00', '2020-02-01 08:00:00', NULL),
(2362, '0', 110, 35, '2020-02-01 08:00:00', '2020-02-01 08:00:00', NULL),
(2363, NULL, 110, 36, '2020-02-01 08:00:00', '2020-02-01 08:00:00', NULL),
(2364, '0', 110, 37, '2020-02-01 08:00:00', '2020-02-01 08:00:00', NULL),
(2365, NULL, 110, 38, '2020-02-01 08:00:00', '2020-02-01 08:00:00', NULL),
(2366, '0', 110, 39, '2020-02-01 08:00:00', '2020-02-01 08:00:00', NULL),
(2367, '0', 110, 40, '2020-02-01 08:00:00', '2020-02-01 08:00:00', NULL),
(2368, '0', 110, 41, '2020-02-01 08:00:00', '2020-02-01 08:00:00', NULL),
(2369, '0', 110, 42, '2020-02-01 08:00:00', '2020-02-01 08:00:00', NULL),
(2370, NULL, 110, 43, '2020-02-01 08:00:00', '2020-02-01 08:00:00', NULL),
(2371, '0', 111, 25, '2020-03-01 08:00:00', '2020-03-01 08:00:00', NULL),
(2372, '0', 111, 26, '2020-03-01 08:00:00', '2020-03-01 08:00:00', NULL),
(2373, NULL, 111, 27, '2020-03-01 08:00:00', '2020-03-01 08:00:00', NULL),
(2374, '0', 111, 28, '2020-03-01 08:00:00', '2020-03-01 08:00:00', NULL),
(2375, '0', 111, 29, '2020-03-01 08:00:00', '2020-03-01 08:00:00', NULL),
(2376, '0', 111, 30, '2020-03-01 08:00:00', '2020-03-01 08:00:00', NULL),
(2377, '0', 111, 31, '2020-03-01 08:00:00', '2020-03-01 08:00:00', NULL),
(2378, '0', 111, 32, '2020-03-01 08:00:00', '2020-03-01 08:00:00', NULL),
(2379, '0', 111, 33, '2020-03-01 08:00:00', '2020-03-01 08:00:00', NULL),
(2380, NULL, 111, 34, '2020-03-01 08:00:00', '2020-03-01 08:00:00', NULL),
(2381, '0', 111, 35, '2020-03-01 08:00:00', '2020-03-01 08:00:00', NULL),
(2382, '0', 111, 36, '2020-03-01 08:00:00', '2020-03-01 08:00:00', NULL),
(2383, '0', 111, 37, '2020-03-01 08:00:00', '2020-03-01 08:00:00', NULL),
(2384, NULL, 111, 38, '2020-03-01 08:00:00', '2020-03-01 08:00:00', NULL),
(2385, NULL, 111, 39, '2020-03-01 08:00:00', '2020-03-01 08:00:00', NULL),
(2386, NULL, 111, 40, '2020-03-01 08:00:00', '2020-03-01 08:00:00', NULL),
(2387, NULL, 111, 41, '2020-03-01 08:00:00', '2020-03-01 08:00:00', NULL),
(2388, '0', 111, 42, '2020-03-01 08:00:00', '2020-03-01 08:00:00', NULL),
(2389, NULL, 111, 43, '2020-03-01 08:00:00', '2020-03-01 08:00:00', NULL),
(2390, NULL, 112, 25, '2020-04-01 07:00:00', '2020-04-01 07:00:00', NULL),
(2391, NULL, 112, 26, '2020-04-01 07:00:00', '2020-04-01 07:00:00', NULL),
(2392, NULL, 112, 27, '2020-04-01 07:00:00', '2020-04-01 07:00:00', NULL),
(2393, '0', 112, 28, '2020-04-01 07:00:00', '2020-04-01 07:00:00', NULL),
(2394, '0', 112, 29, '2020-04-01 07:00:00', '2020-04-01 07:00:00', NULL),
(2395, '0', 112, 30, '2020-04-01 07:00:00', '2020-04-01 07:00:00', NULL),
(2396, NULL, 112, 31, '2020-04-01 07:00:00', '2020-04-01 07:00:00', NULL),
(2397, NULL, 112, 32, '2020-04-01 07:00:00', '2020-04-01 07:00:00', NULL),
(2398, NULL, 112, 33, '2020-04-01 07:00:00', '2020-04-01 07:00:00', NULL),
(2399, NULL, 112, 34, '2020-04-01 07:00:00', '2020-04-01 07:00:00', NULL),
(2400, '0', 112, 35, '2020-04-01 07:00:00', '2020-04-01 07:00:00', NULL),
(2401, NULL, 112, 36, '2020-04-01 07:00:00', '2020-04-01 07:00:00', NULL),
(2402, '0', 112, 37, '2020-04-01 07:00:00', '2020-04-01 07:00:00', NULL),
(2403, '0', 112, 38, '2020-04-01 07:00:00', '2020-04-01 07:00:00', NULL),
(2404, NULL, 112, 39, '2020-04-01 07:00:00', '2020-04-01 07:00:00', NULL),
(2405, '0', 112, 40, '2020-04-01 07:00:00', '2020-04-01 07:00:00', NULL),
(2406, NULL, 112, 41, '2020-04-01 07:00:00', '2020-04-01 07:00:00', NULL),
(2407, '0', 112, 42, '2020-04-01 07:00:00', '2020-04-01 07:00:00', NULL),
(2408, '0', 112, 43, '2020-04-01 07:00:00', '2020-04-01 07:00:00', NULL),
(2409, NULL, 113, 44, '2020-01-01 08:00:00', '2020-01-01 08:00:00', NULL),
(2410, NULL, 113, 45, '2020-01-01 08:00:00', '2020-01-01 08:00:00', NULL),
(2411, '0', 113, 46, '2020-01-01 08:00:00', '2020-01-01 08:00:00', NULL),
(2412, NULL, 113, 47, '2020-01-01 08:00:00', '2020-01-01 08:00:00', NULL),
(2413, '0', 113, 48, '2020-01-01 08:00:00', '2020-01-01 08:00:00', NULL),
(2414, '0', 113, 49, '2020-01-01 08:00:00', '2020-01-01 08:00:00', NULL),
(2415, NULL, 113, 50, '2020-01-01 08:00:00', '2020-01-01 08:00:00', NULL),
(2416, NULL, 113, 51, '2020-01-01 08:00:00', '2020-01-01 08:00:00', NULL),
(2417, '0', 113, 52, '2020-01-01 08:00:00', '2020-01-01 08:00:00', NULL),
(2418, '0', 113, 53, '2020-01-01 08:00:00', '2020-01-01 08:00:00', NULL),
(2419, NULL, 113, 54, '2020-01-01 08:00:00', '2020-01-01 08:00:00', NULL),
(2420, '0', 113, 55, '2020-01-01 08:00:00', '2020-01-01 08:00:00', NULL),
(2421, NULL, 113, 56, '2020-01-01 08:00:00', '2020-01-01 08:00:00', NULL),
(2422, NULL, 113, 57, '2020-01-01 08:00:00', '2020-01-01 08:00:00', NULL),
(2423, NULL, 113, 58, '2020-01-01 08:00:00', '2020-01-01 08:00:00', NULL),
(2424, NULL, 113, 59, '2020-01-01 08:00:00', '2020-01-01 08:00:00', NULL),
(2425, NULL, 113, 60, '2020-01-01 08:00:00', '2020-01-01 08:00:00', NULL),
(2426, '0', 113, 61, '2020-01-01 08:00:00', '2020-01-01 08:00:00', NULL),
(2427, NULL, 113, 62, '2020-01-01 08:00:00', '2020-01-01 08:00:00', NULL),
(2428, NULL, 113, 63, '2020-01-01 08:00:00', '2020-01-01 08:00:00', NULL),
(2429, NULL, 113, 64, '2020-01-01 08:00:00', '2020-01-01 08:00:00', NULL),
(2430, NULL, 114, 44, '2020-02-01 08:00:00', '2020-02-01 08:00:00', NULL),
(2431, '0', 114, 45, '2020-02-01 08:00:00', '2020-02-01 08:00:00', NULL),
(2432, NULL, 114, 46, '2020-02-01 08:00:00', '2020-02-01 08:00:00', NULL),
(2433, NULL, 114, 47, '2020-02-01 08:00:00', '2020-02-01 08:00:00', NULL),
(2434, '0', 114, 48, '2020-02-01 08:00:00', '2020-02-01 08:00:00', NULL),
(2435, '0', 114, 49, '2020-02-01 08:00:00', '2020-02-01 08:00:00', NULL),
(2436, NULL, 114, 50, '2020-02-01 08:00:00', '2020-02-01 08:00:00', NULL),
(2437, NULL, 114, 51, '2020-02-01 08:00:00', '2020-02-01 08:00:00', NULL),
(2438, NULL, 114, 52, '2020-02-01 08:00:00', '2020-02-01 08:00:00', NULL),
(2439, '0', 114, 53, '2020-02-01 08:00:00', '2020-02-01 08:00:00', NULL),
(2440, NULL, 114, 54, '2020-02-01 08:00:00', '2020-02-01 08:00:00', NULL),
(2441, NULL, 114, 55, '2020-02-01 08:00:00', '2020-02-01 08:00:00', NULL),
(2442, NULL, 114, 56, '2020-02-01 08:00:00', '2020-02-01 08:00:00', NULL),
(2443, NULL, 114, 57, '2020-02-01 08:00:00', '2020-02-01 08:00:00', NULL),
(2444, '0', 114, 58, '2020-02-01 08:00:00', '2020-02-01 08:00:00', NULL),
(2445, NULL, 114, 59, '2020-02-01 08:00:00', '2020-02-01 08:00:00', NULL),
(2446, NULL, 114, 60, '2020-02-01 08:00:00', '2020-02-01 08:00:00', NULL),
(2447, NULL, 114, 61, '2020-02-01 08:00:00', '2020-02-01 08:00:00', NULL),
(2448, '0', 114, 62, '2020-02-01 08:00:00', '2020-02-01 08:00:00', NULL),
(2449, '0', 114, 63, '2020-02-01 08:00:00', '2020-02-01 08:00:00', NULL),
(2450, NULL, 114, 64, '2020-02-01 08:00:00', '2020-02-01 08:00:00', NULL),
(2451, NULL, 115, 44, '2020-03-01 08:00:00', '2020-03-01 08:00:00', NULL),
(2452, NULL, 115, 45, '2020-03-01 08:00:00', '2020-03-01 08:00:00', NULL),
(2453, '0', 115, 46, '2020-03-01 08:00:00', '2020-03-01 08:00:00', NULL),
(2454, '0', 115, 47, '2020-03-01 08:00:00', '2020-03-01 08:00:00', NULL),
(2455, '0', 115, 48, '2020-03-01 08:00:00', '2020-03-01 08:00:00', NULL),
(2456, NULL, 115, 49, '2020-03-01 08:00:00', '2020-03-01 08:00:00', NULL),
(2457, NULL, 115, 50, '2020-03-01 08:00:00', '2020-03-01 08:00:00', NULL),
(2458, '0', 115, 51, '2020-03-01 08:00:00', '2020-03-01 08:00:00', NULL),
(2459, '0', 115, 52, '2020-03-01 08:00:00', '2020-03-01 08:00:00', NULL),
(2460, NULL, 115, 53, '2020-03-01 08:00:00', '2020-03-01 08:00:00', NULL),
(2461, NULL, 115, 54, '2020-03-01 08:00:00', '2020-03-01 08:00:00', NULL),
(2462, '0', 115, 55, '2020-03-01 08:00:00', '2020-03-01 08:00:00', NULL),
(2463, NULL, 115, 56, '2020-03-01 08:00:00', '2020-03-01 08:00:00', NULL),
(2464, '0', 115, 57, '2020-03-01 08:00:00', '2020-03-01 08:00:00', NULL),
(2465, NULL, 115, 58, '2020-03-01 08:00:00', '2020-03-01 08:00:00', NULL),
(2466, NULL, 115, 59, '2020-03-01 08:00:00', '2020-03-01 08:00:00', NULL),
(2467, NULL, 115, 60, '2020-03-01 08:00:00', '2020-03-01 08:00:00', NULL),
(2468, '0', 115, 61, '2020-03-01 08:00:00', '2020-03-01 08:00:00', NULL),
(2469, NULL, 115, 62, '2020-03-01 08:00:00', '2020-03-01 08:00:00', NULL),
(2470, '0', 115, 63, '2020-03-01 08:00:00', '2020-03-01 08:00:00', NULL),
(2471, NULL, 115, 64, '2020-03-01 08:00:00', '2020-03-01 08:00:00', NULL),
(2472, '0', 116, 44, '2020-04-01 07:00:00', '2020-04-01 07:00:00', NULL),
(2473, NULL, 116, 45, '2020-04-01 07:00:00', '2020-04-01 07:00:00', NULL),
(2474, NULL, 116, 46, '2020-04-01 07:00:00', '2020-04-01 07:00:00', NULL),
(2475, '0', 116, 47, '2020-04-01 07:00:00', '2020-04-01 07:00:00', NULL),
(2476, NULL, 116, 48, '2020-04-01 07:00:00', '2020-04-01 07:00:00', NULL),
(2477, '0', 116, 49, '2020-04-01 07:00:00', '2020-04-01 07:00:00', NULL),
(2478, '0', 116, 50, '2020-04-01 07:00:00', '2020-04-01 07:00:00', NULL),
(2479, '0', 116, 51, '2020-04-01 07:00:00', '2020-04-01 07:00:00', NULL),
(2480, NULL, 116, 52, '2020-04-01 07:00:00', '2020-04-01 07:00:00', NULL),
(2481, NULL, 116, 53, '2020-04-01 07:00:00', '2020-04-01 07:00:00', NULL),
(2482, '0', 116, 54, '2020-04-01 07:00:00', '2020-04-01 07:00:00', NULL),
(2483, '0', 116, 55, '2020-04-01 07:00:00', '2020-04-01 07:00:00', NULL),
(2484, '0', 116, 56, '2020-04-01 07:00:00', '2020-04-01 07:00:00', NULL),
(2485, NULL, 116, 57, '2020-04-01 07:00:00', '2020-04-01 07:00:00', NULL),
(2486, '0', 116, 58, '2020-04-01 07:00:00', '2020-04-01 07:00:00', NULL),
(2487, NULL, 116, 59, '2020-04-01 07:00:00', '2020-04-01 07:00:00', NULL),
(2488, '0', 116, 60, '2020-04-01 07:00:00', '2020-04-01 07:00:00', NULL),
(2489, NULL, 116, 61, '2020-04-01 07:00:00', '2020-04-01 07:00:00', NULL),
(2490, '0', 116, 62, '2020-04-01 07:00:00', '2020-04-01 07:00:00', NULL),
(2491, NULL, 116, 63, '2020-04-01 07:00:00', '2020-04-01 07:00:00', NULL),
(2492, NULL, 116, 64, '2020-04-01 07:00:00', '2020-04-01 07:00:00', NULL),
(2493, NULL, 117, 44, '2020-01-01 08:00:00', '2020-01-01 08:00:00', NULL),
(2494, NULL, 117, 45, '2020-01-01 08:00:00', '2020-01-01 08:00:00', NULL),
(2495, '0', 117, 46, '2020-01-01 08:00:00', '2020-01-01 08:00:00', NULL),
(2496, '0', 117, 47, '2020-01-01 08:00:00', '2020-01-01 08:00:00', NULL),
(2497, NULL, 117, 48, '2020-01-01 08:00:00', '2020-01-01 08:00:00', NULL),
(2498, '0', 117, 49, '2020-01-01 08:00:00', '2020-01-01 08:00:00', NULL),
(2499, NULL, 117, 50, '2020-01-01 08:00:00', '2020-01-01 08:00:00', NULL),
(2500, NULL, 117, 51, '2020-01-01 08:00:00', '2020-01-01 08:00:00', NULL),
(2501, '0', 117, 52, '2020-01-01 08:00:00', '2020-01-01 08:00:00', NULL),
(2502, NULL, 117, 53, '2020-01-01 08:00:00', '2020-01-01 08:00:00', NULL),
(2503, NULL, 117, 54, '2020-01-01 08:00:00', '2020-01-01 08:00:00', NULL),
(2504, '0', 117, 55, '2020-01-01 08:00:00', '2020-01-01 08:00:00', NULL),
(2505, NULL, 117, 56, '2020-01-01 08:00:00', '2020-01-01 08:00:00', NULL),
(2506, '0', 117, 57, '2020-01-01 08:00:00', '2020-01-01 08:00:00', NULL),
(2507, NULL, 117, 58, '2020-01-01 08:00:00', '2020-01-01 08:00:00', NULL),
(2508, NULL, 117, 59, '2020-01-01 08:00:00', '2020-01-01 08:00:00', NULL),
(2509, NULL, 117, 60, '2020-01-01 08:00:00', '2020-01-01 08:00:00', NULL),
(2510, NULL, 117, 61, '2020-01-01 08:00:00', '2020-01-01 08:00:00', NULL),
(2511, '0', 117, 62, '2020-01-01 08:00:00', '2020-01-01 08:00:00', NULL),
(2512, NULL, 117, 63, '2020-01-01 08:00:00', '2020-01-01 08:00:00', NULL),
(2513, '0', 117, 64, '2020-01-01 08:00:00', '2020-01-01 08:00:00', NULL),
(2514, NULL, 118, 44, '2020-02-01 08:00:00', '2020-02-01 08:00:00', NULL),
(2515, NULL, 118, 45, '2020-02-01 08:00:00', '2020-02-01 08:00:00', NULL),
(2516, NULL, 118, 46, '2020-02-01 08:00:00', '2020-02-01 08:00:00', NULL),
(2517, '0', 118, 47, '2020-02-01 08:00:00', '2020-02-01 08:00:00', NULL),
(2518, '0', 118, 48, '2020-02-01 08:00:00', '2020-02-01 08:00:00', NULL),
(2519, '0', 118, 49, '2020-02-01 08:00:00', '2020-02-01 08:00:00', NULL),
(2520, '0', 118, 50, '2020-02-01 08:00:00', '2020-02-01 08:00:00', NULL),
(2521, '0', 118, 51, '2020-02-01 08:00:00', '2020-02-01 08:00:00', NULL),
(2522, '0', 118, 52, '2020-02-01 08:00:00', '2020-02-01 08:00:00', NULL),
(2523, NULL, 118, 53, '2020-02-01 08:00:00', '2020-02-01 08:00:00', NULL),
(2524, NULL, 118, 54, '2020-02-01 08:00:00', '2020-02-01 08:00:00', NULL),
(2525, '0', 118, 55, '2020-02-01 08:00:00', '2020-02-01 08:00:00', NULL),
(2526, NULL, 118, 56, '2020-02-01 08:00:00', '2020-02-01 08:00:00', NULL),
(2527, NULL, 118, 57, '2020-02-01 08:00:00', '2020-02-01 08:00:00', NULL),
(2528, '0', 118, 58, '2020-02-01 08:00:00', '2020-02-01 08:00:00', NULL),
(2529, '0', 118, 59, '2020-02-01 08:00:00', '2020-02-01 08:00:00', NULL),
(2530, '0', 118, 60, '2020-02-01 08:00:00', '2020-02-01 08:00:00', NULL),
(2531, '0', 118, 61, '2020-02-01 08:00:00', '2020-02-01 08:00:00', NULL),
(2532, NULL, 118, 62, '2020-02-01 08:00:00', '2020-02-01 08:00:00', NULL),
(2533, NULL, 118, 63, '2020-02-01 08:00:00', '2020-02-01 08:00:00', NULL),
(2534, '0', 118, 64, '2020-02-01 08:00:00', '2020-02-01 08:00:00', NULL),
(2535, NULL, 119, 44, '2020-03-01 08:00:00', '2020-03-01 08:00:00', NULL),
(2536, '0', 119, 45, '2020-03-01 08:00:00', '2020-03-01 08:00:00', NULL),
(2537, NULL, 119, 46, '2020-03-01 08:00:00', '2020-03-01 08:00:00', NULL),
(2538, NULL, 119, 47, '2020-03-01 08:00:00', '2020-03-01 08:00:00', NULL),
(2539, NULL, 119, 48, '2020-03-01 08:00:00', '2020-03-01 08:00:00', NULL),
(2540, '0', 119, 49, '2020-03-01 08:00:00', '2020-03-01 08:00:00', NULL),
(2541, NULL, 119, 50, '2020-03-01 08:00:00', '2020-03-01 08:00:00', NULL),
(2542, NULL, 119, 51, '2020-03-01 08:00:00', '2020-03-01 08:00:00', NULL),
(2543, '0', 119, 52, '2020-03-01 08:00:00', '2020-03-01 08:00:00', NULL),
(2544, '0', 119, 53, '2020-03-01 08:00:00', '2020-03-01 08:00:00', NULL),
(2545, NULL, 119, 54, '2020-03-01 08:00:00', '2020-03-01 08:00:00', NULL),
(2546, NULL, 119, 55, '2020-03-01 08:00:00', '2020-03-01 08:00:00', NULL),
(2547, NULL, 119, 56, '2020-03-01 08:00:00', '2020-03-01 08:00:00', NULL),
(2548, '0', 119, 57, '2020-03-01 08:00:00', '2020-03-01 08:00:00', NULL),
(2549, '0', 119, 58, '2020-03-01 08:00:00', '2020-03-01 08:00:00', NULL),
(2550, NULL, 119, 59, '2020-03-01 08:00:00', '2020-03-01 08:00:00', NULL),
(2551, NULL, 119, 60, '2020-03-01 08:00:00', '2020-03-01 08:00:00', NULL),
(2552, '0', 119, 61, '2020-03-01 08:00:00', '2020-03-01 08:00:00', NULL),
(2553, '0', 119, 62, '2020-03-01 08:00:00', '2020-03-01 08:00:00', NULL),
(2554, '0', 119, 63, '2020-03-01 08:00:00', '2020-03-01 08:00:00', NULL),
(2555, NULL, 119, 64, '2020-03-01 08:00:00', '2020-03-01 08:00:00', NULL),
(2556, '0', 120, 44, '2020-04-01 07:00:00', '2020-04-01 07:00:00', NULL),
(2557, '0', 120, 45, '2020-04-01 07:00:00', '2020-04-01 07:00:00', NULL),
(2558, '0', 120, 46, '2020-04-01 07:00:00', '2020-04-01 07:00:00', NULL),
(2559, '0', 120, 47, '2020-04-01 07:00:00', '2020-04-01 07:00:00', NULL),
(2560, NULL, 120, 48, '2020-04-01 07:00:00', '2020-04-01 07:00:00', NULL),
(2561, '0', 120, 49, '2020-04-01 07:00:00', '2020-04-01 07:00:00', NULL),
(2562, NULL, 120, 50, '2020-04-01 07:00:00', '2020-04-01 07:00:00', NULL),
(2563, NULL, 120, 51, '2020-04-01 07:00:00', '2020-04-01 07:00:00', NULL),
(2564, NULL, 120, 52, '2020-04-01 07:00:00', '2020-04-01 07:00:00', NULL),
(2565, '0', 120, 53, '2020-04-01 07:00:00', '2020-04-01 07:00:00', NULL),
(2566, NULL, 120, 54, '2020-04-01 07:00:00', '2020-04-01 07:00:00', NULL),
(2567, '0', 120, 55, '2020-04-01 07:00:00', '2020-04-01 07:00:00', NULL),
(2568, NULL, 120, 56, '2020-04-01 07:00:00', '2020-04-01 07:00:00', NULL),
(2569, '0', 120, 57, '2020-04-01 07:00:00', '2020-04-01 07:00:00', NULL),
(2570, NULL, 120, 58, '2020-04-01 07:00:00', '2020-04-01 07:00:00', NULL),
(2571, '0', 120, 59, '2020-04-01 07:00:00', '2020-04-01 07:00:00', NULL),
(2572, NULL, 120, 60, '2020-04-01 07:00:00', '2020-04-01 07:00:00', NULL),
(2573, '0', 120, 61, '2020-04-01 07:00:00', '2020-04-01 07:00:00', NULL),
(2574, '0', 120, 62, '2020-04-01 07:00:00', '2020-04-01 07:00:00', NULL),
(2575, '0', 120, 63, '2020-04-01 07:00:00', '2020-04-01 07:00:00', NULL),
(2576, '0', 120, 64, '2020-04-01 07:00:00', '2020-04-01 07:00:00', NULL),
(2577, '0', 121, 44, '2020-01-01 08:00:00', '2020-01-01 08:00:00', NULL),
(2578, '0', 121, 45, '2020-01-01 08:00:00', '2020-01-01 08:00:00', NULL),
(2579, '0', 121, 46, '2020-01-01 08:00:00', '2020-01-01 08:00:00', NULL),
(2580, '0', 121, 47, '2020-01-01 08:00:00', '2020-01-01 08:00:00', NULL),
(2581, NULL, 121, 48, '2020-01-01 08:00:00', '2020-01-01 08:00:00', NULL),
(2582, NULL, 121, 49, '2020-01-01 08:00:00', '2020-01-01 08:00:00', NULL),
(2583, '0', 121, 50, '2020-01-01 08:00:00', '2020-01-01 08:00:00', NULL),
(2584, '0', 121, 51, '2020-01-01 08:00:00', '2020-01-01 08:00:00', NULL),
(2585, NULL, 121, 52, '2020-01-01 08:00:00', '2020-01-01 08:00:00', NULL),
(2586, '0', 121, 53, '2020-01-01 08:00:00', '2020-01-01 08:00:00', NULL),
(2587, '0', 121, 54, '2020-01-01 08:00:00', '2020-01-01 08:00:00', NULL),
(2588, '0', 121, 55, '2020-01-01 08:00:00', '2020-01-01 08:00:00', NULL),
(2589, NULL, 121, 56, '2020-01-01 08:00:00', '2020-01-01 08:00:00', NULL),
(2590, '0', 121, 57, '2020-01-01 08:00:00', '2020-01-01 08:00:00', NULL),
(2591, '0', 121, 58, '2020-01-01 08:00:00', '2020-01-01 08:00:00', NULL),
(2592, '0', 121, 59, '2020-01-01 08:00:00', '2020-01-01 08:00:00', NULL),
(2593, '0', 121, 60, '2020-01-01 08:00:00', '2020-01-01 08:00:00', NULL),
(2594, NULL, 121, 61, '2020-01-01 08:00:00', '2020-01-01 08:00:00', NULL),
(2595, '0', 121, 62, '2020-01-01 08:00:00', '2020-01-01 08:00:00', NULL),
(2596, NULL, 121, 63, '2020-01-01 08:00:00', '2020-01-01 08:00:00', NULL),
(2597, '0', 121, 64, '2020-01-01 08:00:00', '2020-01-01 08:00:00', NULL),
(2598, '0', 122, 44, '2020-02-01 08:00:00', '2020-02-01 08:00:00', NULL),
(2599, NULL, 122, 45, '2020-02-01 08:00:00', '2020-02-01 08:00:00', NULL),
(2600, '0', 122, 46, '2020-02-01 08:00:00', '2020-02-01 08:00:00', NULL),
(2601, NULL, 122, 47, '2020-02-01 08:00:00', '2020-02-01 08:00:00', NULL),
(2602, NULL, 122, 48, '2020-02-01 08:00:00', '2020-02-01 08:00:00', NULL),
(2603, '0', 122, 49, '2020-02-01 08:00:00', '2020-02-01 08:00:00', NULL),
(2604, '0', 122, 50, '2020-02-01 08:00:00', '2020-02-01 08:00:00', NULL),
(2605, NULL, 122, 51, '2020-02-01 08:00:00', '2020-02-01 08:00:00', NULL),
(2606, '0', 122, 52, '2020-02-01 08:00:00', '2020-02-01 08:00:00', NULL),
(2607, NULL, 122, 53, '2020-02-01 08:00:00', '2020-02-01 08:00:00', NULL),
(2608, '0', 122, 54, '2020-02-01 08:00:00', '2020-02-01 08:00:00', NULL),
(2609, NULL, 122, 55, '2020-02-01 08:00:00', '2020-02-01 08:00:00', NULL),
(2610, NULL, 122, 56, '2020-02-01 08:00:00', '2020-02-01 08:00:00', NULL),
(2611, NULL, 122, 57, '2020-02-01 08:00:00', '2020-02-01 08:00:00', NULL),
(2612, '0', 122, 58, '2020-02-01 08:00:00', '2020-02-01 08:00:00', NULL),
(2613, NULL, 122, 59, '2020-02-01 08:00:00', '2020-02-01 08:00:00', NULL),
(2614, NULL, 122, 60, '2020-02-01 08:00:00', '2020-02-01 08:00:00', NULL),
(2615, NULL, 122, 61, '2020-02-01 08:00:00', '2020-02-01 08:00:00', NULL),
(2616, NULL, 122, 62, '2020-02-01 08:00:00', '2020-02-01 08:00:00', NULL),
(2617, NULL, 122, 63, '2020-02-01 08:00:00', '2020-02-01 08:00:00', NULL),
(2618, '0', 122, 64, '2020-02-01 08:00:00', '2020-02-01 08:00:00', NULL),
(2619, '0', 123, 44, '2020-03-01 08:00:00', '2020-03-01 08:00:00', NULL),
(2620, '0', 123, 45, '2020-03-01 08:00:00', '2020-03-01 08:00:00', NULL),
(2621, NULL, 123, 46, '2020-03-01 08:00:00', '2020-03-01 08:00:00', NULL),
(2622, '0', 123, 47, '2020-03-01 08:00:00', '2020-03-01 08:00:00', NULL),
(2623, NULL, 123, 48, '2020-03-01 08:00:00', '2020-03-01 08:00:00', NULL),
(2624, '0', 123, 49, '2020-03-01 08:00:00', '2020-03-01 08:00:00', NULL),
(2625, NULL, 123, 50, '2020-03-01 08:00:00', '2020-03-01 08:00:00', NULL),
(2626, '0', 123, 51, '2020-03-01 08:00:00', '2020-03-01 08:00:00', NULL),
(2627, NULL, 123, 52, '2020-03-01 08:00:00', '2020-03-01 08:00:00', NULL),
(2628, '0', 123, 53, '2020-03-01 08:00:00', '2020-03-01 08:00:00', NULL),
(2629, '0', 123, 54, '2020-03-01 08:00:00', '2020-03-01 08:00:00', NULL),
(2630, NULL, 123, 55, '2020-03-01 08:00:00', '2020-03-01 08:00:00', NULL),
(2631, NULL, 123, 56, '2020-03-01 08:00:00', '2020-03-01 08:00:00', NULL),
(2632, '0', 123, 57, '2020-03-01 08:00:00', '2020-03-01 08:00:00', NULL),
(2633, NULL, 123, 58, '2020-03-01 08:00:00', '2020-03-01 08:00:00', NULL),
(2634, '0', 123, 59, '2020-03-01 08:00:00', '2020-03-01 08:00:00', NULL),
(2635, NULL, 123, 60, '2020-03-01 08:00:00', '2020-03-01 08:00:00', NULL),
(2636, NULL, 123, 61, '2020-03-01 08:00:00', '2020-03-01 08:00:00', NULL),
(2637, NULL, 123, 62, '2020-03-01 08:00:00', '2020-03-01 08:00:00', NULL),
(2638, NULL, 123, 63, '2020-03-01 08:00:00', '2020-03-01 08:00:00', NULL),
(2639, NULL, 123, 64, '2020-03-01 08:00:00', '2020-03-01 08:00:00', NULL),
(2640, '0', 124, 44, '2020-04-01 07:00:00', '2020-04-01 07:00:00', NULL),
(2641, NULL, 124, 45, '2020-04-01 07:00:00', '2020-04-01 07:00:00', NULL),
(2642, NULL, 124, 46, '2020-04-01 07:00:00', '2020-04-01 07:00:00', NULL),
(2643, '0', 124, 47, '2020-04-01 07:00:00', '2020-04-01 07:00:00', NULL),
(2644, '0', 124, 48, '2020-04-01 07:00:00', '2020-04-01 07:00:00', NULL),
(2645, '0', 124, 49, '2020-04-01 07:00:00', '2020-04-01 07:00:00', NULL),
(2646, '0', 124, 50, '2020-04-01 07:00:00', '2020-04-01 07:00:00', NULL),
(2647, NULL, 124, 51, '2020-04-01 07:00:00', '2020-04-01 07:00:00', NULL),
(2648, NULL, 124, 52, '2020-04-01 07:00:00', '2020-04-01 07:00:00', NULL),
(2649, '0', 124, 53, '2020-04-01 07:00:00', '2020-04-01 07:00:00', NULL),
(2650, NULL, 124, 54, '2020-04-01 07:00:00', '2020-04-01 07:00:00', NULL),
(2651, '0', 124, 55, '2020-04-01 07:00:00', '2020-04-01 07:00:00', NULL),
(2652, NULL, 124, 56, '2020-04-01 07:00:00', '2020-04-01 07:00:00', NULL),
(2653, NULL, 124, 57, '2020-04-01 07:00:00', '2020-04-01 07:00:00', NULL),
(2654, NULL, 124, 58, '2020-04-01 07:00:00', '2020-04-01 07:00:00', NULL),
(2655, '0', 124, 59, '2020-04-01 07:00:00', '2020-04-01 07:00:00', NULL),
(2656, NULL, 124, 60, '2020-04-01 07:00:00', '2020-04-01 07:00:00', NULL),
(2657, NULL, 124, 61, '2020-04-01 07:00:00', '2020-04-01 07:00:00', NULL),
(2658, NULL, 124, 62, '2020-04-01 07:00:00', '2020-04-01 07:00:00', NULL),
(2659, '0', 124, 63, '2020-04-01 07:00:00', '2020-04-01 07:00:00', NULL),
(2660, NULL, 124, 64, '2020-04-01 07:00:00', '2020-04-01 07:00:00', NULL),
(2661, '0', 125, 44, '2020-01-01 08:00:00', '2020-01-01 08:00:00', NULL),
(2662, NULL, 125, 45, '2020-01-01 08:00:00', '2020-01-01 08:00:00', NULL),
(2663, NULL, 125, 46, '2020-01-01 08:00:00', '2020-01-01 08:00:00', NULL),
(2664, '0', 125, 47, '2020-01-01 08:00:00', '2020-01-01 08:00:00', NULL),
(2665, '0', 125, 48, '2020-01-01 08:00:00', '2020-01-01 08:00:00', NULL),
(2666, '0', 125, 49, '2020-01-01 08:00:00', '2020-01-01 08:00:00', NULL),
(2667, '0', 125, 50, '2020-01-01 08:00:00', '2020-01-01 08:00:00', NULL),
(2668, '0', 125, 51, '2020-01-01 08:00:00', '2020-01-01 08:00:00', NULL),
(2669, '0', 125, 52, '2020-01-01 08:00:00', '2020-01-01 08:00:00', NULL),
(2670, NULL, 125, 53, '2020-01-01 08:00:00', '2020-01-01 08:00:00', NULL),
(2671, '0', 125, 54, '2020-01-01 08:00:00', '2020-01-01 08:00:00', NULL),
(2672, '0', 125, 55, '2020-01-01 08:00:00', '2020-01-01 08:00:00', NULL),
(2673, NULL, 125, 56, '2020-01-01 08:00:00', '2020-01-01 08:00:00', NULL),
(2674, '0', 125, 57, '2020-01-01 08:00:00', '2020-01-01 08:00:00', NULL),
(2675, NULL, 125, 58, '2020-01-01 08:00:00', '2020-01-01 08:00:00', NULL),
(2676, NULL, 125, 59, '2020-01-01 08:00:00', '2020-01-01 08:00:00', NULL),
(2677, NULL, 125, 60, '2020-01-01 08:00:00', '2020-01-01 08:00:00', NULL),
(2678, '0', 125, 61, '2020-01-01 08:00:00', '2020-01-01 08:00:00', NULL),
(2679, NULL, 125, 62, '2020-01-01 08:00:00', '2020-01-01 08:00:00', NULL),
(2680, '0', 125, 63, '2020-01-01 08:00:00', '2020-01-01 08:00:00', NULL),
(2681, NULL, 125, 64, '2020-01-01 08:00:00', '2020-01-01 08:00:00', NULL),
(2682, NULL, 126, 44, '2020-02-01 08:00:00', '2020-02-01 08:00:00', NULL),
(2683, NULL, 126, 45, '2020-02-01 08:00:00', '2020-02-01 08:00:00', NULL),
(2684, NULL, 126, 46, '2020-02-01 08:00:00', '2020-02-01 08:00:00', NULL),
(2685, NULL, 126, 47, '2020-02-01 08:00:00', '2020-02-01 08:00:00', NULL),
(2686, NULL, 126, 48, '2020-02-01 08:00:00', '2020-02-01 08:00:00', NULL),
(2687, '0', 126, 49, '2020-02-01 08:00:00', '2020-02-01 08:00:00', NULL),
(2688, NULL, 126, 50, '2020-02-01 08:00:00', '2020-02-01 08:00:00', NULL),
(2689, '0', 126, 51, '2020-02-01 08:00:00', '2020-02-01 08:00:00', NULL),
(2690, NULL, 126, 52, '2020-02-01 08:00:00', '2020-02-01 08:00:00', NULL),
(2691, NULL, 126, 53, '2020-02-01 08:00:00', '2020-02-01 08:00:00', NULL),
(2692, '0', 126, 54, '2020-02-01 08:00:00', '2020-02-01 08:00:00', NULL),
(2693, NULL, 126, 55, '2020-02-01 08:00:00', '2020-02-01 08:00:00', NULL),
(2694, NULL, 126, 56, '2020-02-01 08:00:00', '2020-02-01 08:00:00', NULL),
(2695, NULL, 126, 57, '2020-02-01 08:00:00', '2020-02-01 08:00:00', NULL),
(2696, '0', 126, 58, '2020-02-01 08:00:00', '2020-02-01 08:00:00', NULL),
(2697, '0', 126, 59, '2020-02-01 08:00:00', '2020-02-01 08:00:00', NULL),
(2698, NULL, 126, 60, '2020-02-01 08:00:00', '2020-02-01 08:00:00', NULL),
(2699, NULL, 126, 61, '2020-02-01 08:00:00', '2020-02-01 08:00:00', NULL),
(2700, NULL, 126, 62, '2020-02-01 08:00:00', '2020-02-01 08:00:00', NULL),
(2701, NULL, 126, 63, '2020-02-01 08:00:00', '2020-02-01 08:00:00', NULL),
(2702, NULL, 126, 64, '2020-02-01 08:00:00', '2020-02-01 08:00:00', NULL),
(2703, '0', 127, 44, '2020-03-01 08:00:00', '2020-03-01 08:00:00', NULL),
(2704, NULL, 127, 45, '2020-03-01 08:00:00', '2020-03-01 08:00:00', NULL),
(2705, NULL, 127, 46, '2020-03-01 08:00:00', '2020-03-01 08:00:00', NULL),
(2706, '0', 127, 47, '2020-03-01 08:00:00', '2020-03-01 08:00:00', NULL),
(2707, '0', 127, 48, '2020-03-01 08:00:00', '2020-03-01 08:00:00', NULL),
(2708, NULL, 127, 49, '2020-03-01 08:00:00', '2020-03-01 08:00:00', NULL),
(2709, NULL, 127, 50, '2020-03-01 08:00:00', '2020-03-01 08:00:00', NULL),
(2710, '0', 127, 51, '2020-03-01 08:00:00', '2020-03-01 08:00:00', NULL),
(2711, '0', 127, 52, '2020-03-01 08:00:00', '2020-03-01 08:00:00', NULL),
(2712, NULL, 127, 53, '2020-03-01 08:00:00', '2020-03-01 08:00:00', NULL),
(2713, '0', 127, 54, '2020-03-01 08:00:00', '2020-03-01 08:00:00', NULL),
(2714, '0', 127, 55, '2020-03-01 08:00:00', '2020-03-01 08:00:00', NULL),
(2715, '0', 127, 56, '2020-03-01 08:00:00', '2020-03-01 08:00:00', NULL),
(2716, '0', 127, 57, '2020-03-01 08:00:00', '2020-03-01 08:00:00', NULL),
(2717, '0', 127, 58, '2020-03-01 08:00:00', '2020-03-01 08:00:00', NULL),
(2718, '0', 127, 59, '2020-03-01 08:00:00', '2020-03-01 08:00:00', NULL),
(2719, NULL, 127, 60, '2020-03-01 08:00:00', '2020-03-01 08:00:00', NULL),
(2720, '0', 127, 61, '2020-03-01 08:00:00', '2020-03-01 08:00:00', NULL),
(2721, NULL, 127, 62, '2020-03-01 08:00:00', '2020-03-01 08:00:00', NULL),
(2722, NULL, 127, 63, '2020-03-01 08:00:00', '2020-03-01 08:00:00', NULL),
(2723, NULL, 127, 64, '2020-03-01 08:00:00', '2020-03-01 08:00:00', NULL),
(2724, NULL, 128, 44, '2020-04-01 07:00:00', '2020-04-01 07:00:00', NULL),
(2725, NULL, 128, 45, '2020-04-01 07:00:00', '2020-04-01 07:00:00', NULL),
(2726, NULL, 128, 46, '2020-04-01 07:00:00', '2020-04-01 07:00:00', NULL),
(2727, NULL, 128, 47, '2020-04-01 07:00:00', '2020-04-01 07:00:00', NULL),
(2728, '0', 128, 48, '2020-04-01 07:00:00', '2020-04-01 07:00:00', NULL),
(2729, '0', 128, 49, '2020-04-01 07:00:00', '2020-04-01 07:00:00', NULL),
(2730, '0', 128, 50, '2020-04-01 07:00:00', '2020-04-01 07:00:00', NULL),
(2731, NULL, 128, 51, '2020-04-01 07:00:00', '2020-04-01 07:00:00', NULL),
(2732, '0', 128, 52, '2020-04-01 07:00:00', '2020-04-01 07:00:00', NULL),
(2733, NULL, 128, 53, '2020-04-01 07:00:00', '2020-04-01 07:00:00', NULL),
(2734, NULL, 128, 54, '2020-04-01 07:00:00', '2020-04-01 07:00:00', NULL),
(2735, NULL, 128, 55, '2020-04-01 07:00:00', '2020-04-01 07:00:00', NULL),
(2736, '0', 128, 56, '2020-04-01 07:00:00', '2020-04-01 07:00:00', NULL),
(2737, NULL, 128, 57, '2020-04-01 07:00:00', '2020-04-01 07:00:00', NULL),
(2738, NULL, 128, 58, '2020-04-01 07:00:00', '2020-04-01 07:00:00', NULL),
(2739, NULL, 128, 59, '2020-04-01 07:00:00', '2020-04-01 07:00:00', NULL),
(2740, '0', 128, 60, '2020-04-01 07:00:00', '2020-04-01 07:00:00', NULL),
(2741, '0', 128, 61, '2020-04-01 07:00:00', '2020-04-01 07:00:00', NULL),
(2742, '0', 128, 62, '2020-04-01 07:00:00', '2020-04-01 07:00:00', NULL),
(2743, '0', 128, 63, '2020-04-01 07:00:00', '2020-04-01 07:00:00', NULL),
(2744, NULL, 128, 64, '2020-04-01 07:00:00', '2020-04-01 07:00:00', NULL),
(2745, NULL, 129, 44, '2020-01-01 08:00:00', '2020-01-01 08:00:00', NULL),
(2746, '0', 129, 45, '2020-01-01 08:00:00', '2020-01-01 08:00:00', NULL),
(2747, NULL, 129, 46, '2020-01-01 08:00:00', '2020-01-01 08:00:00', NULL),
(2748, '0', 129, 47, '2020-01-01 08:00:00', '2020-01-01 08:00:00', NULL),
(2749, NULL, 129, 48, '2020-01-01 08:00:00', '2020-01-01 08:00:00', NULL),
(2750, '0', 129, 49, '2020-01-01 08:00:00', '2020-01-01 08:00:00', NULL),
(2751, NULL, 129, 50, '2020-01-01 08:00:00', '2020-01-01 08:00:00', NULL),
(2752, NULL, 129, 51, '2020-01-01 08:00:00', '2020-01-01 08:00:00', NULL),
(2753, NULL, 129, 52, '2020-01-01 08:00:00', '2020-01-01 08:00:00', NULL),
(2754, NULL, 129, 53, '2020-01-01 08:00:00', '2020-01-01 08:00:00', NULL),
(2755, '0', 129, 54, '2020-01-01 08:00:00', '2020-01-01 08:00:00', NULL),
(2756, NULL, 129, 55, '2020-01-01 08:00:00', '2020-01-01 08:00:00', NULL),
(2757, NULL, 129, 56, '2020-01-01 08:00:00', '2020-01-01 08:00:00', NULL),
(2758, '0', 129, 57, '2020-01-01 08:00:00', '2020-01-01 08:00:00', NULL),
(2759, NULL, 129, 58, '2020-01-01 08:00:00', '2020-01-01 08:00:00', NULL),
(2760, NULL, 129, 59, '2020-01-01 08:00:00', '2020-01-01 08:00:00', NULL),
(2761, NULL, 129, 60, '2020-01-01 08:00:00', '2020-01-01 08:00:00', NULL),
(2762, '0', 129, 61, '2020-01-01 08:00:00', '2020-01-01 08:00:00', NULL),
(2763, '0', 129, 62, '2020-01-01 08:00:00', '2020-01-01 08:00:00', NULL),
(2764, '0', 129, 63, '2020-01-01 08:00:00', '2020-01-01 08:00:00', NULL),
(2765, NULL, 129, 64, '2020-01-01 08:00:00', '2020-01-01 08:00:00', NULL),
(2766, '0', 130, 44, '2020-02-01 08:00:00', '2020-02-01 08:00:00', NULL),
(2767, NULL, 130, 45, '2020-02-01 08:00:00', '2020-02-01 08:00:00', NULL),
(2768, NULL, 130, 46, '2020-02-01 08:00:00', '2020-02-01 08:00:00', NULL),
(2769, '0', 130, 47, '2020-02-01 08:00:00', '2020-02-01 08:00:00', NULL),
(2770, NULL, 130, 48, '2020-02-01 08:00:00', '2020-02-01 08:00:00', NULL),
(2771, '0', 130, 49, '2020-02-01 08:00:00', '2020-02-01 08:00:00', NULL),
(2772, '0', 130, 50, '2020-02-01 08:00:00', '2020-02-01 08:00:00', NULL),
(2773, NULL, 130, 51, '2020-02-01 08:00:00', '2020-02-01 08:00:00', NULL),
(2774, '0', 130, 52, '2020-02-01 08:00:00', '2020-02-01 08:00:00', NULL),
(2775, '0', 130, 53, '2020-02-01 08:00:00', '2020-02-01 08:00:00', NULL),
(2776, NULL, 130, 54, '2020-02-01 08:00:00', '2020-02-01 08:00:00', NULL),
(2777, '0', 130, 55, '2020-02-01 08:00:00', '2020-02-01 08:00:00', NULL),
(2778, NULL, 130, 56, '2020-02-01 08:00:00', '2020-02-01 08:00:00', NULL),
(2779, NULL, 130, 57, '2020-02-01 08:00:00', '2020-02-01 08:00:00', NULL),
(2780, NULL, 130, 58, '2020-02-01 08:00:00', '2020-02-01 08:00:00', NULL),
(2781, '0', 130, 59, '2020-02-01 08:00:00', '2020-02-01 08:00:00', NULL),
(2782, '0', 130, 60, '2020-02-01 08:00:00', '2020-02-01 08:00:00', NULL),
(2783, NULL, 130, 61, '2020-02-01 08:00:00', '2020-02-01 08:00:00', NULL),
(2784, NULL, 130, 62, '2020-02-01 08:00:00', '2020-02-01 08:00:00', NULL),
(2785, '0', 130, 63, '2020-02-01 08:00:00', '2020-02-01 08:00:00', NULL),
(2786, NULL, 130, 64, '2020-02-01 08:00:00', '2020-02-01 08:00:00', NULL),
(2787, '0', 131, 44, '2020-03-01 08:00:00', '2020-03-01 08:00:00', NULL),
(2788, NULL, 131, 45, '2020-03-01 08:00:00', '2020-03-01 08:00:00', NULL),
(2789, NULL, 131, 46, '2020-03-01 08:00:00', '2020-03-01 08:00:00', NULL),
(2790, '0', 131, 47, '2020-03-01 08:00:00', '2020-03-01 08:00:00', NULL),
(2791, '0', 131, 48, '2020-03-01 08:00:00', '2020-03-01 08:00:00', NULL),
(2792, NULL, 131, 49, '2020-03-01 08:00:00', '2020-03-01 08:00:00', NULL),
(2793, NULL, 131, 50, '2020-03-01 08:00:00', '2020-03-01 08:00:00', NULL),
(2794, NULL, 131, 51, '2020-03-01 08:00:00', '2020-03-01 08:00:00', NULL),
(2795, NULL, 131, 52, '2020-03-01 08:00:00', '2020-03-01 08:00:00', NULL),
(2796, '0', 131, 53, '2020-03-01 08:00:00', '2020-03-01 08:00:00', NULL),
(2797, '0', 131, 54, '2020-03-01 08:00:00', '2020-03-01 08:00:00', NULL),
(2798, NULL, 131, 55, '2020-03-01 08:00:00', '2020-03-01 08:00:00', NULL),
(2799, '0', 131, 56, '2020-03-01 08:00:00', '2020-03-01 08:00:00', NULL),
(2800, NULL, 131, 57, '2020-03-01 08:00:00', '2020-03-01 08:00:00', NULL),
(2801, '0', 131, 58, '2020-03-01 08:00:00', '2020-03-01 08:00:00', NULL),
(2802, NULL, 131, 59, '2020-03-01 08:00:00', '2020-03-01 08:00:00', NULL),
(2803, '0', 131, 60, '2020-03-01 08:00:00', '2020-03-01 08:00:00', NULL),
(2804, NULL, 131, 61, '2020-03-01 08:00:00', '2020-03-01 08:00:00', NULL);
INSERT INTO `journal_records` (`id`, `value`, `column_id`, `student_id`, `created_at`, `updated_at`, `deleted_at`) VALUES
(2805, '0', 131, 62, '2020-03-01 08:00:00', '2020-03-01 08:00:00', NULL),
(2806, '0', 131, 63, '2020-03-01 08:00:00', '2020-03-01 08:00:00', NULL),
(2807, NULL, 131, 64, '2020-03-01 08:00:00', '2020-03-01 08:00:00', NULL),
(2808, '0', 132, 44, '2020-04-01 07:00:00', '2020-04-01 07:00:00', NULL),
(2809, '0', 132, 45, '2020-04-01 07:00:00', '2020-04-01 07:00:00', NULL),
(2810, '0', 132, 46, '2020-04-01 07:00:00', '2020-04-01 07:00:00', NULL),
(2811, '0', 132, 47, '2020-04-01 07:00:00', '2020-04-01 07:00:00', NULL),
(2812, NULL, 132, 48, '2020-04-01 07:00:00', '2020-04-01 07:00:00', NULL),
(2813, NULL, 132, 49, '2020-04-01 07:00:00', '2020-04-01 07:00:00', NULL),
(2814, NULL, 132, 50, '2020-04-01 07:00:00', '2020-04-01 07:00:00', NULL),
(2815, NULL, 132, 51, '2020-04-01 07:00:00', '2020-04-01 07:00:00', NULL),
(2816, NULL, 132, 52, '2020-04-01 07:00:00', '2020-04-01 07:00:00', NULL),
(2817, NULL, 132, 53, '2020-04-01 07:00:00', '2020-04-01 07:00:00', NULL),
(2818, NULL, 132, 54, '2020-04-01 07:00:00', '2020-04-01 07:00:00', NULL),
(2819, NULL, 132, 55, '2020-04-01 07:00:00', '2020-04-01 07:00:00', NULL),
(2820, '0', 132, 56, '2020-04-01 07:00:00', '2020-04-01 07:00:00', NULL),
(2821, NULL, 132, 57, '2020-04-01 07:00:00', '2020-04-01 07:00:00', NULL),
(2822, NULL, 132, 58, '2020-04-01 07:00:00', '2020-04-01 07:00:00', NULL),
(2823, NULL, 132, 59, '2020-04-01 07:00:00', '2020-04-01 07:00:00', NULL),
(2824, '0', 132, 60, '2020-04-01 07:00:00', '2020-04-01 07:00:00', NULL),
(2825, NULL, 132, 61, '2020-04-01 07:00:00', '2020-04-01 07:00:00', NULL),
(2826, NULL, 132, 62, '2020-04-01 07:00:00', '2020-04-01 07:00:00', NULL),
(2827, '0', 132, 63, '2020-04-01 07:00:00', '2020-04-01 07:00:00', NULL),
(2828, '0', 132, 64, '2020-04-01 07:00:00', '2020-04-01 07:00:00', NULL),
(2829, NULL, 133, 44, '2020-01-01 08:00:00', '2020-01-01 08:00:00', NULL),
(2830, NULL, 133, 45, '2020-01-01 08:00:00', '2020-01-01 08:00:00', NULL),
(2831, '0', 133, 46, '2020-01-01 08:00:00', '2020-01-01 08:00:00', NULL),
(2832, NULL, 133, 47, '2020-01-01 08:00:00', '2020-01-01 08:00:00', NULL),
(2833, '0', 133, 48, '2020-01-01 08:00:00', '2020-01-01 08:00:00', NULL),
(2834, NULL, 133, 49, '2020-01-01 08:00:00', '2020-01-01 08:00:00', NULL),
(2835, '0', 133, 50, '2020-01-01 08:00:00', '2020-01-01 08:00:00', NULL),
(2836, NULL, 133, 51, '2020-01-01 08:00:00', '2020-01-01 08:00:00', NULL),
(2837, '0', 133, 52, '2020-01-01 08:00:00', '2020-01-01 08:00:00', NULL),
(2838, NULL, 133, 53, '2020-01-01 08:00:00', '2020-01-01 08:00:00', NULL),
(2839, '0', 133, 54, '2020-01-01 08:00:00', '2020-01-01 08:00:00', NULL),
(2840, NULL, 133, 55, '2020-01-01 08:00:00', '2020-01-01 08:00:00', NULL),
(2841, '0', 133, 56, '2020-01-01 08:00:00', '2020-01-01 08:00:00', NULL),
(2842, '0', 133, 57, '2020-01-01 08:00:00', '2020-01-01 08:00:00', NULL),
(2843, NULL, 133, 58, '2020-01-01 08:00:00', '2020-01-01 08:00:00', NULL),
(2844, NULL, 133, 59, '2020-01-01 08:00:00', '2020-01-01 08:00:00', NULL),
(2845, '0', 133, 60, '2020-01-01 08:00:00', '2020-01-01 08:00:00', NULL),
(2846, NULL, 133, 61, '2020-01-01 08:00:00', '2020-01-01 08:00:00', NULL),
(2847, NULL, 133, 62, '2020-01-01 08:00:00', '2020-01-01 08:00:00', NULL),
(2848, NULL, 133, 63, '2020-01-01 08:00:00', '2020-01-01 08:00:00', NULL),
(2849, NULL, 133, 64, '2020-01-01 08:00:00', '2020-01-01 08:00:00', NULL),
(2850, NULL, 134, 44, '2020-02-01 08:00:00', '2020-02-01 08:00:00', NULL),
(2851, '0', 134, 45, '2020-02-01 08:00:00', '2020-02-01 08:00:00', NULL),
(2852, '0', 134, 46, '2020-02-01 08:00:00', '2020-02-01 08:00:00', NULL),
(2853, '0', 134, 47, '2020-02-01 08:00:00', '2020-02-01 08:00:00', NULL),
(2854, '0', 134, 48, '2020-02-01 08:00:00', '2020-02-01 08:00:00', NULL),
(2855, NULL, 134, 49, '2020-02-01 08:00:00', '2020-02-01 08:00:00', NULL),
(2856, NULL, 134, 50, '2020-02-01 08:00:00', '2020-02-01 08:00:00', NULL),
(2857, NULL, 134, 51, '2020-02-01 08:00:00', '2020-02-01 08:00:00', NULL),
(2858, '0', 134, 52, '2020-02-01 08:00:00', '2020-02-01 08:00:00', NULL),
(2859, '0', 134, 53, '2020-02-01 08:00:00', '2020-02-01 08:00:00', NULL),
(2860, NULL, 134, 54, '2020-02-01 08:00:00', '2020-02-01 08:00:00', NULL),
(2861, '0', 134, 55, '2020-02-01 08:00:00', '2020-02-01 08:00:00', NULL),
(2862, '0', 134, 56, '2020-02-01 08:00:00', '2020-02-01 08:00:00', NULL),
(2863, NULL, 134, 57, '2020-02-01 08:00:00', '2020-02-01 08:00:00', NULL),
(2864, NULL, 134, 58, '2020-02-01 08:00:00', '2020-02-01 08:00:00', NULL),
(2865, NULL, 134, 59, '2020-02-01 08:00:00', '2020-02-01 08:00:00', NULL),
(2866, NULL, 134, 60, '2020-02-01 08:00:00', '2020-02-01 08:00:00', NULL),
(2867, NULL, 134, 61, '2020-02-01 08:00:00', '2020-02-01 08:00:00', NULL),
(2868, NULL, 134, 62, '2020-02-01 08:00:00', '2020-02-01 08:00:00', NULL),
(2869, '0', 134, 63, '2020-02-01 08:00:00', '2020-02-01 08:00:00', NULL),
(2870, '0', 134, 64, '2020-02-01 08:00:00', '2020-02-01 08:00:00', NULL),
(2871, NULL, 135, 44, '2020-03-01 08:00:00', '2020-03-01 08:00:00', NULL),
(2872, NULL, 135, 45, '2020-03-01 08:00:00', '2020-03-01 08:00:00', NULL),
(2873, NULL, 135, 46, '2020-03-01 08:00:00', '2020-03-01 08:00:00', NULL),
(2874, '0', 135, 47, '2020-03-01 08:00:00', '2020-03-01 08:00:00', NULL),
(2875, '0', 135, 48, '2020-03-01 08:00:00', '2020-03-01 08:00:00', NULL),
(2876, '0', 135, 49, '2020-03-01 08:00:00', '2020-03-01 08:00:00', NULL),
(2877, '0', 135, 50, '2020-03-01 08:00:00', '2020-03-01 08:00:00', NULL),
(2878, '0', 135, 51, '2020-03-01 08:00:00', '2020-03-01 08:00:00', NULL),
(2879, '0', 135, 52, '2020-03-01 08:00:00', '2020-03-01 08:00:00', NULL),
(2880, '0', 135, 53, '2020-03-01 08:00:00', '2020-03-01 08:00:00', NULL),
(2881, '0', 135, 54, '2020-03-01 08:00:00', '2020-03-01 08:00:00', NULL),
(2882, NULL, 135, 55, '2020-03-01 08:00:00', '2020-03-01 08:00:00', NULL),
(2883, NULL, 135, 56, '2020-03-01 08:00:00', '2020-03-01 08:00:00', NULL),
(2884, '0', 135, 57, '2020-03-01 08:00:00', '2020-03-01 08:00:00', NULL),
(2885, '0', 135, 58, '2020-03-01 08:00:00', '2020-03-01 08:00:00', NULL),
(2886, '0', 135, 59, '2020-03-01 08:00:00', '2020-03-01 08:00:00', NULL),
(2887, NULL, 135, 60, '2020-03-01 08:00:00', '2020-03-01 08:00:00', NULL),
(2888, NULL, 135, 61, '2020-03-01 08:00:00', '2020-03-01 08:00:00', NULL),
(2889, '0', 135, 62, '2020-03-01 08:00:00', '2020-03-01 08:00:00', NULL),
(2890, '0', 135, 63, '2020-03-01 08:00:00', '2020-03-01 08:00:00', NULL),
(2891, '0', 135, 64, '2020-03-01 08:00:00', '2020-03-01 08:00:00', NULL),
(2892, '0', 136, 44, '2020-04-01 07:00:00', '2020-04-01 07:00:00', NULL),
(2893, '0', 136, 45, '2020-04-01 07:00:00', '2020-04-01 07:00:00', NULL),
(2894, NULL, 136, 46, '2020-04-01 07:00:00', '2020-04-01 07:00:00', NULL),
(2895, NULL, 136, 47, '2020-04-01 07:00:00', '2020-04-01 07:00:00', NULL),
(2896, '0', 136, 48, '2020-04-01 07:00:00', '2020-04-01 07:00:00', NULL),
(2897, '0', 136, 49, '2020-04-01 07:00:00', '2020-04-01 07:00:00', NULL),
(2898, '0', 136, 50, '2020-04-01 07:00:00', '2020-04-01 07:00:00', NULL),
(2899, '0', 136, 51, '2020-04-01 07:00:00', '2020-04-01 07:00:00', NULL),
(2900, NULL, 136, 52, '2020-04-01 07:00:00', '2020-04-01 07:00:00', NULL),
(2901, '0', 136, 53, '2020-04-01 07:00:00', '2020-04-01 07:00:00', NULL),
(2902, '0', 136, 54, '2020-04-01 07:00:00', '2020-04-01 07:00:00', NULL),
(2903, '0', 136, 55, '2020-04-01 07:00:00', '2020-04-01 07:00:00', NULL),
(2904, '0', 136, 56, '2020-04-01 07:00:00', '2020-04-01 07:00:00', NULL),
(2905, NULL, 136, 57, '2020-04-01 07:00:00', '2020-04-01 07:00:00', NULL),
(2906, '0', 136, 58, '2020-04-01 07:00:00', '2020-04-01 07:00:00', NULL),
(2907, NULL, 136, 59, '2020-04-01 07:00:00', '2020-04-01 07:00:00', NULL),
(2908, '0', 136, 60, '2020-04-01 07:00:00', '2020-04-01 07:00:00', NULL),
(2909, NULL, 136, 61, '2020-04-01 07:00:00', '2020-04-01 07:00:00', NULL),
(2910, NULL, 136, 62, '2020-04-01 07:00:00', '2020-04-01 07:00:00', NULL),
(2911, NULL, 136, 63, '2020-04-01 07:00:00', '2020-04-01 07:00:00', NULL),
(2912, '0', 136, 64, '2020-04-01 07:00:00', '2020-04-01 07:00:00', NULL),
(2913, '0', 137, 44, '2020-01-01 08:00:00', '2020-01-01 08:00:00', NULL),
(2914, NULL, 137, 45, '2020-01-01 08:00:00', '2020-01-01 08:00:00', NULL),
(2915, NULL, 137, 46, '2020-01-01 08:00:00', '2020-01-01 08:00:00', NULL),
(2916, NULL, 137, 47, '2020-01-01 08:00:00', '2020-01-01 08:00:00', NULL),
(2917, '0', 137, 48, '2020-01-01 08:00:00', '2020-01-01 08:00:00', NULL),
(2918, '0', 137, 49, '2020-01-01 08:00:00', '2020-01-01 08:00:00', NULL),
(2919, NULL, 137, 50, '2020-01-01 08:00:00', '2020-01-01 08:00:00', NULL),
(2920, '0', 137, 51, '2020-01-01 08:00:00', '2020-01-01 08:00:00', NULL),
(2921, '0', 137, 52, '2020-01-01 08:00:00', '2020-01-01 08:00:00', NULL),
(2922, NULL, 137, 53, '2020-01-01 08:00:00', '2020-01-01 08:00:00', NULL),
(2923, '0', 137, 54, '2020-01-01 08:00:00', '2020-01-01 08:00:00', NULL),
(2924, '0', 137, 55, '2020-01-01 08:00:00', '2020-01-01 08:00:00', NULL),
(2925, NULL, 137, 56, '2020-01-01 08:00:00', '2020-01-01 08:00:00', NULL),
(2926, '0', 137, 57, '2020-01-01 08:00:00', '2020-01-01 08:00:00', NULL),
(2927, '0', 137, 58, '2020-01-01 08:00:00', '2020-01-01 08:00:00', NULL),
(2928, NULL, 137, 59, '2020-01-01 08:00:00', '2020-01-01 08:00:00', NULL),
(2929, NULL, 137, 60, '2020-01-01 08:00:00', '2020-01-01 08:00:00', NULL),
(2930, '0', 137, 61, '2020-01-01 08:00:00', '2020-01-01 08:00:00', NULL),
(2931, '0', 137, 62, '2020-01-01 08:00:00', '2020-01-01 08:00:00', NULL),
(2932, '0', 137, 63, '2020-01-01 08:00:00', '2020-01-01 08:00:00', NULL),
(2933, NULL, 137, 64, '2020-01-01 08:00:00', '2020-01-01 08:00:00', NULL),
(2934, '0', 138, 44, '2020-02-01 08:00:00', '2020-02-01 08:00:00', NULL),
(2935, NULL, 138, 45, '2020-02-01 08:00:00', '2020-02-01 08:00:00', NULL),
(2936, '0', 138, 46, '2020-02-01 08:00:00', '2020-02-01 08:00:00', NULL),
(2937, NULL, 138, 47, '2020-02-01 08:00:00', '2020-02-01 08:00:00', NULL),
(2938, NULL, 138, 48, '2020-02-01 08:00:00', '2020-02-01 08:00:00', NULL),
(2939, NULL, 138, 49, '2020-02-01 08:00:00', '2020-02-01 08:00:00', NULL),
(2940, NULL, 138, 50, '2020-02-01 08:00:00', '2020-02-01 08:00:00', NULL),
(2941, '0', 138, 51, '2020-02-01 08:00:00', '2020-02-01 08:00:00', NULL),
(2942, NULL, 138, 52, '2020-02-01 08:00:00', '2020-02-01 08:00:00', NULL),
(2943, NULL, 138, 53, '2020-02-01 08:00:00', '2020-02-01 08:00:00', NULL),
(2944, NULL, 138, 54, '2020-02-01 08:00:00', '2020-02-01 08:00:00', NULL),
(2945, '0', 138, 55, '2020-02-01 08:00:00', '2020-02-01 08:00:00', NULL),
(2946, NULL, 138, 56, '2020-02-01 08:00:00', '2020-02-01 08:00:00', NULL),
(2947, NULL, 138, 57, '2020-02-01 08:00:00', '2020-02-01 08:00:00', NULL),
(2948, '0', 138, 58, '2020-02-01 08:00:00', '2020-02-01 08:00:00', NULL),
(2949, NULL, 138, 59, '2020-02-01 08:00:00', '2020-02-01 08:00:00', NULL),
(2950, '0', 138, 60, '2020-02-01 08:00:00', '2020-02-01 08:00:00', NULL),
(2951, NULL, 138, 61, '2020-02-01 08:00:00', '2020-02-01 08:00:00', NULL),
(2952, NULL, 138, 62, '2020-02-01 08:00:00', '2020-02-01 08:00:00', NULL),
(2953, NULL, 138, 63, '2020-02-01 08:00:00', '2020-02-01 08:00:00', NULL),
(2954, '0', 138, 64, '2020-02-01 08:00:00', '2020-02-01 08:00:00', NULL),
(2955, NULL, 139, 44, '2020-03-01 08:00:00', '2020-03-01 08:00:00', NULL),
(2956, '0', 139, 45, '2020-03-01 08:00:00', '2020-03-01 08:00:00', NULL),
(2957, NULL, 139, 46, '2020-03-01 08:00:00', '2020-03-01 08:00:00', NULL),
(2958, '0', 139, 47, '2020-03-01 08:00:00', '2020-03-01 08:00:00', NULL),
(2959, '0', 139, 48, '2020-03-01 08:00:00', '2020-03-01 08:00:00', NULL),
(2960, '0', 139, 49, '2020-03-01 08:00:00', '2020-03-01 08:00:00', NULL),
(2961, NULL, 139, 50, '2020-03-01 08:00:00', '2020-03-01 08:00:00', NULL),
(2962, NULL, 139, 51, '2020-03-01 08:00:00', '2020-03-01 08:00:00', NULL),
(2963, NULL, 139, 52, '2020-03-01 08:00:00', '2020-03-01 08:00:00', NULL),
(2964, '0', 139, 53, '2020-03-01 08:00:00', '2020-03-01 08:00:00', NULL),
(2965, NULL, 139, 54, '2020-03-01 08:00:00', '2020-03-01 08:00:00', NULL),
(2966, '0', 139, 55, '2020-03-01 08:00:00', '2020-03-01 08:00:00', NULL),
(2967, NULL, 139, 56, '2020-03-01 08:00:00', '2020-03-01 08:00:00', NULL),
(2968, NULL, 139, 57, '2020-03-01 08:00:00', '2020-03-01 08:00:00', NULL),
(2969, NULL, 139, 58, '2020-03-01 08:00:00', '2020-03-01 08:00:00', NULL),
(2970, '0', 139, 59, '2020-03-01 08:00:00', '2020-03-01 08:00:00', NULL),
(2971, '0', 139, 60, '2020-03-01 08:00:00', '2020-03-01 08:00:00', NULL),
(2972, NULL, 139, 61, '2020-03-01 08:00:00', '2020-03-01 08:00:00', NULL),
(2973, '0', 139, 62, '2020-03-01 08:00:00', '2020-03-01 08:00:00', NULL),
(2974, '0', 139, 63, '2020-03-01 08:00:00', '2020-03-01 08:00:00', NULL),
(2975, '0', 139, 64, '2020-03-01 08:00:00', '2020-03-01 08:00:00', NULL),
(2976, NULL, 140, 44, '2020-04-01 07:00:00', '2020-04-01 07:00:00', NULL),
(2977, '0', 140, 45, '2020-04-01 07:00:00', '2020-04-01 07:00:00', NULL),
(2978, NULL, 140, 46, '2020-04-01 07:00:00', '2020-04-01 07:00:00', NULL),
(2979, '0', 140, 47, '2020-04-01 07:00:00', '2020-04-01 07:00:00', NULL),
(2980, NULL, 140, 48, '2020-04-01 07:00:00', '2020-04-01 07:00:00', NULL),
(2981, '0', 140, 49, '2020-04-01 07:00:00', '2020-04-01 07:00:00', NULL),
(2982, NULL, 140, 50, '2020-04-01 07:00:00', '2020-04-01 07:00:00', NULL),
(2983, NULL, 140, 51, '2020-04-01 07:00:00', '2020-04-01 07:00:00', NULL),
(2984, NULL, 140, 52, '2020-04-01 07:00:00', '2020-04-01 07:00:00', NULL),
(2985, NULL, 140, 53, '2020-04-01 07:00:00', '2020-04-01 07:00:00', NULL),
(2986, NULL, 140, 54, '2020-04-01 07:00:00', '2020-04-01 07:00:00', NULL),
(2987, NULL, 140, 55, '2020-04-01 07:00:00', '2020-04-01 07:00:00', NULL),
(2988, NULL, 140, 56, '2020-04-01 07:00:00', '2020-04-01 07:00:00', NULL),
(2989, NULL, 140, 57, '2020-04-01 07:00:00', '2020-04-01 07:00:00', NULL),
(2990, '0', 140, 58, '2020-04-01 07:00:00', '2020-04-01 07:00:00', NULL),
(2991, '0', 140, 59, '2020-04-01 07:00:00', '2020-04-01 07:00:00', NULL),
(2992, '0', 140, 60, '2020-04-01 07:00:00', '2020-04-01 07:00:00', NULL),
(2993, NULL, 140, 61, '2020-04-01 07:00:00', '2020-04-01 07:00:00', NULL),
(2994, '0', 140, 62, '2020-04-01 07:00:00', '2020-04-01 07:00:00', NULL),
(2995, '0', 140, 63, '2020-04-01 07:00:00', '2020-04-01 07:00:00', NULL),
(2996, NULL, 140, 64, '2020-04-01 07:00:00', '2020-04-01 07:00:00', NULL),
(2997, NULL, 141, 44, '2020-01-01 08:00:00', '2020-01-01 08:00:00', NULL),
(2998, '0', 141, 45, '2020-01-01 08:00:00', '2020-01-01 08:00:00', NULL),
(2999, '0', 141, 46, '2020-01-01 08:00:00', '2020-01-01 08:00:00', NULL),
(3000, '0', 141, 47, '2020-01-01 08:00:00', '2020-01-01 08:00:00', NULL),
(3001, '0', 141, 48, '2020-01-01 08:00:00', '2020-01-01 08:00:00', NULL),
(3002, NULL, 141, 49, '2020-01-01 08:00:00', '2020-01-01 08:00:00', NULL),
(3003, '0', 141, 50, '2020-01-01 08:00:00', '2020-01-01 08:00:00', NULL),
(3004, NULL, 141, 51, '2020-01-01 08:00:00', '2020-01-01 08:00:00', NULL),
(3005, '0', 141, 52, '2020-01-01 08:00:00', '2020-01-01 08:00:00', NULL),
(3006, '0', 141, 53, '2020-01-01 08:00:00', '2020-01-01 08:00:00', NULL),
(3007, NULL, 141, 54, '2020-01-01 08:00:00', '2020-01-01 08:00:00', NULL),
(3008, '0', 141, 55, '2020-01-01 08:00:00', '2020-01-01 08:00:00', NULL),
(3009, '0', 141, 56, '2020-01-01 08:00:00', '2020-01-01 08:00:00', NULL),
(3010, NULL, 141, 57, '2020-01-01 08:00:00', '2020-01-01 08:00:00', NULL),
(3011, NULL, 141, 58, '2020-01-01 08:00:00', '2020-01-01 08:00:00', NULL),
(3012, NULL, 141, 59, '2020-01-01 08:00:00', '2020-01-01 08:00:00', NULL),
(3013, NULL, 141, 60, '2020-01-01 08:00:00', '2020-01-01 08:00:00', NULL),
(3014, '0', 141, 61, '2020-01-01 08:00:00', '2020-01-01 08:00:00', NULL),
(3015, NULL, 141, 62, '2020-01-01 08:00:00', '2020-01-01 08:00:00', NULL),
(3016, '0', 141, 63, '2020-01-01 08:00:00', '2020-01-01 08:00:00', NULL),
(3017, '0', 141, 64, '2020-01-01 08:00:00', '2020-01-01 08:00:00', NULL),
(3018, NULL, 142, 44, '2020-02-01 08:00:00', '2020-02-01 08:00:00', NULL),
(3019, NULL, 142, 45, '2020-02-01 08:00:00', '2020-02-01 08:00:00', NULL),
(3020, NULL, 142, 46, '2020-02-01 08:00:00', '2020-02-01 08:00:00', NULL),
(3021, NULL, 142, 47, '2020-02-01 08:00:00', '2020-02-01 08:00:00', NULL),
(3022, NULL, 142, 48, '2020-02-01 08:00:00', '2020-02-01 08:00:00', NULL),
(3023, NULL, 142, 49, '2020-02-01 08:00:00', '2020-02-01 08:00:00', NULL),
(3024, '0', 142, 50, '2020-02-01 08:00:00', '2020-02-01 08:00:00', NULL),
(3025, '0', 142, 51, '2020-02-01 08:00:00', '2020-02-01 08:00:00', NULL),
(3026, NULL, 142, 52, '2020-02-01 08:00:00', '2020-02-01 08:00:00', NULL),
(3027, '0', 142, 53, '2020-02-01 08:00:00', '2020-02-01 08:00:00', NULL),
(3028, NULL, 142, 54, '2020-02-01 08:00:00', '2020-02-01 08:00:00', NULL),
(3029, '0', 142, 55, '2020-02-01 08:00:00', '2020-02-01 08:00:00', NULL),
(3030, NULL, 142, 56, '2020-02-01 08:00:00', '2020-02-01 08:00:00', NULL),
(3031, '0', 142, 57, '2020-02-01 08:00:00', '2020-02-01 08:00:00', NULL),
(3032, NULL, 142, 58, '2020-02-01 08:00:00', '2020-02-01 08:00:00', NULL),
(3033, NULL, 142, 59, '2020-02-01 08:00:00', '2020-02-01 08:00:00', NULL),
(3034, NULL, 142, 60, '2020-02-01 08:00:00', '2020-02-01 08:00:00', NULL),
(3035, NULL, 142, 61, '2020-02-01 08:00:00', '2020-02-01 08:00:00', NULL),
(3036, '0', 142, 62, '2020-02-01 08:00:00', '2020-02-01 08:00:00', NULL),
(3037, NULL, 142, 63, '2020-02-01 08:00:00', '2020-02-01 08:00:00', NULL),
(3038, NULL, 142, 64, '2020-02-01 08:00:00', '2020-02-01 08:00:00', NULL),
(3039, NULL, 143, 44, '2020-03-01 08:00:00', '2020-03-01 08:00:00', NULL),
(3040, '0', 143, 45, '2020-03-01 08:00:00', '2020-03-01 08:00:00', NULL),
(3041, NULL, 143, 46, '2020-03-01 08:00:00', '2020-03-01 08:00:00', NULL),
(3042, NULL, 143, 47, '2020-03-01 08:00:00', '2020-03-01 08:00:00', NULL),
(3043, '0', 143, 48, '2020-03-01 08:00:00', '2020-03-01 08:00:00', NULL),
(3044, '0', 143, 49, '2020-03-01 08:00:00', '2020-03-01 08:00:00', NULL),
(3045, NULL, 143, 50, '2020-03-01 08:00:00', '2020-03-01 08:00:00', NULL),
(3046, NULL, 143, 51, '2020-03-01 08:00:00', '2020-03-01 08:00:00', NULL),
(3047, '0', 143, 52, '2020-03-01 08:00:00', '2020-03-01 08:00:00', NULL),
(3048, '0', 143, 53, '2020-03-01 08:00:00', '2020-03-01 08:00:00', NULL),
(3049, '0', 143, 54, '2020-03-01 08:00:00', '2020-03-01 08:00:00', NULL),
(3050, NULL, 143, 55, '2020-03-01 08:00:00', '2020-03-01 08:00:00', NULL),
(3051, NULL, 143, 56, '2020-03-01 08:00:00', '2020-03-01 08:00:00', NULL),
(3052, NULL, 143, 57, '2020-03-01 08:00:00', '2020-03-01 08:00:00', NULL),
(3053, '0', 143, 58, '2020-03-01 08:00:00', '2020-03-01 08:00:00', NULL),
(3054, NULL, 143, 59, '2020-03-01 08:00:00', '2020-03-01 08:00:00', NULL),
(3055, '0', 143, 60, '2020-03-01 08:00:00', '2020-03-01 08:00:00', NULL),
(3056, '0', 143, 61, '2020-03-01 08:00:00', '2020-03-01 08:00:00', NULL),
(3057, '0', 143, 62, '2020-03-01 08:00:00', '2020-03-01 08:00:00', NULL),
(3058, '0', 143, 63, '2020-03-01 08:00:00', '2020-03-01 08:00:00', NULL),
(3059, NULL, 143, 64, '2020-03-01 08:00:00', '2020-03-01 08:00:00', NULL),
(3060, NULL, 144, 44, '2020-04-01 07:00:00', '2020-04-01 07:00:00', NULL),
(3061, NULL, 144, 45, '2020-04-01 07:00:00', '2020-04-01 07:00:00', NULL),
(3062, '0', 144, 46, '2020-04-01 07:00:00', '2020-04-01 07:00:00', NULL),
(3063, NULL, 144, 47, '2020-04-01 07:00:00', '2020-04-01 07:00:00', NULL),
(3064, '0', 144, 48, '2020-04-01 07:00:00', '2020-04-01 07:00:00', NULL),
(3065, NULL, 144, 49, '2020-04-01 07:00:00', '2020-04-01 07:00:00', NULL),
(3066, NULL, 144, 50, '2020-04-01 07:00:00', '2020-04-01 07:00:00', NULL),
(3067, '0', 144, 51, '2020-04-01 07:00:00', '2020-04-01 07:00:00', NULL),
(3068, '0', 144, 52, '2020-04-01 07:00:00', '2020-04-01 07:00:00', NULL),
(3069, '0', 144, 53, '2020-04-01 07:00:00', '2020-04-01 07:00:00', NULL),
(3070, NULL, 144, 54, '2020-04-01 07:00:00', '2020-04-01 07:00:00', NULL),
(3071, '0', 144, 55, '2020-04-01 07:00:00', '2020-04-01 07:00:00', NULL),
(3072, '0', 144, 56, '2020-04-01 07:00:00', '2020-04-01 07:00:00', NULL),
(3073, NULL, 144, 57, '2020-04-01 07:00:00', '2020-04-01 07:00:00', NULL),
(3074, '0', 144, 58, '2020-04-01 07:00:00', '2020-04-01 07:00:00', NULL),
(3075, NULL, 144, 59, '2020-04-01 07:00:00', '2020-04-01 07:00:00', NULL),
(3076, NULL, 144, 60, '2020-04-01 07:00:00', '2020-04-01 07:00:00', NULL),
(3077, '0', 144, 61, '2020-04-01 07:00:00', '2020-04-01 07:00:00', NULL),
(3078, NULL, 144, 62, '2020-04-01 07:00:00', '2020-04-01 07:00:00', NULL),
(3079, NULL, 144, 63, '2020-04-01 07:00:00', '2020-04-01 07:00:00', NULL),
(3080, '0', 144, 64, '2020-04-01 07:00:00', '2020-04-01 07:00:00', NULL),
(3081, NULL, 145, 44, '2020-01-01 08:00:00', '2020-01-01 08:00:00', NULL),
(3082, NULL, 145, 45, '2020-01-01 08:00:00', '2020-01-01 08:00:00', NULL),
(3083, '0', 145, 46, '2020-01-01 08:00:00', '2020-01-01 08:00:00', NULL),
(3084, NULL, 145, 47, '2020-01-01 08:00:00', '2020-01-01 08:00:00', NULL),
(3085, NULL, 145, 48, '2020-01-01 08:00:00', '2020-01-01 08:00:00', NULL),
(3086, '0', 145, 49, '2020-01-01 08:00:00', '2020-01-01 08:00:00', NULL),
(3087, NULL, 145, 50, '2020-01-01 08:00:00', '2020-01-01 08:00:00', NULL),
(3088, '0', 145, 51, '2020-01-01 08:00:00', '2020-01-01 08:00:00', NULL),
(3089, NULL, 145, 52, '2020-01-01 08:00:00', '2020-01-01 08:00:00', NULL),
(3090, '0', 145, 53, '2020-01-01 08:00:00', '2020-01-01 08:00:00', NULL),
(3091, NULL, 145, 54, '2020-01-01 08:00:00', '2020-01-01 08:00:00', NULL),
(3092, '0', 145, 55, '2020-01-01 08:00:00', '2020-01-01 08:00:00', NULL),
(3093, NULL, 145, 56, '2020-01-01 08:00:00', '2020-01-01 08:00:00', NULL),
(3094, '0', 145, 57, '2020-01-01 08:00:00', '2020-01-01 08:00:00', NULL),
(3095, '0', 145, 58, '2020-01-01 08:00:00', '2020-01-01 08:00:00', NULL),
(3096, '0', 145, 59, '2020-01-01 08:00:00', '2020-01-01 08:00:00', NULL),
(3097, '0', 145, 60, '2020-01-01 08:00:00', '2020-01-01 08:00:00', NULL),
(3098, '0', 145, 61, '2020-01-01 08:00:00', '2020-01-01 08:00:00', NULL),
(3099, NULL, 145, 62, '2020-01-01 08:00:00', '2020-01-01 08:00:00', NULL),
(3100, NULL, 145, 63, '2020-01-01 08:00:00', '2020-01-01 08:00:00', NULL),
(3101, NULL, 145, 64, '2020-01-01 08:00:00', '2020-01-01 08:00:00', NULL),
(3102, NULL, 146, 44, '2020-02-01 08:00:00', '2020-02-01 08:00:00', NULL),
(3103, NULL, 146, 45, '2020-02-01 08:00:00', '2020-02-01 08:00:00', NULL),
(3104, NULL, 146, 46, '2020-02-01 08:00:00', '2020-02-01 08:00:00', NULL),
(3105, NULL, 146, 47, '2020-02-01 08:00:00', '2020-02-01 08:00:00', NULL),
(3106, NULL, 146, 48, '2020-02-01 08:00:00', '2020-02-01 08:00:00', NULL),
(3107, NULL, 146, 49, '2020-02-01 08:00:00', '2020-02-01 08:00:00', NULL),
(3108, NULL, 146, 50, '2020-02-01 08:00:00', '2020-02-01 08:00:00', NULL),
(3109, NULL, 146, 51, '2020-02-01 08:00:00', '2020-02-01 08:00:00', NULL),
(3110, NULL, 146, 52, '2020-02-01 08:00:00', '2020-02-01 08:00:00', NULL),
(3111, '0', 146, 53, '2020-02-01 08:00:00', '2020-02-01 08:00:00', NULL),
(3112, '0', 146, 54, '2020-02-01 08:00:00', '2020-02-01 08:00:00', NULL),
(3113, '0', 146, 55, '2020-02-01 08:00:00', '2020-02-01 08:00:00', NULL),
(3114, NULL, 146, 56, '2020-02-01 08:00:00', '2020-02-01 08:00:00', NULL),
(3115, '0', 146, 57, '2020-02-01 08:00:00', '2020-02-01 08:00:00', NULL),
(3116, NULL, 146, 58, '2020-02-01 08:00:00', '2020-02-01 08:00:00', NULL),
(3117, NULL, 146, 59, '2020-02-01 08:00:00', '2020-02-01 08:00:00', NULL),
(3118, NULL, 146, 60, '2020-02-01 08:00:00', '2020-02-01 08:00:00', NULL),
(3119, NULL, 146, 61, '2020-02-01 08:00:00', '2020-02-01 08:00:00', NULL),
(3120, NULL, 146, 62, '2020-02-01 08:00:00', '2020-02-01 08:00:00', NULL),
(3121, NULL, 146, 63, '2020-02-01 08:00:00', '2020-02-01 08:00:00', NULL),
(3122, '0', 146, 64, '2020-02-01 08:00:00', '2020-02-01 08:00:00', NULL),
(3123, NULL, 147, 44, '2020-03-01 08:00:00', '2020-03-01 08:00:00', NULL),
(3124, NULL, 147, 45, '2020-03-01 08:00:00', '2020-03-01 08:00:00', NULL),
(3125, '0', 147, 46, '2020-03-01 08:00:00', '2020-03-01 08:00:00', NULL),
(3126, NULL, 147, 47, '2020-03-01 08:00:00', '2020-03-01 08:00:00', NULL),
(3127, NULL, 147, 48, '2020-03-01 08:00:00', '2020-03-01 08:00:00', NULL),
(3128, NULL, 147, 49, '2020-03-01 08:00:00', '2020-03-01 08:00:00', NULL),
(3129, NULL, 147, 50, '2020-03-01 08:00:00', '2020-03-01 08:00:00', NULL),
(3130, '0', 147, 51, '2020-03-01 08:00:00', '2020-03-01 08:00:00', NULL),
(3131, '0', 147, 52, '2020-03-01 08:00:00', '2020-03-01 08:00:00', NULL),
(3132, NULL, 147, 53, '2020-03-01 08:00:00', '2020-03-01 08:00:00', NULL),
(3133, '0', 147, 54, '2020-03-01 08:00:00', '2020-03-01 08:00:00', NULL),
(3134, NULL, 147, 55, '2020-03-01 08:00:00', '2020-03-01 08:00:00', NULL),
(3135, '0', 147, 56, '2020-03-01 08:00:00', '2020-03-01 08:00:00', NULL),
(3136, '0', 147, 57, '2020-03-01 08:00:00', '2020-03-01 08:00:00', NULL),
(3137, '0', 147, 58, '2020-03-01 08:00:00', '2020-03-01 08:00:00', NULL),
(3138, NULL, 147, 59, '2020-03-01 08:00:00', '2020-03-01 08:00:00', NULL),
(3139, '0', 147, 60, '2020-03-01 08:00:00', '2020-03-01 08:00:00', NULL),
(3140, NULL, 147, 61, '2020-03-01 08:00:00', '2020-03-01 08:00:00', NULL),
(3141, '0', 147, 62, '2020-03-01 08:00:00', '2020-03-01 08:00:00', NULL),
(3142, '0', 147, 63, '2020-03-01 08:00:00', '2020-03-01 08:00:00', NULL),
(3143, NULL, 147, 64, '2020-03-01 08:00:00', '2020-03-01 08:00:00', NULL),
(3144, '0', 148, 44, '2020-04-01 07:00:00', '2020-04-01 07:00:00', NULL),
(3145, NULL, 148, 45, '2020-04-01 07:00:00', '2020-04-01 07:00:00', NULL),
(3146, '0', 148, 46, '2020-04-01 07:00:00', '2020-04-01 07:00:00', NULL),
(3147, '0', 148, 47, '2020-04-01 07:00:00', '2020-04-01 07:00:00', NULL),
(3148, '0', 148, 48, '2020-04-01 07:00:00', '2020-04-01 07:00:00', NULL),
(3149, NULL, 148, 49, '2020-04-01 07:00:00', '2020-04-01 07:00:00', NULL),
(3150, '0', 148, 50, '2020-04-01 07:00:00', '2020-04-01 07:00:00', NULL),
(3151, '0', 148, 51, '2020-04-01 07:00:00', '2020-04-01 07:00:00', NULL),
(3152, NULL, 148, 52, '2020-04-01 07:00:00', '2020-04-01 07:00:00', NULL),
(3153, NULL, 148, 53, '2020-04-01 07:00:00', '2020-04-01 07:00:00', NULL),
(3154, '0', 148, 54, '2020-04-01 07:00:00', '2020-04-01 07:00:00', NULL),
(3155, '0', 148, 55, '2020-04-01 07:00:00', '2020-04-01 07:00:00', NULL),
(3156, '0', 148, 56, '2020-04-01 07:00:00', '2020-04-01 07:00:00', NULL),
(3157, NULL, 148, 57, '2020-04-01 07:00:00', '2020-04-01 07:00:00', NULL),
(3158, NULL, 148, 58, '2020-04-01 07:00:00', '2020-04-01 07:00:00', NULL),
(3159, '0', 148, 59, '2020-04-01 07:00:00', '2020-04-01 07:00:00', NULL),
(3160, '0', 148, 60, '2020-04-01 07:00:00', '2020-04-01 07:00:00', NULL),
(3161, '0', 148, 61, '2020-04-01 07:00:00', '2020-04-01 07:00:00', NULL),
(3162, NULL, 148, 62, '2020-04-01 07:00:00', '2020-04-01 07:00:00', NULL),
(3163, NULL, 148, 63, '2020-04-01 07:00:00', '2020-04-01 07:00:00', NULL),
(3164, '0', 148, 64, '2020-04-01 07:00:00', '2020-04-01 07:00:00', NULL),
(3165, NULL, 149, 44, '2020-01-01 08:00:00', '2020-01-01 08:00:00', NULL),
(3166, NULL, 149, 45, '2020-01-01 08:00:00', '2020-01-01 08:00:00', NULL),
(3167, '0', 149, 46, '2020-01-01 08:00:00', '2020-01-01 08:00:00', NULL),
(3168, NULL, 149, 47, '2020-01-01 08:00:00', '2020-01-01 08:00:00', NULL),
(3169, NULL, 149, 48, '2020-01-01 08:00:00', '2020-01-01 08:00:00', NULL),
(3170, NULL, 149, 49, '2020-01-01 08:00:00', '2020-01-01 08:00:00', NULL),
(3171, NULL, 149, 50, '2020-01-01 08:00:00', '2020-01-01 08:00:00', NULL),
(3172, '0', 149, 51, '2020-01-01 08:00:00', '2020-01-01 08:00:00', NULL),
(3173, '0', 149, 52, '2020-01-01 08:00:00', '2020-01-01 08:00:00', NULL),
(3174, '0', 149, 53, '2020-01-01 08:00:00', '2020-01-01 08:00:00', NULL),
(3175, NULL, 149, 54, '2020-01-01 08:00:00', '2020-01-01 08:00:00', NULL),
(3176, NULL, 149, 55, '2020-01-01 08:00:00', '2020-01-01 08:00:00', NULL),
(3177, '0', 149, 56, '2020-01-01 08:00:00', '2020-01-01 08:00:00', NULL),
(3178, '0', 149, 57, '2020-01-01 08:00:00', '2020-01-01 08:00:00', NULL),
(3179, '0', 149, 58, '2020-01-01 08:00:00', '2020-01-01 08:00:00', NULL),
(3180, '0', 149, 59, '2020-01-01 08:00:00', '2020-01-01 08:00:00', NULL),
(3181, NULL, 149, 60, '2020-01-01 08:00:00', '2020-01-01 08:00:00', NULL),
(3182, '0', 149, 61, '2020-01-01 08:00:00', '2020-01-01 08:00:00', NULL),
(3183, NULL, 149, 62, '2020-01-01 08:00:00', '2020-01-01 08:00:00', NULL),
(3184, NULL, 149, 63, '2020-01-01 08:00:00', '2020-01-01 08:00:00', NULL),
(3185, '0', 149, 64, '2020-01-01 08:00:00', '2020-01-01 08:00:00', NULL),
(3186, NULL, 150, 44, '2020-02-01 08:00:00', '2020-02-01 08:00:00', NULL),
(3187, '0', 150, 45, '2020-02-01 08:00:00', '2020-02-01 08:00:00', NULL),
(3188, '0', 150, 46, '2020-02-01 08:00:00', '2020-02-01 08:00:00', NULL),
(3189, '0', 150, 47, '2020-02-01 08:00:00', '2020-02-01 08:00:00', NULL),
(3190, NULL, 150, 48, '2020-02-01 08:00:00', '2020-02-01 08:00:00', NULL),
(3191, NULL, 150, 49, '2020-02-01 08:00:00', '2020-02-01 08:00:00', NULL),
(3192, '0', 150, 50, '2020-02-01 08:00:00', '2020-02-01 08:00:00', NULL),
(3193, '0', 150, 51, '2020-02-01 08:00:00', '2020-02-01 08:00:00', NULL),
(3194, NULL, 150, 52, '2020-02-01 08:00:00', '2020-02-01 08:00:00', NULL),
(3195, NULL, 150, 53, '2020-02-01 08:00:00', '2020-02-01 08:00:00', NULL),
(3196, NULL, 150, 54, '2020-02-01 08:00:00', '2020-02-01 08:00:00', NULL),
(3197, '0', 150, 55, '2020-02-01 08:00:00', '2020-02-01 08:00:00', NULL),
(3198, NULL, 150, 56, '2020-02-01 08:00:00', '2020-02-01 08:00:00', NULL),
(3199, NULL, 150, 57, '2020-02-01 08:00:00', '2020-02-01 08:00:00', NULL),
(3200, '0', 150, 58, '2020-02-01 08:00:00', '2020-02-01 08:00:00', NULL),
(3201, '0', 150, 59, '2020-02-01 08:00:00', '2020-02-01 08:00:00', NULL),
(3202, '0', 150, 60, '2020-02-01 08:00:00', '2020-02-01 08:00:00', NULL),
(3203, NULL, 150, 61, '2020-02-01 08:00:00', '2020-02-01 08:00:00', NULL),
(3204, '0', 150, 62, '2020-02-01 08:00:00', '2020-02-01 08:00:00', NULL),
(3205, NULL, 150, 63, '2020-02-01 08:00:00', '2020-02-01 08:00:00', NULL),
(3206, NULL, 150, 64, '2020-02-01 08:00:00', '2020-02-01 08:00:00', NULL),
(3207, '0', 151, 44, '2020-03-01 08:00:00', '2020-03-01 08:00:00', NULL),
(3208, '0', 151, 45, '2020-03-01 08:00:00', '2020-03-01 08:00:00', NULL),
(3209, '0', 151, 46, '2020-03-01 08:00:00', '2020-03-01 08:00:00', NULL),
(3210, NULL, 151, 47, '2020-03-01 08:00:00', '2020-03-01 08:00:00', NULL),
(3211, '0', 151, 48, '2020-03-01 08:00:00', '2020-03-01 08:00:00', NULL),
(3212, NULL, 151, 49, '2020-03-01 08:00:00', '2020-03-01 08:00:00', NULL),
(3213, '0', 151, 50, '2020-03-01 08:00:00', '2020-03-01 08:00:00', NULL),
(3214, NULL, 151, 51, '2020-03-01 08:00:00', '2020-03-01 08:00:00', NULL),
(3215, NULL, 151, 52, '2020-03-01 08:00:00', '2020-03-01 08:00:00', NULL),
(3216, NULL, 151, 53, '2020-03-01 08:00:00', '2020-03-01 08:00:00', NULL),
(3217, '0', 151, 54, '2020-03-01 08:00:00', '2020-03-01 08:00:00', NULL),
(3218, NULL, 151, 55, '2020-03-01 08:00:00', '2020-03-01 08:00:00', NULL),
(3219, NULL, 151, 56, '2020-03-01 08:00:00', '2020-03-01 08:00:00', NULL),
(3220, '0', 151, 57, '2020-03-01 08:00:00', '2020-03-01 08:00:00', NULL),
(3221, NULL, 151, 58, '2020-03-01 08:00:00', '2020-03-01 08:00:00', NULL),
(3222, '0', 151, 59, '2020-03-01 08:00:00', '2020-03-01 08:00:00', NULL),
(3223, NULL, 151, 60, '2020-03-01 08:00:00', '2020-03-01 08:00:00', NULL),
(3224, NULL, 151, 61, '2020-03-01 08:00:00', '2020-03-01 08:00:00', NULL),
(3225, '0', 151, 62, '2020-03-01 08:00:00', '2020-03-01 08:00:00', NULL),
(3226, '0', 151, 63, '2020-03-01 08:00:00', '2020-03-01 08:00:00', NULL),
(3227, NULL, 151, 64, '2020-03-01 08:00:00', '2020-03-01 08:00:00', NULL),
(3228, NULL, 152, 44, '2020-04-01 07:00:00', '2020-04-01 07:00:00', NULL),
(3229, NULL, 152, 45, '2020-04-01 07:00:00', '2020-04-01 07:00:00', NULL),
(3230, NULL, 152, 46, '2020-04-01 07:00:00', '2020-04-01 07:00:00', NULL),
(3231, '0', 152, 47, '2020-04-01 07:00:00', '2020-04-01 07:00:00', NULL),
(3232, '0', 152, 48, '2020-04-01 07:00:00', '2020-04-01 07:00:00', NULL),
(3233, '0', 152, 49, '2020-04-01 07:00:00', '2020-04-01 07:00:00', NULL),
(3234, '0', 152, 50, '2020-04-01 07:00:00', '2020-04-01 07:00:00', NULL),
(3235, '0', 152, 51, '2020-04-01 07:00:00', '2020-04-01 07:00:00', NULL),
(3236, '0', 152, 52, '2020-04-01 07:00:00', '2020-04-01 07:00:00', NULL),
(3237, '0', 152, 53, '2020-04-01 07:00:00', '2020-04-01 07:00:00', NULL),
(3238, NULL, 152, 54, '2020-04-01 07:00:00', '2020-04-01 07:00:00', NULL),
(3239, NULL, 152, 55, '2020-04-01 07:00:00', '2020-04-01 07:00:00', NULL),
(3240, '0', 152, 56, '2020-04-01 07:00:00', '2020-04-01 07:00:00', NULL),
(3241, NULL, 152, 57, '2020-04-01 07:00:00', '2020-04-01 07:00:00', NULL),
(3242, '0', 152, 58, '2020-04-01 07:00:00', '2020-04-01 07:00:00', NULL),
(3243, NULL, 152, 59, '2020-04-01 07:00:00', '2020-04-01 07:00:00', NULL),
(3244, NULL, 152, 60, '2020-04-01 07:00:00', '2020-04-01 07:00:00', NULL),
(3245, NULL, 152, 61, '2020-04-01 07:00:00', '2020-04-01 07:00:00', NULL),
(3246, NULL, 152, 62, '2020-04-01 07:00:00', '2020-04-01 07:00:00', NULL),
(3247, NULL, 152, 63, '2020-04-01 07:00:00', '2020-04-01 07:00:00', NULL),
(3248, '0', 152, 64, '2020-04-01 07:00:00', '2020-04-01 07:00:00', NULL),
(3249, '0', 153, 44, '2020-01-01 08:00:00', '2020-01-01 08:00:00', NULL),
(3250, '0', 153, 45, '2020-01-01 08:00:00', '2020-01-01 08:00:00', NULL),
(3251, NULL, 153, 46, '2020-01-01 08:00:00', '2020-01-01 08:00:00', NULL),
(3252, NULL, 153, 47, '2020-01-01 08:00:00', '2020-01-01 08:00:00', NULL),
(3253, NULL, 153, 48, '2020-01-01 08:00:00', '2020-01-01 08:00:00', NULL),
(3254, '0', 153, 49, '2020-01-01 08:00:00', '2020-01-01 08:00:00', NULL),
(3255, NULL, 153, 50, '2020-01-01 08:00:00', '2020-01-01 08:00:00', NULL),
(3256, '0', 153, 51, '2020-01-01 08:00:00', '2020-01-01 08:00:00', NULL),
(3257, '0', 153, 52, '2020-01-01 08:00:00', '2020-01-01 08:00:00', NULL),
(3258, NULL, 153, 53, '2020-01-01 08:00:00', '2020-01-01 08:00:00', NULL),
(3259, NULL, 153, 54, '2020-01-01 08:00:00', '2020-01-01 08:00:00', NULL),
(3260, NULL, 153, 55, '2020-01-01 08:00:00', '2020-01-01 08:00:00', NULL),
(3261, '0', 153, 56, '2020-01-01 08:00:00', '2020-01-01 08:00:00', NULL),
(3262, '0', 153, 57, '2020-01-01 08:00:00', '2020-01-01 08:00:00', NULL),
(3263, NULL, 153, 58, '2020-01-01 08:00:00', '2020-01-01 08:00:00', NULL),
(3264, '0', 153, 59, '2020-01-01 08:00:00', '2020-01-01 08:00:00', NULL),
(3265, NULL, 153, 60, '2020-01-01 08:00:00', '2020-01-01 08:00:00', NULL),
(3266, '0', 153, 61, '2020-01-01 08:00:00', '2020-01-01 08:00:00', NULL),
(3267, '0', 153, 62, '2020-01-01 08:00:00', '2020-01-01 08:00:00', NULL),
(3268, '0', 153, 63, '2020-01-01 08:00:00', '2020-01-01 08:00:00', NULL),
(3269, '0', 153, 64, '2020-01-01 08:00:00', '2020-01-01 08:00:00', NULL),
(3270, NULL, 154, 44, '2020-02-01 08:00:00', '2020-02-01 08:00:00', NULL),
(3271, NULL, 154, 45, '2020-02-01 08:00:00', '2020-02-01 08:00:00', NULL),
(3272, NULL, 154, 46, '2020-02-01 08:00:00', '2020-02-01 08:00:00', NULL),
(3273, NULL, 154, 47, '2020-02-01 08:00:00', '2020-02-01 08:00:00', NULL),
(3274, '0', 154, 48, '2020-02-01 08:00:00', '2020-02-01 08:00:00', NULL),
(3275, NULL, 154, 49, '2020-02-01 08:00:00', '2020-02-01 08:00:00', NULL),
(3276, NULL, 154, 50, '2020-02-01 08:00:00', '2020-02-01 08:00:00', NULL),
(3277, '0', 154, 51, '2020-02-01 08:00:00', '2020-02-01 08:00:00', NULL),
(3278, '0', 154, 52, '2020-02-01 08:00:00', '2020-02-01 08:00:00', NULL),
(3279, NULL, 154, 53, '2020-02-01 08:00:00', '2020-02-01 08:00:00', NULL),
(3280, '0', 154, 54, '2020-02-01 08:00:00', '2020-02-01 08:00:00', NULL),
(3281, NULL, 154, 55, '2020-02-01 08:00:00', '2020-02-01 08:00:00', NULL),
(3282, '0', 154, 56, '2020-02-01 08:00:00', '2020-02-01 08:00:00', NULL),
(3283, '0', 154, 57, '2020-02-01 08:00:00', '2020-02-01 08:00:00', NULL),
(3284, '0', 154, 58, '2020-02-01 08:00:00', '2020-02-01 08:00:00', NULL),
(3285, NULL, 154, 59, '2020-02-01 08:00:00', '2020-02-01 08:00:00', NULL),
(3286, '0', 154, 60, '2020-02-01 08:00:00', '2020-02-01 08:00:00', NULL),
(3287, NULL, 154, 61, '2020-02-01 08:00:00', '2020-02-01 08:00:00', NULL),
(3288, '0', 154, 62, '2020-02-01 08:00:00', '2020-02-01 08:00:00', NULL),
(3289, '0', 154, 63, '2020-02-01 08:00:00', '2020-02-01 08:00:00', NULL),
(3290, '0', 154, 64, '2020-02-01 08:00:00', '2020-02-01 08:00:00', NULL),
(3291, '0', 155, 44, '2020-03-01 08:00:00', '2020-03-01 08:00:00', NULL),
(3292, NULL, 155, 45, '2020-03-01 08:00:00', '2020-03-01 08:00:00', NULL),
(3293, '0', 155, 46, '2020-03-01 08:00:00', '2020-03-01 08:00:00', NULL),
(3294, '0', 155, 47, '2020-03-01 08:00:00', '2020-03-01 08:00:00', NULL),
(3295, '0', 155, 48, '2020-03-01 08:00:00', '2020-03-01 08:00:00', NULL),
(3296, '0', 155, 49, '2020-03-01 08:00:00', '2020-03-01 08:00:00', NULL),
(3297, '0', 155, 50, '2020-03-01 08:00:00', '2020-03-01 08:00:00', NULL),
(3298, NULL, 155, 51, '2020-03-01 08:00:00', '2020-03-01 08:00:00', NULL),
(3299, '0', 155, 52, '2020-03-01 08:00:00', '2020-03-01 08:00:00', NULL),
(3300, NULL, 155, 53, '2020-03-01 08:00:00', '2020-03-01 08:00:00', NULL),
(3301, NULL, 155, 54, '2020-03-01 08:00:00', '2020-03-01 08:00:00', NULL),
(3302, '0', 155, 55, '2020-03-01 08:00:00', '2020-03-01 08:00:00', NULL),
(3303, NULL, 155, 56, '2020-03-01 08:00:00', '2020-03-01 08:00:00', NULL),
(3304, NULL, 155, 57, '2020-03-01 08:00:00', '2020-03-01 08:00:00', NULL),
(3305, NULL, 155, 58, '2020-03-01 08:00:00', '2020-03-01 08:00:00', NULL),
(3306, NULL, 155, 59, '2020-03-01 08:00:00', '2020-03-01 08:00:00', NULL),
(3307, '0', 155, 60, '2020-03-01 08:00:00', '2020-03-01 08:00:00', NULL),
(3308, NULL, 155, 61, '2020-03-01 08:00:00', '2020-03-01 08:00:00', NULL),
(3309, '0', 155, 62, '2020-03-01 08:00:00', '2020-03-01 08:00:00', NULL),
(3310, NULL, 155, 63, '2020-03-01 08:00:00', '2020-03-01 08:00:00', NULL),
(3311, '0', 155, 64, '2020-03-01 08:00:00', '2020-03-01 08:00:00', NULL),
(3312, '0', 156, 44, '2020-04-01 07:00:00', '2020-04-01 07:00:00', NULL),
(3313, NULL, 156, 45, '2020-04-01 07:00:00', '2020-04-01 07:00:00', NULL),
(3314, '0', 156, 46, '2020-04-01 07:00:00', '2020-04-01 07:00:00', NULL),
(3315, '0', 156, 47, '2020-04-01 07:00:00', '2020-04-01 07:00:00', NULL),
(3316, '0', 156, 48, '2020-04-01 07:00:00', '2020-04-01 07:00:00', NULL),
(3317, NULL, 156, 49, '2020-04-01 07:00:00', '2020-04-01 07:00:00', NULL),
(3318, '0', 156, 50, '2020-04-01 07:00:00', '2020-04-01 07:00:00', NULL),
(3319, '0', 156, 51, '2020-04-01 07:00:00', '2020-04-01 07:00:00', NULL),
(3320, NULL, 156, 52, '2020-04-01 07:00:00', '2020-04-01 07:00:00', NULL),
(3321, '0', 156, 53, '2020-04-01 07:00:00', '2020-04-01 07:00:00', NULL),
(3322, '0', 156, 54, '2020-04-01 07:00:00', '2020-04-01 07:00:00', NULL),
(3323, NULL, 156, 55, '2020-04-01 07:00:00', '2020-04-01 07:00:00', NULL),
(3324, '0', 156, 56, '2020-04-01 07:00:00', '2020-04-01 07:00:00', NULL),
(3325, NULL, 156, 57, '2020-04-01 07:00:00', '2020-04-01 07:00:00', NULL),
(3326, '0', 156, 58, '2020-04-01 07:00:00', '2020-04-01 07:00:00', NULL),
(3327, NULL, 156, 59, '2020-04-01 07:00:00', '2020-04-01 07:00:00', NULL),
(3328, NULL, 156, 60, '2020-04-01 07:00:00', '2020-04-01 07:00:00', NULL),
(3329, NULL, 156, 61, '2020-04-01 07:00:00', '2020-04-01 07:00:00', NULL),
(3330, '0', 156, 62, '2020-04-01 07:00:00', '2020-04-01 07:00:00', NULL),
(3331, NULL, 156, 63, '2020-04-01 07:00:00', '2020-04-01 07:00:00', NULL),
(3332, '0', 156, 64, '2020-04-01 07:00:00', '2020-04-01 07:00:00', NULL),
(3333, '0', 157, 44, '2020-01-01 08:00:00', '2020-01-01 08:00:00', NULL),
(3334, '0', 157, 45, '2020-01-01 08:00:00', '2020-01-01 08:00:00', NULL),
(3335, '0', 157, 46, '2020-01-01 08:00:00', '2020-01-01 08:00:00', NULL),
(3336, NULL, 157, 47, '2020-01-01 08:00:00', '2020-01-01 08:00:00', NULL),
(3337, NULL, 157, 48, '2020-01-01 08:00:00', '2020-01-01 08:00:00', NULL),
(3338, '0', 157, 49, '2020-01-01 08:00:00', '2020-01-01 08:00:00', NULL),
(3339, NULL, 157, 50, '2020-01-01 08:00:00', '2020-01-01 08:00:00', NULL),
(3340, '0', 157, 51, '2020-01-01 08:00:00', '2020-01-01 08:00:00', NULL),
(3341, NULL, 157, 52, '2020-01-01 08:00:00', '2020-01-01 08:00:00', NULL),
(3342, '0', 157, 53, '2020-01-01 08:00:00', '2020-01-01 08:00:00', NULL),
(3343, NULL, 157, 54, '2020-01-01 08:00:00', '2020-01-01 08:00:00', NULL),
(3344, '0', 157, 55, '2020-01-01 08:00:00', '2020-01-01 08:00:00', NULL),
(3345, '0', 157, 56, '2020-01-01 08:00:00', '2020-01-01 08:00:00', NULL),
(3346, NULL, 157, 57, '2020-01-01 08:00:00', '2020-01-01 08:00:00', NULL),
(3347, '0', 157, 58, '2020-01-01 08:00:00', '2020-01-01 08:00:00', NULL),
(3348, NULL, 157, 59, '2020-01-01 08:00:00', '2020-01-01 08:00:00', NULL),
(3349, '0', 157, 60, '2020-01-01 08:00:00', '2020-01-01 08:00:00', NULL),
(3350, NULL, 157, 61, '2020-01-01 08:00:00', '2020-01-01 08:00:00', NULL),
(3351, '0', 157, 62, '2020-01-01 08:00:00', '2020-01-01 08:00:00', NULL),
(3352, '0', 157, 63, '2020-01-01 08:00:00', '2020-01-01 08:00:00', NULL),
(3353, '0', 157, 64, '2020-01-01 08:00:00', '2020-01-01 08:00:00', NULL),
(3354, NULL, 158, 44, '2020-02-01 08:00:00', '2020-02-01 08:00:00', NULL),
(3355, NULL, 158, 45, '2020-02-01 08:00:00', '2020-02-01 08:00:00', NULL),
(3356, '0', 158, 46, '2020-02-01 08:00:00', '2020-02-01 08:00:00', NULL),
(3357, '0', 158, 47, '2020-02-01 08:00:00', '2020-02-01 08:00:00', NULL),
(3358, NULL, 158, 48, '2020-02-01 08:00:00', '2020-02-01 08:00:00', NULL),
(3359, NULL, 158, 49, '2020-02-01 08:00:00', '2020-02-01 08:00:00', NULL),
(3360, '0', 158, 50, '2020-02-01 08:00:00', '2020-02-01 08:00:00', NULL),
(3361, '0', 158, 51, '2020-02-01 08:00:00', '2020-02-01 08:00:00', NULL),
(3362, NULL, 158, 52, '2020-02-01 08:00:00', '2020-02-01 08:00:00', NULL),
(3363, NULL, 158, 53, '2020-02-01 08:00:00', '2020-02-01 08:00:00', NULL),
(3364, NULL, 158, 54, '2020-02-01 08:00:00', '2020-02-01 08:00:00', NULL),
(3365, NULL, 158, 55, '2020-02-01 08:00:00', '2020-02-01 08:00:00', NULL),
(3366, NULL, 158, 56, '2020-02-01 08:00:00', '2020-02-01 08:00:00', NULL),
(3367, NULL, 158, 57, '2020-02-01 08:00:00', '2020-02-01 08:00:00', NULL),
(3368, '0', 158, 58, '2020-02-01 08:00:00', '2020-02-01 08:00:00', NULL),
(3369, '0', 158, 59, '2020-02-01 08:00:00', '2020-02-01 08:00:00', NULL),
(3370, NULL, 158, 60, '2020-02-01 08:00:00', '2020-02-01 08:00:00', NULL),
(3371, '0', 158, 61, '2020-02-01 08:00:00', '2020-02-01 08:00:00', NULL),
(3372, '0', 158, 62, '2020-02-01 08:00:00', '2020-02-01 08:00:00', NULL),
(3373, '0', 158, 63, '2020-02-01 08:00:00', '2020-02-01 08:00:00', NULL),
(3374, '0', 158, 64, '2020-02-01 08:00:00', '2020-02-01 08:00:00', NULL),
(3375, '0', 159, 44, '2020-03-01 08:00:00', '2020-03-01 08:00:00', NULL),
(3376, NULL, 159, 45, '2020-03-01 08:00:00', '2020-03-01 08:00:00', NULL),
(3377, '0', 159, 46, '2020-03-01 08:00:00', '2020-03-01 08:00:00', NULL),
(3378, '0', 159, 47, '2020-03-01 08:00:00', '2020-03-01 08:00:00', NULL),
(3379, '0', 159, 48, '2020-03-01 08:00:00', '2020-03-01 08:00:00', NULL),
(3380, '0', 159, 49, '2020-03-01 08:00:00', '2020-03-01 08:00:00', NULL),
(3381, '0', 159, 50, '2020-03-01 08:00:00', '2020-03-01 08:00:00', NULL),
(3382, NULL, 159, 51, '2020-03-01 08:00:00', '2020-03-01 08:00:00', NULL),
(3383, '0', 159, 52, '2020-03-01 08:00:00', '2020-03-01 08:00:00', NULL),
(3384, '0', 159, 53, '2020-03-01 08:00:00', '2020-03-01 08:00:00', NULL),
(3385, NULL, 159, 54, '2020-03-01 08:00:00', '2020-03-01 08:00:00', NULL),
(3386, NULL, 159, 55, '2020-03-01 08:00:00', '2020-03-01 08:00:00', NULL),
(3387, NULL, 159, 56, '2020-03-01 08:00:00', '2020-03-01 08:00:00', NULL),
(3388, NULL, 159, 57, '2020-03-01 08:00:00', '2020-03-01 08:00:00', NULL),
(3389, NULL, 159, 58, '2020-03-01 08:00:00', '2020-03-01 08:00:00', NULL),
(3390, NULL, 159, 59, '2020-03-01 08:00:00', '2020-03-01 08:00:00', NULL),
(3391, NULL, 159, 60, '2020-03-01 08:00:00', '2020-03-01 08:00:00', NULL),
(3392, NULL, 159, 61, '2020-03-01 08:00:00', '2020-03-01 08:00:00', NULL),
(3393, NULL, 159, 62, '2020-03-01 08:00:00', '2020-03-01 08:00:00', NULL),
(3394, '0', 159, 63, '2020-03-01 08:00:00', '2020-03-01 08:00:00', NULL),
(3395, NULL, 159, 64, '2020-03-01 08:00:00', '2020-03-01 08:00:00', NULL),
(3396, '0', 160, 44, '2020-04-01 07:00:00', '2020-04-01 07:00:00', NULL),
(3397, '0', 160, 45, '2020-04-01 07:00:00', '2020-04-01 07:00:00', NULL),
(3398, '0', 160, 46, '2020-04-01 07:00:00', '2020-04-01 07:00:00', NULL),
(3399, NULL, 160, 47, '2020-04-01 07:00:00', '2020-04-01 07:00:00', NULL),
(3400, '0', 160, 48, '2020-04-01 07:00:00', '2020-04-01 07:00:00', NULL),
(3401, NULL, 160, 49, '2020-04-01 07:00:00', '2020-04-01 07:00:00', NULL),
(3402, NULL, 160, 50, '2020-04-01 07:00:00', '2020-04-01 07:00:00', NULL),
(3403, NULL, 160, 51, '2020-04-01 07:00:00', '2020-04-01 07:00:00', NULL),
(3404, '0', 160, 52, '2020-04-01 07:00:00', '2020-04-01 07:00:00', NULL),
(3405, '0', 160, 53, '2020-04-01 07:00:00', '2020-04-01 07:00:00', NULL),
(3406, NULL, 160, 54, '2020-04-01 07:00:00', '2020-04-01 07:00:00', NULL),
(3407, NULL, 160, 55, '2020-04-01 07:00:00', '2020-04-01 07:00:00', NULL),
(3408, '0', 160, 56, '2020-04-01 07:00:00', '2020-04-01 07:00:00', NULL),
(3409, NULL, 160, 57, '2020-04-01 07:00:00', '2020-04-01 07:00:00', NULL),
(3410, '0', 160, 58, '2020-04-01 07:00:00', '2020-04-01 07:00:00', NULL),
(3411, '0', 160, 59, '2020-04-01 07:00:00', '2020-04-01 07:00:00', NULL),
(3412, NULL, 160, 60, '2020-04-01 07:00:00', '2020-04-01 07:00:00', NULL),
(3413, NULL, 160, 61, '2020-04-01 07:00:00', '2020-04-01 07:00:00', NULL),
(3414, NULL, 160, 62, '2020-04-01 07:00:00', '2020-04-01 07:00:00', NULL),
(3415, '0', 160, 63, '2020-04-01 07:00:00', '2020-04-01 07:00:00', NULL),
(3416, '0', 160, 64, '2020-04-01 07:00:00', '2020-04-01 07:00:00', NULL),
(3417, NULL, 161, 44, '2020-01-01 08:00:00', '2020-01-01 08:00:00', NULL),
(3418, NULL, 161, 45, '2020-01-01 08:00:00', '2020-01-01 08:00:00', NULL),
(3419, NULL, 161, 46, '2020-01-01 08:00:00', '2020-01-01 08:00:00', NULL),
(3420, '0', 161, 47, '2020-01-01 08:00:00', '2020-01-01 08:00:00', NULL),
(3421, '0', 161, 48, '2020-01-01 08:00:00', '2020-01-01 08:00:00', NULL),
(3422, NULL, 161, 49, '2020-01-01 08:00:00', '2020-01-01 08:00:00', NULL),
(3423, '0', 161, 50, '2020-01-01 08:00:00', '2020-01-01 08:00:00', NULL),
(3424, '0', 161, 51, '2020-01-01 08:00:00', '2020-01-01 08:00:00', NULL),
(3425, '0', 161, 52, '2020-01-01 08:00:00', '2020-01-01 08:00:00', NULL),
(3426, NULL, 161, 53, '2020-01-01 08:00:00', '2020-01-01 08:00:00', NULL),
(3427, '0', 161, 54, '2020-01-01 08:00:00', '2020-01-01 08:00:00', NULL),
(3428, NULL, 161, 55, '2020-01-01 08:00:00', '2020-01-01 08:00:00', NULL),
(3429, '0', 161, 56, '2020-01-01 08:00:00', '2020-01-01 08:00:00', NULL),
(3430, NULL, 161, 57, '2020-01-01 08:00:00', '2020-01-01 08:00:00', NULL),
(3431, '0', 161, 58, '2020-01-01 08:00:00', '2020-01-01 08:00:00', NULL),
(3432, NULL, 161, 59, '2020-01-01 08:00:00', '2020-01-01 08:00:00', NULL),
(3433, '0', 161, 60, '2020-01-01 08:00:00', '2020-01-01 08:00:00', NULL),
(3434, '0', 161, 61, '2020-01-01 08:00:00', '2020-01-01 08:00:00', NULL),
(3435, '0', 161, 62, '2020-01-01 08:00:00', '2020-01-01 08:00:00', NULL),
(3436, NULL, 161, 63, '2020-01-01 08:00:00', '2020-01-01 08:00:00', NULL),
(3437, NULL, 161, 64, '2020-01-01 08:00:00', '2020-01-01 08:00:00', NULL),
(3438, '0', 162, 44, '2020-02-01 08:00:00', '2020-02-01 08:00:00', NULL),
(3439, '0', 162, 45, '2020-02-01 08:00:00', '2020-02-01 08:00:00', NULL),
(3440, '0', 162, 46, '2020-02-01 08:00:00', '2020-02-01 08:00:00', NULL),
(3441, NULL, 162, 47, '2020-02-01 08:00:00', '2020-02-01 08:00:00', NULL),
(3442, '0', 162, 48, '2020-02-01 08:00:00', '2020-02-01 08:00:00', NULL),
(3443, '0', 162, 49, '2020-02-01 08:00:00', '2020-02-01 08:00:00', NULL),
(3444, '0', 162, 50, '2020-02-01 08:00:00', '2020-02-01 08:00:00', NULL),
(3445, '0', 162, 51, '2020-02-01 08:00:00', '2020-02-01 08:00:00', NULL),
(3446, NULL, 162, 52, '2020-02-01 08:00:00', '2020-02-01 08:00:00', NULL),
(3447, '0', 162, 53, '2020-02-01 08:00:00', '2020-02-01 08:00:00', NULL),
(3448, '0', 162, 54, '2020-02-01 08:00:00', '2020-02-01 08:00:00', NULL),
(3449, '0', 162, 55, '2020-02-01 08:00:00', '2020-02-01 08:00:00', NULL),
(3450, '0', 162, 56, '2020-02-01 08:00:00', '2020-02-01 08:00:00', NULL),
(3451, '0', 162, 57, '2020-02-01 08:00:00', '2020-02-01 08:00:00', NULL),
(3452, '0', 162, 58, '2020-02-01 08:00:00', '2020-02-01 08:00:00', NULL),
(3453, NULL, 162, 59, '2020-02-01 08:00:00', '2020-02-01 08:00:00', NULL),
(3454, '0', 162, 60, '2020-02-01 08:00:00', '2020-02-01 08:00:00', NULL),
(3455, '0', 162, 61, '2020-02-01 08:00:00', '2020-02-01 08:00:00', NULL),
(3456, NULL, 162, 62, '2020-02-01 08:00:00', '2020-02-01 08:00:00', NULL),
(3457, NULL, 162, 63, '2020-02-01 08:00:00', '2020-02-01 08:00:00', NULL),
(3458, '0', 162, 64, '2020-02-01 08:00:00', '2020-02-01 08:00:00', NULL),
(3459, NULL, 163, 44, '2020-03-01 08:00:00', '2020-03-01 08:00:00', NULL),
(3460, NULL, 163, 45, '2020-03-01 08:00:00', '2020-03-01 08:00:00', NULL),
(3461, '0', 163, 46, '2020-03-01 08:00:00', '2020-03-01 08:00:00', NULL),
(3462, '0', 163, 47, '2020-03-01 08:00:00', '2020-03-01 08:00:00', NULL),
(3463, NULL, 163, 48, '2020-03-01 08:00:00', '2020-03-01 08:00:00', NULL),
(3464, NULL, 163, 49, '2020-03-01 08:00:00', '2020-03-01 08:00:00', NULL),
(3465, NULL, 163, 50, '2020-03-01 08:00:00', '2020-03-01 08:00:00', NULL),
(3466, NULL, 163, 51, '2020-03-01 08:00:00', '2020-03-01 08:00:00', NULL),
(3467, '0', 163, 52, '2020-03-01 08:00:00', '2020-03-01 08:00:00', NULL),
(3468, NULL, 163, 53, '2020-03-01 08:00:00', '2020-03-01 08:00:00', NULL),
(3469, NULL, 163, 54, '2020-03-01 08:00:00', '2020-03-01 08:00:00', NULL),
(3470, NULL, 163, 55, '2020-03-01 08:00:00', '2020-03-01 08:00:00', NULL),
(3471, NULL, 163, 56, '2020-03-01 08:00:00', '2020-03-01 08:00:00', NULL),
(3472, '0', 163, 57, '2020-03-01 08:00:00', '2020-03-01 08:00:00', NULL),
(3473, '0', 163, 58, '2020-03-01 08:00:00', '2020-03-01 08:00:00', NULL),
(3474, '0', 163, 59, '2020-03-01 08:00:00', '2020-03-01 08:00:00', NULL),
(3475, NULL, 163, 60, '2020-03-01 08:00:00', '2020-03-01 08:00:00', NULL),
(3476, NULL, 163, 61, '2020-03-01 08:00:00', '2020-03-01 08:00:00', NULL),
(3477, NULL, 163, 62, '2020-03-01 08:00:00', '2020-03-01 08:00:00', NULL),
(3478, NULL, 163, 63, '2020-03-01 08:00:00', '2020-03-01 08:00:00', NULL),
(3479, '0', 163, 64, '2020-03-01 08:00:00', '2020-03-01 08:00:00', NULL),
(3480, '0', 164, 44, '2020-04-01 07:00:00', '2020-04-01 07:00:00', NULL),
(3481, '0', 164, 45, '2020-04-01 07:00:00', '2020-04-01 07:00:00', NULL),
(3482, NULL, 164, 46, '2020-04-01 07:00:00', '2020-04-01 07:00:00', NULL),
(3483, NULL, 164, 47, '2020-04-01 07:00:00', '2020-04-01 07:00:00', NULL),
(3484, NULL, 164, 48, '2020-04-01 07:00:00', '2020-04-01 07:00:00', NULL),
(3485, '0', 164, 49, '2020-04-01 07:00:00', '2020-04-01 07:00:00', NULL),
(3486, '0', 164, 50, '2020-04-01 07:00:00', '2020-04-01 07:00:00', NULL),
(3487, NULL, 164, 51, '2020-04-01 07:00:00', '2020-04-01 07:00:00', NULL),
(3488, '0', 164, 52, '2020-04-01 07:00:00', '2020-04-01 07:00:00', NULL),
(3489, '0', 164, 53, '2020-04-01 07:00:00', '2020-04-01 07:00:00', NULL),
(3490, NULL, 164, 54, '2020-04-01 07:00:00', '2020-04-01 07:00:00', NULL),
(3491, NULL, 164, 55, '2020-04-01 07:00:00', '2020-04-01 07:00:00', NULL);
INSERT INTO `journal_records` (`id`, `value`, `column_id`, `student_id`, `created_at`, `updated_at`, `deleted_at`) VALUES
(3492, NULL, 164, 56, '2020-04-01 07:00:00', '2020-04-01 07:00:00', NULL),
(3493, NULL, 164, 57, '2020-04-01 07:00:00', '2020-04-01 07:00:00', NULL),
(3494, '0', 164, 58, '2020-04-01 07:00:00', '2020-04-01 07:00:00', NULL),
(3495, NULL, 164, 59, '2020-04-01 07:00:00', '2020-04-01 07:00:00', NULL),
(3496, NULL, 164, 60, '2020-04-01 07:00:00', '2020-04-01 07:00:00', NULL),
(3497, NULL, 164, 61, '2020-04-01 07:00:00', '2020-04-01 07:00:00', NULL),
(3498, NULL, 164, 62, '2020-04-01 07:00:00', '2020-04-01 07:00:00', NULL),
(3499, '0', 164, 63, '2020-04-01 07:00:00', '2020-04-01 07:00:00', NULL),
(3500, '0', 164, 64, '2020-04-01 07:00:00', '2020-04-01 07:00:00', NULL),
(3501, '0', 165, 44, '2020-01-01 08:00:00', '2020-01-01 08:00:00', NULL),
(3502, '0', 165, 45, '2020-01-01 08:00:00', '2020-01-01 08:00:00', NULL),
(3503, '0', 165, 46, '2020-01-01 08:00:00', '2020-01-01 08:00:00', NULL),
(3504, NULL, 165, 47, '2020-01-01 08:00:00', '2020-01-01 08:00:00', NULL),
(3505, NULL, 165, 48, '2020-01-01 08:00:00', '2020-01-01 08:00:00', NULL),
(3506, '0', 165, 49, '2020-01-01 08:00:00', '2020-01-01 08:00:00', NULL),
(3507, '0', 165, 50, '2020-01-01 08:00:00', '2020-01-01 08:00:00', NULL),
(3508, '0', 165, 51, '2020-01-01 08:00:00', '2020-01-01 08:00:00', NULL),
(3509, '0', 165, 52, '2020-01-01 08:00:00', '2020-01-01 08:00:00', NULL),
(3510, NULL, 165, 53, '2020-01-01 08:00:00', '2020-01-01 08:00:00', NULL),
(3511, NULL, 165, 54, '2020-01-01 08:00:00', '2020-01-01 08:00:00', NULL),
(3512, NULL, 165, 55, '2020-01-01 08:00:00', '2020-01-01 08:00:00', NULL),
(3513, '0', 165, 56, '2020-01-01 08:00:00', '2020-01-01 08:00:00', NULL),
(3514, '0', 165, 57, '2020-01-01 08:00:00', '2020-01-01 08:00:00', NULL),
(3515, NULL, 165, 58, '2020-01-01 08:00:00', '2020-01-01 08:00:00', NULL),
(3516, NULL, 165, 59, '2020-01-01 08:00:00', '2020-01-01 08:00:00', NULL),
(3517, NULL, 165, 60, '2020-01-01 08:00:00', '2020-01-01 08:00:00', NULL),
(3518, NULL, 165, 61, '2020-01-01 08:00:00', '2020-01-01 08:00:00', NULL),
(3519, '0', 165, 62, '2020-01-01 08:00:00', '2020-01-01 08:00:00', NULL),
(3520, '0', 165, 63, '2020-01-01 08:00:00', '2020-01-01 08:00:00', NULL),
(3521, NULL, 165, 64, '2020-01-01 08:00:00', '2020-01-01 08:00:00', NULL),
(3522, '0', 166, 44, '2020-02-01 08:00:00', '2020-02-01 08:00:00', NULL),
(3523, '0', 166, 45, '2020-02-01 08:00:00', '2020-02-01 08:00:00', NULL),
(3524, NULL, 166, 46, '2020-02-01 08:00:00', '2020-02-01 08:00:00', NULL),
(3525, NULL, 166, 47, '2020-02-01 08:00:00', '2020-02-01 08:00:00', NULL),
(3526, '0', 166, 48, '2020-02-01 08:00:00', '2020-02-01 08:00:00', NULL),
(3527, '0', 166, 49, '2020-02-01 08:00:00', '2020-02-01 08:00:00', NULL),
(3528, NULL, 166, 50, '2020-02-01 08:00:00', '2020-02-01 08:00:00', NULL),
(3529, '0', 166, 51, '2020-02-01 08:00:00', '2020-02-01 08:00:00', NULL),
(3530, '0', 166, 52, '2020-02-01 08:00:00', '2020-02-01 08:00:00', NULL),
(3531, NULL, 166, 53, '2020-02-01 08:00:00', '2020-02-01 08:00:00', NULL),
(3532, '0', 166, 54, '2020-02-01 08:00:00', '2020-02-01 08:00:00', NULL),
(3533, '0', 166, 55, '2020-02-01 08:00:00', '2020-02-01 08:00:00', NULL),
(3534, '0', 166, 56, '2020-02-01 08:00:00', '2020-02-01 08:00:00', NULL),
(3535, NULL, 166, 57, '2020-02-01 08:00:00', '2020-02-01 08:00:00', NULL),
(3536, '0', 166, 58, '2020-02-01 08:00:00', '2020-02-01 08:00:00', NULL),
(3537, NULL, 166, 59, '2020-02-01 08:00:00', '2020-02-01 08:00:00', NULL),
(3538, '0', 166, 60, '2020-02-01 08:00:00', '2020-02-01 08:00:00', NULL),
(3539, NULL, 166, 61, '2020-02-01 08:00:00', '2020-02-01 08:00:00', NULL),
(3540, NULL, 166, 62, '2020-02-01 08:00:00', '2020-02-01 08:00:00', NULL),
(3541, '0', 166, 63, '2020-02-01 08:00:00', '2020-02-01 08:00:00', NULL),
(3542, '0', 166, 64, '2020-02-01 08:00:00', '2020-02-01 08:00:00', NULL),
(3543, '0', 167, 44, '2020-03-01 08:00:00', '2020-03-01 08:00:00', NULL),
(3544, NULL, 167, 45, '2020-03-01 08:00:00', '2020-03-01 08:00:00', NULL),
(3545, '0', 167, 46, '2020-03-01 08:00:00', '2020-03-01 08:00:00', NULL),
(3546, NULL, 167, 47, '2020-03-01 08:00:00', '2020-03-01 08:00:00', NULL),
(3547, NULL, 167, 48, '2020-03-01 08:00:00', '2020-03-01 08:00:00', NULL),
(3548, NULL, 167, 49, '2020-03-01 08:00:00', '2020-03-01 08:00:00', NULL),
(3549, '0', 167, 50, '2020-03-01 08:00:00', '2020-03-01 08:00:00', NULL),
(3550, NULL, 167, 51, '2020-03-01 08:00:00', '2020-03-01 08:00:00', NULL),
(3551, NULL, 167, 52, '2020-03-01 08:00:00', '2020-03-01 08:00:00', NULL),
(3552, '0', 167, 53, '2020-03-01 08:00:00', '2020-03-01 08:00:00', NULL),
(3553, '0', 167, 54, '2020-03-01 08:00:00', '2020-03-01 08:00:00', NULL),
(3554, '0', 167, 55, '2020-03-01 08:00:00', '2020-03-01 08:00:00', NULL),
(3555, NULL, 167, 56, '2020-03-01 08:00:00', '2020-03-01 08:00:00', NULL),
(3556, '0', 167, 57, '2020-03-01 08:00:00', '2020-03-01 08:00:00', NULL),
(3557, '0', 167, 58, '2020-03-01 08:00:00', '2020-03-01 08:00:00', NULL),
(3558, '0', 167, 59, '2020-03-01 08:00:00', '2020-03-01 08:00:00', NULL),
(3559, '0', 167, 60, '2020-03-01 08:00:00', '2020-03-01 08:00:00', NULL),
(3560, NULL, 167, 61, '2020-03-01 08:00:00', '2020-03-01 08:00:00', NULL),
(3561, '0', 167, 62, '2020-03-01 08:00:00', '2020-03-01 08:00:00', NULL),
(3562, '0', 167, 63, '2020-03-01 08:00:00', '2020-03-01 08:00:00', NULL),
(3563, '0', 167, 64, '2020-03-01 08:00:00', '2020-03-01 08:00:00', NULL),
(3564, NULL, 168, 44, '2020-04-01 07:00:00', '2020-04-01 07:00:00', NULL),
(3565, '0', 168, 45, '2020-04-01 07:00:00', '2020-04-01 07:00:00', NULL),
(3566, NULL, 168, 46, '2020-04-01 07:00:00', '2020-04-01 07:00:00', NULL),
(3567, '0', 168, 47, '2020-04-01 07:00:00', '2020-04-01 07:00:00', NULL),
(3568, NULL, 168, 48, '2020-04-01 07:00:00', '2020-04-01 07:00:00', NULL),
(3569, NULL, 168, 49, '2020-04-01 07:00:00', '2020-04-01 07:00:00', NULL),
(3570, '0', 168, 50, '2020-04-01 07:00:00', '2020-04-01 07:00:00', NULL),
(3571, '0', 168, 51, '2020-04-01 07:00:00', '2020-04-01 07:00:00', NULL),
(3572, NULL, 168, 52, '2020-04-01 07:00:00', '2020-04-01 07:00:00', NULL),
(3573, '0', 168, 53, '2020-04-01 07:00:00', '2020-04-01 07:00:00', NULL),
(3574, '0', 168, 54, '2020-04-01 07:00:00', '2020-04-01 07:00:00', NULL),
(3575, NULL, 168, 55, '2020-04-01 07:00:00', '2020-04-01 07:00:00', NULL),
(3576, '0', 168, 56, '2020-04-01 07:00:00', '2020-04-01 07:00:00', NULL),
(3577, '0', 168, 57, '2020-04-01 07:00:00', '2020-04-01 07:00:00', NULL),
(3578, '0', 168, 58, '2020-04-01 07:00:00', '2020-04-01 07:00:00', NULL),
(3579, NULL, 168, 59, '2020-04-01 07:00:00', '2020-04-01 07:00:00', NULL),
(3580, NULL, 168, 60, '2020-04-01 07:00:00', '2020-04-01 07:00:00', NULL),
(3581, '0', 168, 61, '2020-04-01 07:00:00', '2020-04-01 07:00:00', NULL),
(3582, '0', 168, 62, '2020-04-01 07:00:00', '2020-04-01 07:00:00', NULL),
(3583, NULL, 168, 63, '2020-04-01 07:00:00', '2020-04-01 07:00:00', NULL),
(3584, '0', 168, 64, '2020-04-01 07:00:00', '2020-04-01 07:00:00', NULL),
(3585, '0', 169, 65, '2020-01-01 08:00:00', '2020-01-01 08:00:00', NULL),
(3586, NULL, 169, 66, '2020-01-01 08:00:00', '2020-01-01 08:00:00', NULL),
(3587, NULL, 169, 67, '2020-01-01 08:00:00', '2020-01-01 08:00:00', NULL),
(3588, NULL, 169, 68, '2020-01-01 08:00:00', '2020-01-01 08:00:00', NULL),
(3589, '0', 169, 69, '2020-01-01 08:00:00', '2020-01-01 08:00:00', NULL),
(3590, '0', 169, 70, '2020-01-01 08:00:00', '2020-01-01 08:00:00', NULL),
(3591, '0', 169, 71, '2020-01-01 08:00:00', '2020-01-01 08:00:00', NULL),
(3592, NULL, 169, 72, '2020-01-01 08:00:00', '2020-01-01 08:00:00', NULL),
(3593, '0', 169, 73, '2020-01-01 08:00:00', '2020-01-01 08:00:00', NULL),
(3594, NULL, 169, 74, '2020-01-01 08:00:00', '2020-01-01 08:00:00', NULL),
(3595, '0', 169, 75, '2020-01-01 08:00:00', '2020-01-01 08:00:00', NULL),
(3596, '0', 169, 76, '2020-01-01 08:00:00', '2020-01-01 08:00:00', NULL),
(3597, '0', 169, 77, '2020-01-01 08:00:00', '2020-01-01 08:00:00', NULL),
(3598, '0', 169, 78, '2020-01-01 08:00:00', '2020-01-01 08:00:00', NULL),
(3599, '0', 169, 79, '2020-01-01 08:00:00', '2020-01-01 08:00:00', NULL),
(3600, NULL, 170, 65, '2020-02-01 08:00:00', '2020-02-01 08:00:00', NULL),
(3601, '0', 170, 66, '2020-02-01 08:00:00', '2020-02-01 08:00:00', NULL),
(3602, NULL, 170, 67, '2020-02-01 08:00:00', '2020-02-01 08:00:00', NULL),
(3603, NULL, 170, 68, '2020-02-01 08:00:00', '2020-02-01 08:00:00', NULL),
(3604, NULL, 170, 69, '2020-02-01 08:00:00', '2020-02-01 08:00:00', NULL),
(3605, NULL, 170, 70, '2020-02-01 08:00:00', '2020-02-01 08:00:00', NULL),
(3606, NULL, 170, 71, '2020-02-01 08:00:00', '2020-02-01 08:00:00', NULL),
(3607, '0', 170, 72, '2020-02-01 08:00:00', '2020-02-01 08:00:00', NULL),
(3608, '0', 170, 73, '2020-02-01 08:00:00', '2020-02-01 08:00:00', NULL),
(3609, '0', 170, 74, '2020-02-01 08:00:00', '2020-02-01 08:00:00', NULL),
(3610, '0', 170, 75, '2020-02-01 08:00:00', '2020-02-01 08:00:00', NULL),
(3611, '0', 170, 76, '2020-02-01 08:00:00', '2020-02-01 08:00:00', NULL),
(3612, '0', 170, 77, '2020-02-01 08:00:00', '2020-02-01 08:00:00', NULL),
(3613, '0', 170, 78, '2020-02-01 08:00:00', '2020-02-01 08:00:00', NULL),
(3614, '0', 170, 79, '2020-02-01 08:00:00', '2020-02-01 08:00:00', NULL),
(3615, '0', 171, 65, '2020-03-01 08:00:00', '2020-03-01 08:00:00', NULL),
(3616, '0', 171, 66, '2020-03-01 08:00:00', '2020-03-01 08:00:00', NULL),
(3617, NULL, 171, 67, '2020-03-01 08:00:00', '2020-03-01 08:00:00', NULL),
(3618, '0', 171, 68, '2020-03-01 08:00:00', '2020-03-01 08:00:00', NULL),
(3619, '0', 171, 69, '2020-03-01 08:00:00', '2020-03-01 08:00:00', NULL),
(3620, '0', 171, 70, '2020-03-01 08:00:00', '2020-03-01 08:00:00', NULL),
(3621, NULL, 171, 71, '2020-03-01 08:00:00', '2020-03-01 08:00:00', NULL),
(3622, NULL, 171, 72, '2020-03-01 08:00:00', '2020-03-01 08:00:00', NULL),
(3623, '0', 171, 73, '2020-03-01 08:00:00', '2020-03-01 08:00:00', NULL),
(3624, NULL, 171, 74, '2020-03-01 08:00:00', '2020-03-01 08:00:00', NULL),
(3625, NULL, 171, 75, '2020-03-01 08:00:00', '2020-03-01 08:00:00', NULL),
(3626, '0', 171, 76, '2020-03-01 08:00:00', '2020-03-01 08:00:00', NULL),
(3627, '0', 171, 77, '2020-03-01 08:00:00', '2020-03-01 08:00:00', NULL),
(3628, NULL, 171, 78, '2020-03-01 08:00:00', '2020-03-01 08:00:00', NULL),
(3629, NULL, 171, 79, '2020-03-01 08:00:00', '2020-03-01 08:00:00', NULL),
(3630, '0', 172, 65, '2020-04-01 07:00:00', '2020-04-01 07:00:00', NULL),
(3631, NULL, 172, 66, '2020-04-01 07:00:00', '2020-04-01 07:00:00', NULL),
(3632, NULL, 172, 67, '2020-04-01 07:00:00', '2020-04-01 07:00:00', NULL),
(3633, NULL, 172, 68, '2020-04-01 07:00:00', '2020-04-01 07:00:00', NULL),
(3634, NULL, 172, 69, '2020-04-01 07:00:00', '2020-04-01 07:00:00', NULL),
(3635, '0', 172, 70, '2020-04-01 07:00:00', '2020-04-01 07:00:00', NULL),
(3636, '0', 172, 71, '2020-04-01 07:00:00', '2020-04-01 07:00:00', NULL),
(3637, '0', 172, 72, '2020-04-01 07:00:00', '2020-04-01 07:00:00', NULL),
(3638, NULL, 172, 73, '2020-04-01 07:00:00', '2020-04-01 07:00:00', NULL),
(3639, NULL, 172, 74, '2020-04-01 07:00:00', '2020-04-01 07:00:00', NULL),
(3640, '0', 172, 75, '2020-04-01 07:00:00', '2020-04-01 07:00:00', NULL),
(3641, NULL, 172, 76, '2020-04-01 07:00:00', '2020-04-01 07:00:00', NULL),
(3642, NULL, 172, 77, '2020-04-01 07:00:00', '2020-04-01 07:00:00', NULL),
(3643, NULL, 172, 78, '2020-04-01 07:00:00', '2020-04-01 07:00:00', NULL),
(3644, '0', 172, 79, '2020-04-01 07:00:00', '2020-04-01 07:00:00', NULL),
(3645, NULL, 173, 65, '2020-01-01 08:00:00', '2020-01-01 08:00:00', NULL),
(3646, NULL, 173, 66, '2020-01-01 08:00:00', '2020-01-01 08:00:00', NULL),
(3647, NULL, 173, 67, '2020-01-01 08:00:00', '2020-01-01 08:00:00', NULL),
(3648, '0', 173, 68, '2020-01-01 08:00:00', '2020-01-01 08:00:00', NULL),
(3649, '0', 173, 69, '2020-01-01 08:00:00', '2020-01-01 08:00:00', NULL),
(3650, NULL, 173, 70, '2020-01-01 08:00:00', '2020-01-01 08:00:00', NULL),
(3651, NULL, 173, 71, '2020-01-01 08:00:00', '2020-01-01 08:00:00', NULL),
(3652, '0', 173, 72, '2020-01-01 08:00:00', '2020-01-01 08:00:00', NULL),
(3653, NULL, 173, 73, '2020-01-01 08:00:00', '2020-01-01 08:00:00', NULL),
(3654, '0', 173, 74, '2020-01-01 08:00:00', '2020-01-01 08:00:00', NULL),
(3655, '0', 173, 75, '2020-01-01 08:00:00', '2020-01-01 08:00:00', NULL),
(3656, '0', 173, 76, '2020-01-01 08:00:00', '2020-01-01 08:00:00', NULL),
(3657, '0', 173, 77, '2020-01-01 08:00:00', '2020-01-01 08:00:00', NULL),
(3658, NULL, 173, 78, '2020-01-01 08:00:00', '2020-01-01 08:00:00', NULL),
(3659, '0', 173, 79, '2020-01-01 08:00:00', '2020-01-01 08:00:00', NULL),
(3660, '0', 174, 65, '2020-02-01 08:00:00', '2020-02-01 08:00:00', NULL),
(3661, NULL, 174, 66, '2020-02-01 08:00:00', '2020-02-01 08:00:00', NULL),
(3662, NULL, 174, 67, '2020-02-01 08:00:00', '2020-02-01 08:00:00', NULL),
(3663, NULL, 174, 68, '2020-02-01 08:00:00', '2020-02-01 08:00:00', NULL),
(3664, NULL, 174, 69, '2020-02-01 08:00:00', '2020-02-01 08:00:00', NULL),
(3665, '0', 174, 70, '2020-02-01 08:00:00', '2020-02-01 08:00:00', NULL),
(3666, '0', 174, 71, '2020-02-01 08:00:00', '2020-02-01 08:00:00', NULL),
(3667, NULL, 174, 72, '2020-02-01 08:00:00', '2020-02-01 08:00:00', NULL),
(3668, '0', 174, 73, '2020-02-01 08:00:00', '2020-02-01 08:00:00', NULL),
(3669, NULL, 174, 74, '2020-02-01 08:00:00', '2020-02-01 08:00:00', NULL),
(3670, NULL, 174, 75, '2020-02-01 08:00:00', '2020-02-01 08:00:00', NULL),
(3671, NULL, 174, 76, '2020-02-01 08:00:00', '2020-02-01 08:00:00', NULL),
(3672, '0', 174, 77, '2020-02-01 08:00:00', '2020-02-01 08:00:00', NULL),
(3673, NULL, 174, 78, '2020-02-01 08:00:00', '2020-02-01 08:00:00', NULL),
(3674, '0', 174, 79, '2020-02-01 08:00:00', '2020-02-01 08:00:00', NULL),
(3675, NULL, 175, 65, '2020-03-01 08:00:00', '2020-03-01 08:00:00', NULL),
(3676, '0', 175, 66, '2020-03-01 08:00:00', '2020-03-01 08:00:00', NULL),
(3677, '0', 175, 67, '2020-03-01 08:00:00', '2020-03-01 08:00:00', NULL),
(3678, NULL, 175, 68, '2020-03-01 08:00:00', '2020-03-01 08:00:00', NULL),
(3679, NULL, 175, 69, '2020-03-01 08:00:00', '2020-03-01 08:00:00', NULL),
(3680, NULL, 175, 70, '2020-03-01 08:00:00', '2020-03-01 08:00:00', NULL),
(3681, NULL, 175, 71, '2020-03-01 08:00:00', '2020-03-01 08:00:00', NULL),
(3682, '0', 175, 72, '2020-03-01 08:00:00', '2020-03-01 08:00:00', NULL),
(3683, '0', 175, 73, '2020-03-01 08:00:00', '2020-03-01 08:00:00', NULL),
(3684, NULL, 175, 74, '2020-03-01 08:00:00', '2020-03-01 08:00:00', NULL),
(3685, '0', 175, 75, '2020-03-01 08:00:00', '2020-03-01 08:00:00', NULL),
(3686, NULL, 175, 76, '2020-03-01 08:00:00', '2020-03-01 08:00:00', NULL),
(3687, '0', 175, 77, '2020-03-01 08:00:00', '2020-03-01 08:00:00', NULL),
(3688, NULL, 175, 78, '2020-03-01 08:00:00', '2020-03-01 08:00:00', NULL),
(3689, '0', 175, 79, '2020-03-01 08:00:00', '2020-03-01 08:00:00', NULL),
(3690, NULL, 176, 65, '2020-04-01 07:00:00', '2020-04-01 07:00:00', NULL),
(3691, NULL, 176, 66, '2020-04-01 07:00:00', '2020-04-01 07:00:00', NULL),
(3692, NULL, 176, 67, '2020-04-01 07:00:00', '2020-04-01 07:00:00', NULL),
(3693, NULL, 176, 68, '2020-04-01 07:00:00', '2020-04-01 07:00:00', NULL),
(3694, NULL, 176, 69, '2020-04-01 07:00:00', '2020-04-01 07:00:00', NULL),
(3695, '0', 176, 70, '2020-04-01 07:00:00', '2020-04-01 07:00:00', NULL),
(3696, NULL, 176, 71, '2020-04-01 07:00:00', '2020-04-01 07:00:00', NULL),
(3697, '0', 176, 72, '2020-04-01 07:00:00', '2020-04-01 07:00:00', NULL),
(3698, '0', 176, 73, '2020-04-01 07:00:00', '2020-04-01 07:00:00', NULL),
(3699, NULL, 176, 74, '2020-04-01 07:00:00', '2020-04-01 07:00:00', NULL),
(3700, NULL, 176, 75, '2020-04-01 07:00:00', '2020-04-01 07:00:00', NULL),
(3701, '0', 176, 76, '2020-04-01 07:00:00', '2020-04-01 07:00:00', NULL),
(3702, '0', 176, 77, '2020-04-01 07:00:00', '2020-04-01 07:00:00', NULL),
(3703, '0', 176, 78, '2020-04-01 07:00:00', '2020-04-01 07:00:00', NULL),
(3704, NULL, 176, 79, '2020-04-01 07:00:00', '2020-04-01 07:00:00', NULL),
(3705, '0', 177, 65, '2020-01-01 08:00:00', '2020-01-01 08:00:00', NULL),
(3706, '0', 177, 66, '2020-01-01 08:00:00', '2020-01-01 08:00:00', NULL),
(3707, NULL, 177, 67, '2020-01-01 08:00:00', '2020-01-01 08:00:00', NULL),
(3708, NULL, 177, 68, '2020-01-01 08:00:00', '2020-01-01 08:00:00', NULL),
(3709, NULL, 177, 69, '2020-01-01 08:00:00', '2020-01-01 08:00:00', NULL),
(3710, '0', 177, 70, '2020-01-01 08:00:00', '2020-01-01 08:00:00', NULL),
(3711, NULL, 177, 71, '2020-01-01 08:00:00', '2020-01-01 08:00:00', NULL),
(3712, NULL, 177, 72, '2020-01-01 08:00:00', '2020-01-01 08:00:00', NULL),
(3713, '0', 177, 73, '2020-01-01 08:00:00', '2020-01-01 08:00:00', NULL),
(3714, '0', 177, 74, '2020-01-01 08:00:00', '2020-01-01 08:00:00', NULL),
(3715, NULL, 177, 75, '2020-01-01 08:00:00', '2020-01-01 08:00:00', NULL),
(3716, '0', 177, 76, '2020-01-01 08:00:00', '2020-01-01 08:00:00', NULL),
(3717, NULL, 177, 77, '2020-01-01 08:00:00', '2020-01-01 08:00:00', NULL),
(3718, '0', 177, 78, '2020-01-01 08:00:00', '2020-01-01 08:00:00', NULL),
(3719, '0', 177, 79, '2020-01-01 08:00:00', '2020-01-01 08:00:00', NULL),
(3720, '0', 178, 65, '2020-02-01 08:00:00', '2020-02-01 08:00:00', NULL),
(3721, NULL, 178, 66, '2020-02-01 08:00:00', '2020-02-01 08:00:00', NULL),
(3722, '0', 178, 67, '2020-02-01 08:00:00', '2020-02-01 08:00:00', NULL),
(3723, NULL, 178, 68, '2020-02-01 08:00:00', '2020-02-01 08:00:00', NULL),
(3724, '0', 178, 69, '2020-02-01 08:00:00', '2020-02-01 08:00:00', NULL),
(3725, NULL, 178, 70, '2020-02-01 08:00:00', '2020-02-01 08:00:00', NULL),
(3726, NULL, 178, 71, '2020-02-01 08:00:00', '2020-02-01 08:00:00', NULL),
(3727, NULL, 178, 72, '2020-02-01 08:00:00', '2020-02-01 08:00:00', NULL),
(3728, '0', 178, 73, '2020-02-01 08:00:00', '2020-02-01 08:00:00', NULL),
(3729, '0', 178, 74, '2020-02-01 08:00:00', '2020-02-01 08:00:00', NULL),
(3730, NULL, 178, 75, '2020-02-01 08:00:00', '2020-02-01 08:00:00', NULL),
(3731, NULL, 178, 76, '2020-02-01 08:00:00', '2020-02-01 08:00:00', NULL),
(3732, '0', 178, 77, '2020-02-01 08:00:00', '2020-02-01 08:00:00', NULL),
(3733, '0', 178, 78, '2020-02-01 08:00:00', '2020-02-01 08:00:00', NULL),
(3734, NULL, 178, 79, '2020-02-01 08:00:00', '2020-02-01 08:00:00', NULL),
(3735, NULL, 179, 65, '2020-03-01 08:00:00', '2020-03-01 08:00:00', NULL),
(3736, '0', 179, 66, '2020-03-01 08:00:00', '2020-03-01 08:00:00', NULL),
(3737, '0', 179, 67, '2020-03-01 08:00:00', '2020-03-01 08:00:00', NULL),
(3738, NULL, 179, 68, '2020-03-01 08:00:00', '2020-03-01 08:00:00', NULL),
(3739, '0', 179, 69, '2020-03-01 08:00:00', '2020-03-01 08:00:00', NULL),
(3740, '0', 179, 70, '2020-03-01 08:00:00', '2020-03-01 08:00:00', NULL),
(3741, '0', 179, 71, '2020-03-01 08:00:00', '2020-03-01 08:00:00', NULL),
(3742, '0', 179, 72, '2020-03-01 08:00:00', '2020-03-01 08:00:00', NULL),
(3743, '0', 179, 73, '2020-03-01 08:00:00', '2020-03-01 08:00:00', NULL),
(3744, '0', 179, 74, '2020-03-01 08:00:00', '2020-03-01 08:00:00', NULL),
(3745, '0', 179, 75, '2020-03-01 08:00:00', '2020-03-01 08:00:00', NULL),
(3746, '0', 179, 76, '2020-03-01 08:00:00', '2020-03-01 08:00:00', NULL),
(3747, NULL, 179, 77, '2020-03-01 08:00:00', '2020-03-01 08:00:00', NULL),
(3748, NULL, 179, 78, '2020-03-01 08:00:00', '2020-03-01 08:00:00', NULL),
(3749, '0', 179, 79, '2020-03-01 08:00:00', '2020-03-01 08:00:00', NULL),
(3750, NULL, 180, 65, '2020-04-01 07:00:00', '2020-04-01 07:00:00', NULL),
(3751, NULL, 180, 66, '2020-04-01 07:00:00', '2020-04-01 07:00:00', NULL),
(3752, NULL, 180, 67, '2020-04-01 07:00:00', '2020-04-01 07:00:00', NULL),
(3753, '0', 180, 68, '2020-04-01 07:00:00', '2020-04-01 07:00:00', NULL),
(3754, NULL, 180, 69, '2020-04-01 07:00:00', '2020-04-01 07:00:00', NULL),
(3755, NULL, 180, 70, '2020-04-01 07:00:00', '2020-04-01 07:00:00', NULL),
(3756, '0', 180, 71, '2020-04-01 07:00:00', '2020-04-01 07:00:00', NULL),
(3757, '0', 180, 72, '2020-04-01 07:00:00', '2020-04-01 07:00:00', NULL),
(3758, '0', 180, 73, '2020-04-01 07:00:00', '2020-04-01 07:00:00', NULL),
(3759, NULL, 180, 74, '2020-04-01 07:00:00', '2020-04-01 07:00:00', NULL),
(3760, NULL, 180, 75, '2020-04-01 07:00:00', '2020-04-01 07:00:00', NULL),
(3761, '0', 180, 76, '2020-04-01 07:00:00', '2020-04-01 07:00:00', NULL),
(3762, NULL, 180, 77, '2020-04-01 07:00:00', '2020-04-01 07:00:00', NULL),
(3763, '0', 180, 78, '2020-04-01 07:00:00', '2020-04-01 07:00:00', NULL),
(3764, '0', 180, 79, '2020-04-01 07:00:00', '2020-04-01 07:00:00', NULL),
(3765, '0', 181, 65, '2020-01-01 08:00:00', '2020-01-01 08:00:00', NULL),
(3766, NULL, 181, 66, '2020-01-01 08:00:00', '2020-01-01 08:00:00', NULL),
(3767, '0', 181, 67, '2020-01-01 08:00:00', '2020-01-01 08:00:00', NULL),
(3768, NULL, 181, 68, '2020-01-01 08:00:00', '2020-01-01 08:00:00', NULL),
(3769, '0', 181, 69, '2020-01-01 08:00:00', '2020-01-01 08:00:00', NULL),
(3770, '0', 181, 70, '2020-01-01 08:00:00', '2020-01-01 08:00:00', NULL),
(3771, NULL, 181, 71, '2020-01-01 08:00:00', '2020-01-01 08:00:00', NULL),
(3772, '0', 181, 72, '2020-01-01 08:00:00', '2020-01-01 08:00:00', NULL),
(3773, '0', 181, 73, '2020-01-01 08:00:00', '2020-01-01 08:00:00', NULL),
(3774, NULL, 181, 74, '2020-01-01 08:00:00', '2020-01-01 08:00:00', NULL),
(3775, NULL, 181, 75, '2020-01-01 08:00:00', '2020-01-01 08:00:00', NULL),
(3776, NULL, 181, 76, '2020-01-01 08:00:00', '2020-01-01 08:00:00', NULL),
(3777, NULL, 181, 77, '2020-01-01 08:00:00', '2020-01-01 08:00:00', NULL),
(3778, '0', 181, 78, '2020-01-01 08:00:00', '2020-01-01 08:00:00', NULL),
(3779, NULL, 181, 79, '2020-01-01 08:00:00', '2020-01-01 08:00:00', NULL),
(3780, '0', 182, 65, '2020-02-01 08:00:00', '2020-02-01 08:00:00', NULL),
(3781, '0', 182, 66, '2020-02-01 08:00:00', '2020-02-01 08:00:00', NULL),
(3782, '0', 182, 67, '2020-02-01 08:00:00', '2020-02-01 08:00:00', NULL),
(3783, NULL, 182, 68, '2020-02-01 08:00:00', '2020-02-01 08:00:00', NULL),
(3784, NULL, 182, 69, '2020-02-01 08:00:00', '2020-02-01 08:00:00', NULL),
(3785, '0', 182, 70, '2020-02-01 08:00:00', '2020-02-01 08:00:00', NULL),
(3786, '0', 182, 71, '2020-02-01 08:00:00', '2020-02-01 08:00:00', NULL),
(3787, NULL, 182, 72, '2020-02-01 08:00:00', '2020-02-01 08:00:00', NULL),
(3788, NULL, 182, 73, '2020-02-01 08:00:00', '2020-02-01 08:00:00', NULL),
(3789, '0', 182, 74, '2020-02-01 08:00:00', '2020-02-01 08:00:00', NULL),
(3790, NULL, 182, 75, '2020-02-01 08:00:00', '2020-02-01 08:00:00', NULL),
(3791, '0', 182, 76, '2020-02-01 08:00:00', '2020-02-01 08:00:00', NULL),
(3792, NULL, 182, 77, '2020-02-01 08:00:00', '2020-02-01 08:00:00', NULL),
(3793, '0', 182, 78, '2020-02-01 08:00:00', '2020-02-01 08:00:00', NULL),
(3794, NULL, 182, 79, '2020-02-01 08:00:00', '2020-02-01 08:00:00', NULL),
(3795, '0', 183, 65, '2020-03-01 08:00:00', '2020-03-01 08:00:00', NULL),
(3796, NULL, 183, 66, '2020-03-01 08:00:00', '2020-03-01 08:00:00', NULL),
(3797, NULL, 183, 67, '2020-03-01 08:00:00', '2020-03-01 08:00:00', NULL),
(3798, '0', 183, 68, '2020-03-01 08:00:00', '2020-03-01 08:00:00', NULL),
(3799, NULL, 183, 69, '2020-03-01 08:00:00', '2020-03-01 08:00:00', NULL),
(3800, '0', 183, 70, '2020-03-01 08:00:00', '2020-03-01 08:00:00', NULL),
(3801, '0', 183, 71, '2020-03-01 08:00:00', '2020-03-01 08:00:00', NULL),
(3802, '0', 183, 72, '2020-03-01 08:00:00', '2020-03-01 08:00:00', NULL),
(3803, '0', 183, 73, '2020-03-01 08:00:00', '2020-03-01 08:00:00', NULL),
(3804, '0', 183, 74, '2020-03-01 08:00:00', '2020-03-01 08:00:00', NULL),
(3805, NULL, 183, 75, '2020-03-01 08:00:00', '2020-03-01 08:00:00', NULL),
(3806, NULL, 183, 76, '2020-03-01 08:00:00', '2020-03-01 08:00:00', NULL),
(3807, '0', 183, 77, '2020-03-01 08:00:00', '2020-03-01 08:00:00', NULL),
(3808, NULL, 183, 78, '2020-03-01 08:00:00', '2020-03-01 08:00:00', NULL),
(3809, '0', 183, 79, '2020-03-01 08:00:00', '2020-03-01 08:00:00', NULL),
(3810, '0', 184, 65, '2020-04-01 07:00:00', '2020-04-01 07:00:00', NULL),
(3811, '0', 184, 66, '2020-04-01 07:00:00', '2020-04-01 07:00:00', NULL),
(3812, '0', 184, 67, '2020-04-01 07:00:00', '2020-04-01 07:00:00', NULL),
(3813, '0', 184, 68, '2020-04-01 07:00:00', '2020-04-01 07:00:00', NULL),
(3814, '0', 184, 69, '2020-04-01 07:00:00', '2020-04-01 07:00:00', NULL),
(3815, NULL, 184, 70, '2020-04-01 07:00:00', '2020-04-01 07:00:00', NULL),
(3816, '0', 184, 71, '2020-04-01 07:00:00', '2020-04-01 07:00:00', NULL),
(3817, NULL, 184, 72, '2020-04-01 07:00:00', '2020-04-01 07:00:00', NULL),
(3818, NULL, 184, 73, '2020-04-01 07:00:00', '2020-04-01 07:00:00', NULL),
(3819, NULL, 184, 74, '2020-04-01 07:00:00', '2020-04-01 07:00:00', NULL),
(3820, NULL, 184, 75, '2020-04-01 07:00:00', '2020-04-01 07:00:00', NULL),
(3821, NULL, 184, 76, '2020-04-01 07:00:00', '2020-04-01 07:00:00', NULL),
(3822, NULL, 184, 77, '2020-04-01 07:00:00', '2020-04-01 07:00:00', NULL),
(3823, NULL, 184, 78, '2020-04-01 07:00:00', '2020-04-01 07:00:00', NULL),
(3824, '0', 184, 79, '2020-04-01 07:00:00', '2020-04-01 07:00:00', NULL),
(3825, '0', 185, 65, '2020-01-01 08:00:00', '2020-01-01 08:00:00', NULL),
(3826, '0', 185, 66, '2020-01-01 08:00:00', '2020-01-01 08:00:00', NULL),
(3827, '0', 185, 67, '2020-01-01 08:00:00', '2020-01-01 08:00:00', NULL),
(3828, '0', 185, 68, '2020-01-01 08:00:00', '2020-01-01 08:00:00', NULL),
(3829, '0', 185, 69, '2020-01-01 08:00:00', '2020-01-01 08:00:00', NULL),
(3830, '0', 185, 70, '2020-01-01 08:00:00', '2020-01-01 08:00:00', NULL),
(3831, NULL, 185, 71, '2020-01-01 08:00:00', '2020-01-01 08:00:00', NULL),
(3832, NULL, 185, 72, '2020-01-01 08:00:00', '2020-01-01 08:00:00', NULL),
(3833, NULL, 185, 73, '2020-01-01 08:00:00', '2020-01-01 08:00:00', NULL),
(3834, '0', 185, 74, '2020-01-01 08:00:00', '2020-01-01 08:00:00', NULL),
(3835, '0', 185, 75, '2020-01-01 08:00:00', '2020-01-01 08:00:00', NULL),
(3836, NULL, 185, 76, '2020-01-01 08:00:00', '2020-01-01 08:00:00', NULL),
(3837, NULL, 185, 77, '2020-01-01 08:00:00', '2020-01-01 08:00:00', NULL),
(3838, NULL, 185, 78, '2020-01-01 08:00:00', '2020-01-01 08:00:00', NULL),
(3839, '0', 185, 79, '2020-01-01 08:00:00', '2020-01-01 08:00:00', NULL),
(3840, '0', 186, 65, '2020-02-01 08:00:00', '2020-02-01 08:00:00', NULL),
(3841, NULL, 186, 66, '2020-02-01 08:00:00', '2020-02-01 08:00:00', NULL),
(3842, NULL, 186, 67, '2020-02-01 08:00:00', '2020-02-01 08:00:00', NULL),
(3843, '0', 186, 68, '2020-02-01 08:00:00', '2020-02-01 08:00:00', NULL),
(3844, NULL, 186, 69, '2020-02-01 08:00:00', '2020-02-01 08:00:00', NULL),
(3845, NULL, 186, 70, '2020-02-01 08:00:00', '2020-02-01 08:00:00', NULL),
(3846, NULL, 186, 71, '2020-02-01 08:00:00', '2020-02-01 08:00:00', NULL),
(3847, '0', 186, 72, '2020-02-01 08:00:00', '2020-02-01 08:00:00', NULL),
(3848, NULL, 186, 73, '2020-02-01 08:00:00', '2020-02-01 08:00:00', NULL),
(3849, NULL, 186, 74, '2020-02-01 08:00:00', '2020-02-01 08:00:00', NULL),
(3850, '0', 186, 75, '2020-02-01 08:00:00', '2020-02-01 08:00:00', NULL),
(3851, '0', 186, 76, '2020-02-01 08:00:00', '2020-02-01 08:00:00', NULL),
(3852, '0', 186, 77, '2020-02-01 08:00:00', '2020-02-01 08:00:00', NULL),
(3853, '0', 186, 78, '2020-02-01 08:00:00', '2020-02-01 08:00:00', NULL),
(3854, '0', 186, 79, '2020-02-01 08:00:00', '2020-02-01 08:00:00', NULL),
(3855, '0', 187, 65, '2020-03-01 08:00:00', '2020-03-01 08:00:00', NULL),
(3856, NULL, 187, 66, '2020-03-01 08:00:00', '2020-03-01 08:00:00', NULL),
(3857, '0', 187, 67, '2020-03-01 08:00:00', '2020-03-01 08:00:00', NULL),
(3858, NULL, 187, 68, '2020-03-01 08:00:00', '2020-03-01 08:00:00', NULL),
(3859, '0', 187, 69, '2020-03-01 08:00:00', '2020-03-01 08:00:00', NULL),
(3860, '0', 187, 70, '2020-03-01 08:00:00', '2020-03-01 08:00:00', NULL),
(3861, NULL, 187, 71, '2020-03-01 08:00:00', '2020-03-01 08:00:00', NULL),
(3862, '0', 187, 72, '2020-03-01 08:00:00', '2020-03-01 08:00:00', NULL),
(3863, '0', 187, 73, '2020-03-01 08:00:00', '2020-03-01 08:00:00', NULL),
(3864, NULL, 187, 74, '2020-03-01 08:00:00', '2020-03-01 08:00:00', NULL),
(3865, NULL, 187, 75, '2020-03-01 08:00:00', '2020-03-01 08:00:00', NULL),
(3866, NULL, 187, 76, '2020-03-01 08:00:00', '2020-03-01 08:00:00', NULL),
(3867, NULL, 187, 77, '2020-03-01 08:00:00', '2020-03-01 08:00:00', NULL),
(3868, '0', 187, 78, '2020-03-01 08:00:00', '2020-03-01 08:00:00', NULL),
(3869, '0', 187, 79, '2020-03-01 08:00:00', '2020-03-01 08:00:00', NULL),
(3870, NULL, 188, 65, '2020-04-01 07:00:00', '2020-04-01 07:00:00', NULL),
(3871, '0', 188, 66, '2020-04-01 07:00:00', '2020-04-01 07:00:00', NULL),
(3872, NULL, 188, 67, '2020-04-01 07:00:00', '2020-04-01 07:00:00', NULL),
(3873, NULL, 188, 68, '2020-04-01 07:00:00', '2020-04-01 07:00:00', NULL),
(3874, NULL, 188, 69, '2020-04-01 07:00:00', '2020-04-01 07:00:00', NULL),
(3875, NULL, 188, 70, '2020-04-01 07:00:00', '2020-04-01 07:00:00', NULL),
(3876, NULL, 188, 71, '2020-04-01 07:00:00', '2020-04-01 07:00:00', NULL),
(3877, '0', 188, 72, '2020-04-01 07:00:00', '2020-04-01 07:00:00', NULL),
(3878, '0', 188, 73, '2020-04-01 07:00:00', '2020-04-01 07:00:00', NULL),
(3879, NULL, 188, 74, '2020-04-01 07:00:00', '2020-04-01 07:00:00', NULL),
(3880, '0', 188, 75, '2020-04-01 07:00:00', '2020-04-01 07:00:00', NULL),
(3881, '0', 188, 76, '2020-04-01 07:00:00', '2020-04-01 07:00:00', NULL),
(3882, NULL, 188, 77, '2020-04-01 07:00:00', '2020-04-01 07:00:00', NULL),
(3883, '0', 188, 78, '2020-04-01 07:00:00', '2020-04-01 07:00:00', NULL),
(3884, NULL, 188, 79, '2020-04-01 07:00:00', '2020-04-01 07:00:00', NULL),
(3885, '0', 189, 65, '2020-01-01 08:00:00', '2020-01-01 08:00:00', NULL),
(3886, NULL, 189, 66, '2020-01-01 08:00:00', '2020-01-01 08:00:00', NULL),
(3887, '0', 189, 67, '2020-01-01 08:00:00', '2020-01-01 08:00:00', NULL),
(3888, NULL, 189, 68, '2020-01-01 08:00:00', '2020-01-01 08:00:00', NULL),
(3889, NULL, 189, 69, '2020-01-01 08:00:00', '2020-01-01 08:00:00', NULL),
(3890, '0', 189, 70, '2020-01-01 08:00:00', '2020-01-01 08:00:00', NULL),
(3891, '0', 189, 71, '2020-01-01 08:00:00', '2020-01-01 08:00:00', NULL),
(3892, NULL, 189, 72, '2020-01-01 08:00:00', '2020-01-01 08:00:00', NULL),
(3893, NULL, 189, 73, '2020-01-01 08:00:00', '2020-01-01 08:00:00', NULL),
(3894, '0', 189, 74, '2020-01-01 08:00:00', '2020-01-01 08:00:00', NULL),
(3895, '0', 189, 75, '2020-01-01 08:00:00', '2020-01-01 08:00:00', NULL),
(3896, '0', 189, 76, '2020-01-01 08:00:00', '2020-01-01 08:00:00', NULL),
(3897, NULL, 189, 77, '2020-01-01 08:00:00', '2020-01-01 08:00:00', NULL),
(3898, '0', 189, 78, '2020-01-01 08:00:00', '2020-01-01 08:00:00', NULL),
(3899, '0', 189, 79, '2020-01-01 08:00:00', '2020-01-01 08:00:00', NULL),
(3900, '0', 190, 65, '2020-02-01 08:00:00', '2020-02-01 08:00:00', NULL),
(3901, '0', 190, 66, '2020-02-01 08:00:00', '2020-02-01 08:00:00', NULL),
(3902, '0', 190, 67, '2020-02-01 08:00:00', '2020-02-01 08:00:00', NULL),
(3903, NULL, 190, 68, '2020-02-01 08:00:00', '2020-02-01 08:00:00', NULL),
(3904, NULL, 190, 69, '2020-02-01 08:00:00', '2020-02-01 08:00:00', NULL),
(3905, NULL, 190, 70, '2020-02-01 08:00:00', '2020-02-01 08:00:00', NULL),
(3906, '0', 190, 71, '2020-02-01 08:00:00', '2020-02-01 08:00:00', NULL),
(3907, NULL, 190, 72, '2020-02-01 08:00:00', '2020-02-01 08:00:00', NULL),
(3908, NULL, 190, 73, '2020-02-01 08:00:00', '2020-02-01 08:00:00', NULL),
(3909, NULL, 190, 74, '2020-02-01 08:00:00', '2020-02-01 08:00:00', NULL),
(3910, '0', 190, 75, '2020-02-01 08:00:00', '2020-02-01 08:00:00', NULL),
(3911, NULL, 190, 76, '2020-02-01 08:00:00', '2020-02-01 08:00:00', NULL),
(3912, '0', 190, 77, '2020-02-01 08:00:00', '2020-02-01 08:00:00', NULL),
(3913, '0', 190, 78, '2020-02-01 08:00:00', '2020-02-01 08:00:00', NULL),
(3914, NULL, 190, 79, '2020-02-01 08:00:00', '2020-02-01 08:00:00', NULL),
(3915, NULL, 191, 65, '2020-03-01 08:00:00', '2020-03-01 08:00:00', NULL),
(3916, '0', 191, 66, '2020-03-01 08:00:00', '2020-03-01 08:00:00', NULL),
(3917, '0', 191, 67, '2020-03-01 08:00:00', '2020-03-01 08:00:00', NULL),
(3918, '0', 191, 68, '2020-03-01 08:00:00', '2020-03-01 08:00:00', NULL),
(3919, '0', 191, 69, '2020-03-01 08:00:00', '2020-03-01 08:00:00', NULL),
(3920, NULL, 191, 70, '2020-03-01 08:00:00', '2020-03-01 08:00:00', NULL),
(3921, '0', 191, 71, '2020-03-01 08:00:00', '2020-03-01 08:00:00', NULL),
(3922, NULL, 191, 72, '2020-03-01 08:00:00', '2020-03-01 08:00:00', NULL),
(3923, NULL, 191, 73, '2020-03-01 08:00:00', '2020-03-01 08:00:00', NULL),
(3924, NULL, 191, 74, '2020-03-01 08:00:00', '2020-03-01 08:00:00', NULL),
(3925, '0', 191, 75, '2020-03-01 08:00:00', '2020-03-01 08:00:00', NULL),
(3926, NULL, 191, 76, '2020-03-01 08:00:00', '2020-03-01 08:00:00', NULL),
(3927, '0', 191, 77, '2020-03-01 08:00:00', '2020-03-01 08:00:00', NULL),
(3928, '0', 191, 78, '2020-03-01 08:00:00', '2020-03-01 08:00:00', NULL),
(3929, '0', 191, 79, '2020-03-01 08:00:00', '2020-03-01 08:00:00', NULL),
(3930, NULL, 192, 65, '2020-04-01 07:00:00', '2020-04-01 07:00:00', NULL),
(3931, '0', 192, 66, '2020-04-01 07:00:00', '2020-04-01 07:00:00', NULL),
(3932, '0', 192, 67, '2020-04-01 07:00:00', '2020-04-01 07:00:00', NULL),
(3933, '0', 192, 68, '2020-04-01 07:00:00', '2020-04-01 07:00:00', NULL),
(3934, NULL, 192, 69, '2020-04-01 07:00:00', '2020-04-01 07:00:00', NULL),
(3935, NULL, 192, 70, '2020-04-01 07:00:00', '2020-04-01 07:00:00', NULL),
(3936, NULL, 192, 71, '2020-04-01 07:00:00', '2020-04-01 07:00:00', NULL),
(3937, '0', 192, 72, '2020-04-01 07:00:00', '2020-04-01 07:00:00', NULL),
(3938, NULL, 192, 73, '2020-04-01 07:00:00', '2020-04-01 07:00:00', NULL),
(3939, NULL, 192, 74, '2020-04-01 07:00:00', '2020-04-01 07:00:00', NULL),
(3940, NULL, 192, 75, '2020-04-01 07:00:00', '2020-04-01 07:00:00', NULL),
(3941, NULL, 192, 76, '2020-04-01 07:00:00', '2020-04-01 07:00:00', NULL),
(3942, NULL, 192, 77, '2020-04-01 07:00:00', '2020-04-01 07:00:00', NULL),
(3943, NULL, 192, 78, '2020-04-01 07:00:00', '2020-04-01 07:00:00', NULL),
(3944, NULL, 192, 79, '2020-04-01 07:00:00', '2020-04-01 07:00:00', NULL),
(3945, NULL, 193, 65, '2020-01-01 08:00:00', '2020-01-01 08:00:00', NULL),
(3946, '0', 193, 66, '2020-01-01 08:00:00', '2020-01-01 08:00:00', NULL),
(3947, NULL, 193, 67, '2020-01-01 08:00:00', '2020-01-01 08:00:00', NULL),
(3948, NULL, 193, 68, '2020-01-01 08:00:00', '2020-01-01 08:00:00', NULL),
(3949, '0', 193, 69, '2020-01-01 08:00:00', '2020-01-01 08:00:00', NULL),
(3950, '0', 193, 70, '2020-01-01 08:00:00', '2020-01-01 08:00:00', NULL),
(3951, '0', 193, 71, '2020-01-01 08:00:00', '2020-01-01 08:00:00', NULL),
(3952, NULL, 193, 72, '2020-01-01 08:00:00', '2020-01-01 08:00:00', NULL),
(3953, '0', 193, 73, '2020-01-01 08:00:00', '2020-01-01 08:00:00', NULL),
(3954, NULL, 193, 74, '2020-01-01 08:00:00', '2020-01-01 08:00:00', NULL),
(3955, '0', 193, 75, '2020-01-01 08:00:00', '2020-01-01 08:00:00', NULL),
(3956, '0', 193, 76, '2020-01-01 08:00:00', '2020-01-01 08:00:00', NULL),
(3957, '0', 193, 77, '2020-01-01 08:00:00', '2020-01-01 08:00:00', NULL),
(3958, '0', 193, 78, '2020-01-01 08:00:00', '2020-01-01 08:00:00', NULL),
(3959, NULL, 193, 79, '2020-01-01 08:00:00', '2020-01-01 08:00:00', NULL),
(3960, '0', 194, 65, '2020-02-01 08:00:00', '2020-02-01 08:00:00', NULL),
(3961, '0', 194, 66, '2020-02-01 08:00:00', '2020-02-01 08:00:00', NULL),
(3962, '0', 194, 67, '2020-02-01 08:00:00', '2020-02-01 08:00:00', NULL),
(3963, '0', 194, 68, '2020-02-01 08:00:00', '2020-02-01 08:00:00', NULL),
(3964, '0', 194, 69, '2020-02-01 08:00:00', '2020-02-01 08:00:00', NULL),
(3965, NULL, 194, 70, '2020-02-01 08:00:00', '2020-02-01 08:00:00', NULL),
(3966, '0', 194, 71, '2020-02-01 08:00:00', '2020-02-01 08:00:00', NULL),
(3967, NULL, 194, 72, '2020-02-01 08:00:00', '2020-02-01 08:00:00', NULL),
(3968, '0', 194, 73, '2020-02-01 08:00:00', '2020-02-01 08:00:00', NULL),
(3969, '0', 194, 74, '2020-02-01 08:00:00', '2020-02-01 08:00:00', NULL),
(3970, '0', 194, 75, '2020-02-01 08:00:00', '2020-02-01 08:00:00', NULL),
(3971, '0', 194, 76, '2020-02-01 08:00:00', '2020-02-01 08:00:00', NULL),
(3972, NULL, 194, 77, '2020-02-01 08:00:00', '2020-02-01 08:00:00', NULL),
(3973, NULL, 194, 78, '2020-02-01 08:00:00', '2020-02-01 08:00:00', NULL),
(3974, '0', 194, 79, '2020-02-01 08:00:00', '2020-02-01 08:00:00', NULL),
(3975, NULL, 195, 65, '2020-03-01 08:00:00', '2020-03-01 08:00:00', NULL),
(3976, NULL, 195, 66, '2020-03-01 08:00:00', '2020-03-01 08:00:00', NULL),
(3977, NULL, 195, 67, '2020-03-01 08:00:00', '2020-03-01 08:00:00', NULL),
(3978, NULL, 195, 68, '2020-03-01 08:00:00', '2020-03-01 08:00:00', NULL),
(3979, '0', 195, 69, '2020-03-01 08:00:00', '2020-03-01 08:00:00', NULL),
(3980, NULL, 195, 70, '2020-03-01 08:00:00', '2020-03-01 08:00:00', NULL),
(3981, NULL, 195, 71, '2020-03-01 08:00:00', '2020-03-01 08:00:00', NULL),
(3982, NULL, 195, 72, '2020-03-01 08:00:00', '2020-03-01 08:00:00', NULL),
(3983, NULL, 195, 73, '2020-03-01 08:00:00', '2020-03-01 08:00:00', NULL),
(3984, NULL, 195, 74, '2020-03-01 08:00:00', '2020-03-01 08:00:00', NULL),
(3985, NULL, 195, 75, '2020-03-01 08:00:00', '2020-03-01 08:00:00', NULL),
(3986, NULL, 195, 76, '2020-03-01 08:00:00', '2020-03-01 08:00:00', NULL),
(3987, '0', 195, 77, '2020-03-01 08:00:00', '2020-03-01 08:00:00', NULL),
(3988, NULL, 195, 78, '2020-03-01 08:00:00', '2020-03-01 08:00:00', NULL),
(3989, '0', 195, 79, '2020-03-01 08:00:00', '2020-03-01 08:00:00', NULL),
(3990, '0', 196, 65, '2020-04-01 07:00:00', '2020-04-01 07:00:00', NULL),
(3991, '0', 196, 66, '2020-04-01 07:00:00', '2020-04-01 07:00:00', NULL),
(3992, NULL, 196, 67, '2020-04-01 07:00:00', '2020-04-01 07:00:00', NULL),
(3993, NULL, 196, 68, '2020-04-01 07:00:00', '2020-04-01 07:00:00', NULL),
(3994, '0', 196, 69, '2020-04-01 07:00:00', '2020-04-01 07:00:00', NULL),
(3995, NULL, 196, 70, '2020-04-01 07:00:00', '2020-04-01 07:00:00', NULL),
(3996, NULL, 196, 71, '2020-04-01 07:00:00', '2020-04-01 07:00:00', NULL),
(3997, '0', 196, 72, '2020-04-01 07:00:00', '2020-04-01 07:00:00', NULL),
(3998, '0', 196, 73, '2020-04-01 07:00:00', '2020-04-01 07:00:00', NULL),
(3999, '0', 196, 74, '2020-04-01 07:00:00', '2020-04-01 07:00:00', NULL),
(4000, NULL, 196, 75, '2020-04-01 07:00:00', '2020-04-01 07:00:00', NULL),
(4001, NULL, 196, 76, '2020-04-01 07:00:00', '2020-04-01 07:00:00', NULL),
(4002, '0', 196, 77, '2020-04-01 07:00:00', '2020-04-01 07:00:00', NULL),
(4003, NULL, 196, 78, '2020-04-01 07:00:00', '2020-04-01 07:00:00', NULL),
(4004, NULL, 196, 79, '2020-04-01 07:00:00', '2020-04-01 07:00:00', NULL),
(4005, NULL, 197, 65, '2020-01-01 08:00:00', '2020-01-01 08:00:00', NULL),
(4006, '0', 197, 66, '2020-01-01 08:00:00', '2020-01-01 08:00:00', NULL),
(4007, '0', 197, 67, '2020-01-01 08:00:00', '2020-01-01 08:00:00', NULL),
(4008, NULL, 197, 68, '2020-01-01 08:00:00', '2020-01-01 08:00:00', NULL),
(4009, NULL, 197, 69, '2020-01-01 08:00:00', '2020-01-01 08:00:00', NULL),
(4010, NULL, 197, 70, '2020-01-01 08:00:00', '2020-01-01 08:00:00', NULL),
(4011, NULL, 197, 71, '2020-01-01 08:00:00', '2020-01-01 08:00:00', NULL),
(4012, NULL, 197, 72, '2020-01-01 08:00:00', '2020-01-01 08:00:00', NULL),
(4013, '0', 197, 73, '2020-01-01 08:00:00', '2020-01-01 08:00:00', NULL),
(4014, '0', 197, 74, '2020-01-01 08:00:00', '2020-01-01 08:00:00', NULL),
(4015, NULL, 197, 75, '2020-01-01 08:00:00', '2020-01-01 08:00:00', NULL),
(4016, NULL, 197, 76, '2020-01-01 08:00:00', '2020-01-01 08:00:00', NULL),
(4017, '0', 197, 77, '2020-01-01 08:00:00', '2020-01-01 08:00:00', NULL),
(4018, NULL, 197, 78, '2020-01-01 08:00:00', '2020-01-01 08:00:00', NULL),
(4019, '0', 197, 79, '2020-01-01 08:00:00', '2020-01-01 08:00:00', NULL),
(4020, NULL, 198, 65, '2020-02-01 08:00:00', '2020-02-01 08:00:00', NULL),
(4021, NULL, 198, 66, '2020-02-01 08:00:00', '2020-02-01 08:00:00', NULL),
(4022, NULL, 198, 67, '2020-02-01 08:00:00', '2020-02-01 08:00:00', NULL),
(4023, '0', 198, 68, '2020-02-01 08:00:00', '2020-02-01 08:00:00', NULL),
(4024, '0', 198, 69, '2020-02-01 08:00:00', '2020-02-01 08:00:00', NULL),
(4025, NULL, 198, 70, '2020-02-01 08:00:00', '2020-02-01 08:00:00', NULL),
(4026, NULL, 198, 71, '2020-02-01 08:00:00', '2020-02-01 08:00:00', NULL),
(4027, '0', 198, 72, '2020-02-01 08:00:00', '2020-02-01 08:00:00', NULL),
(4028, NULL, 198, 73, '2020-02-01 08:00:00', '2020-02-01 08:00:00', NULL),
(4029, NULL, 198, 74, '2020-02-01 08:00:00', '2020-02-01 08:00:00', NULL),
(4030, '0', 198, 75, '2020-02-01 08:00:00', '2020-02-01 08:00:00', NULL),
(4031, NULL, 198, 76, '2020-02-01 08:00:00', '2020-02-01 08:00:00', NULL),
(4032, '0', 198, 77, '2020-02-01 08:00:00', '2020-02-01 08:00:00', NULL),
(4033, '0', 198, 78, '2020-02-01 08:00:00', '2020-02-01 08:00:00', NULL),
(4034, NULL, 198, 79, '2020-02-01 08:00:00', '2020-02-01 08:00:00', NULL),
(4035, '0', 199, 65, '2020-03-01 08:00:00', '2020-03-01 08:00:00', NULL),
(4036, '0', 199, 66, '2020-03-01 08:00:00', '2020-03-01 08:00:00', NULL),
(4037, '0', 199, 67, '2020-03-01 08:00:00', '2020-03-01 08:00:00', NULL),
(4038, NULL, 199, 68, '2020-03-01 08:00:00', '2020-03-01 08:00:00', NULL),
(4039, '0', 199, 69, '2020-03-01 08:00:00', '2020-03-01 08:00:00', NULL),
(4040, NULL, 199, 70, '2020-03-01 08:00:00', '2020-03-01 08:00:00', NULL),
(4041, NULL, 199, 71, '2020-03-01 08:00:00', '2020-03-01 08:00:00', NULL),
(4042, NULL, 199, 72, '2020-03-01 08:00:00', '2020-03-01 08:00:00', NULL),
(4043, '0', 199, 73, '2020-03-01 08:00:00', '2020-03-01 08:00:00', NULL),
(4044, '0', 199, 74, '2020-03-01 08:00:00', '2020-03-01 08:00:00', NULL),
(4045, NULL, 199, 75, '2020-03-01 08:00:00', '2020-03-01 08:00:00', NULL),
(4046, '0', 199, 76, '2020-03-01 08:00:00', '2020-03-01 08:00:00', NULL),
(4047, '0', 199, 77, '2020-03-01 08:00:00', '2020-03-01 08:00:00', NULL),
(4048, '0', 199, 78, '2020-03-01 08:00:00', '2020-03-01 08:00:00', NULL),
(4049, '0', 199, 79, '2020-03-01 08:00:00', '2020-03-01 08:00:00', NULL),
(4050, NULL, 200, 65, '2020-04-01 07:00:00', '2020-04-01 07:00:00', NULL),
(4051, '0', 200, 66, '2020-04-01 07:00:00', '2020-04-01 07:00:00', NULL),
(4052, '0', 200, 67, '2020-04-01 07:00:00', '2020-04-01 07:00:00', NULL),
(4053, NULL, 200, 68, '2020-04-01 07:00:00', '2020-04-01 07:00:00', NULL),
(4054, '0', 200, 69, '2020-04-01 07:00:00', '2020-04-01 07:00:00', NULL),
(4055, '0', 200, 70, '2020-04-01 07:00:00', '2020-04-01 07:00:00', NULL),
(4056, NULL, 200, 71, '2020-04-01 07:00:00', '2020-04-01 07:00:00', NULL),
(4057, '0', 200, 72, '2020-04-01 07:00:00', '2020-04-01 07:00:00', NULL),
(4058, NULL, 200, 73, '2020-04-01 07:00:00', '2020-04-01 07:00:00', NULL),
(4059, NULL, 200, 74, '2020-04-01 07:00:00', '2020-04-01 07:00:00', NULL),
(4060, NULL, 200, 75, '2020-04-01 07:00:00', '2020-04-01 07:00:00', NULL),
(4061, NULL, 200, 76, '2020-04-01 07:00:00', '2020-04-01 07:00:00', NULL),
(4062, NULL, 200, 77, '2020-04-01 07:00:00', '2020-04-01 07:00:00', NULL),
(4063, '0', 200, 78, '2020-04-01 07:00:00', '2020-04-01 07:00:00', NULL),
(4064, NULL, 200, 79, '2020-04-01 07:00:00', '2020-04-01 07:00:00', NULL),
(4065, '0', 201, 65, '2020-01-01 08:00:00', '2020-01-01 08:00:00', NULL),
(4066, '0', 201, 66, '2020-01-01 08:00:00', '2020-01-01 08:00:00', NULL),
(4067, NULL, 201, 67, '2020-01-01 08:00:00', '2020-01-01 08:00:00', NULL),
(4068, '0', 201, 68, '2020-01-01 08:00:00', '2020-01-01 08:00:00', NULL),
(4069, NULL, 201, 69, '2020-01-01 08:00:00', '2020-01-01 08:00:00', NULL),
(4070, NULL, 201, 70, '2020-01-01 08:00:00', '2020-01-01 08:00:00', NULL),
(4071, NULL, 201, 71, '2020-01-01 08:00:00', '2020-01-01 08:00:00', NULL),
(4072, NULL, 201, 72, '2020-01-01 08:00:00', '2020-01-01 08:00:00', NULL),
(4073, '0', 201, 73, '2020-01-01 08:00:00', '2020-01-01 08:00:00', NULL),
(4074, NULL, 201, 74, '2020-01-01 08:00:00', '2020-01-01 08:00:00', NULL),
(4075, '0', 201, 75, '2020-01-01 08:00:00', '2020-01-01 08:00:00', NULL),
(4076, '0', 201, 76, '2020-01-01 08:00:00', '2020-01-01 08:00:00', NULL),
(4077, NULL, 201, 77, '2020-01-01 08:00:00', '2020-01-01 08:00:00', NULL),
(4078, '0', 201, 78, '2020-01-01 08:00:00', '2020-01-01 08:00:00', NULL),
(4079, NULL, 201, 79, '2020-01-01 08:00:00', '2020-01-01 08:00:00', NULL),
(4080, NULL, 202, 65, '2020-02-01 08:00:00', '2020-02-01 08:00:00', NULL),
(4081, '0', 202, 66, '2020-02-01 08:00:00', '2020-02-01 08:00:00', NULL),
(4082, NULL, 202, 67, '2020-02-01 08:00:00', '2020-02-01 08:00:00', NULL),
(4083, NULL, 202, 68, '2020-02-01 08:00:00', '2020-02-01 08:00:00', NULL),
(4084, NULL, 202, 69, '2020-02-01 08:00:00', '2020-02-01 08:00:00', NULL),
(4085, NULL, 202, 70, '2020-02-01 08:00:00', '2020-02-01 08:00:00', NULL),
(4086, NULL, 202, 71, '2020-02-01 08:00:00', '2020-02-01 08:00:00', NULL),
(4087, NULL, 202, 72, '2020-02-01 08:00:00', '2020-02-01 08:00:00', NULL),
(4088, NULL, 202, 73, '2020-02-01 08:00:00', '2020-02-01 08:00:00', NULL),
(4089, NULL, 202, 74, '2020-02-01 08:00:00', '2020-02-01 08:00:00', NULL),
(4090, '0', 202, 75, '2020-02-01 08:00:00', '2020-02-01 08:00:00', NULL),
(4091, NULL, 202, 76, '2020-02-01 08:00:00', '2020-02-01 08:00:00', NULL),
(4092, '0', 202, 77, '2020-02-01 08:00:00', '2020-02-01 08:00:00', NULL),
(4093, NULL, 202, 78, '2020-02-01 08:00:00', '2020-02-01 08:00:00', NULL),
(4094, NULL, 202, 79, '2020-02-01 08:00:00', '2020-02-01 08:00:00', NULL),
(4095, '0', 203, 65, '2020-03-01 08:00:00', '2020-03-01 08:00:00', NULL),
(4096, '0', 203, 66, '2020-03-01 08:00:00', '2020-03-01 08:00:00', NULL),
(4097, NULL, 203, 67, '2020-03-01 08:00:00', '2020-03-01 08:00:00', NULL),
(4098, NULL, 203, 68, '2020-03-01 08:00:00', '2020-03-01 08:00:00', NULL),
(4099, NULL, 203, 69, '2020-03-01 08:00:00', '2020-03-01 08:00:00', NULL),
(4100, NULL, 203, 70, '2020-03-01 08:00:00', '2020-03-01 08:00:00', NULL),
(4101, NULL, 203, 71, '2020-03-01 08:00:00', '2020-03-01 08:00:00', NULL),
(4102, '0', 203, 72, '2020-03-01 08:00:00', '2020-03-01 08:00:00', NULL),
(4103, '0', 203, 73, '2020-03-01 08:00:00', '2020-03-01 08:00:00', NULL),
(4104, '0', 203, 74, '2020-03-01 08:00:00', '2020-03-01 08:00:00', NULL),
(4105, NULL, 203, 75, '2020-03-01 08:00:00', '2020-03-01 08:00:00', NULL),
(4106, NULL, 203, 76, '2020-03-01 08:00:00', '2020-03-01 08:00:00', NULL),
(4107, NULL, 203, 77, '2020-03-01 08:00:00', '2020-03-01 08:00:00', NULL),
(4108, NULL, 203, 78, '2020-03-01 08:00:00', '2020-03-01 08:00:00', NULL),
(4109, NULL, 203, 79, '2020-03-01 08:00:00', '2020-03-01 08:00:00', NULL),
(4110, '0', 204, 65, '2020-04-01 07:00:00', '2020-04-01 07:00:00', NULL),
(4111, '0', 204, 66, '2020-04-01 07:00:00', '2020-04-01 07:00:00', NULL),
(4112, '0', 204, 67, '2020-04-01 07:00:00', '2020-04-01 07:00:00', NULL),
(4113, '0', 204, 68, '2020-04-01 07:00:00', '2020-04-01 07:00:00', NULL),
(4114, NULL, 204, 69, '2020-04-01 07:00:00', '2020-04-01 07:00:00', NULL),
(4115, '0', 204, 70, '2020-04-01 07:00:00', '2020-04-01 07:00:00', NULL),
(4116, NULL, 204, 71, '2020-04-01 07:00:00', '2020-04-01 07:00:00', NULL),
(4117, NULL, 204, 72, '2020-04-01 07:00:00', '2020-04-01 07:00:00', NULL),
(4118, '0', 204, 73, '2020-04-01 07:00:00', '2020-04-01 07:00:00', NULL),
(4119, '0', 204, 74, '2020-04-01 07:00:00', '2020-04-01 07:00:00', NULL),
(4120, '0', 204, 75, '2020-04-01 07:00:00', '2020-04-01 07:00:00', NULL),
(4121, '0', 204, 76, '2020-04-01 07:00:00', '2020-04-01 07:00:00', NULL),
(4122, '0', 204, 77, '2020-04-01 07:00:00', '2020-04-01 07:00:00', NULL),
(4123, '0', 204, 78, '2020-04-01 07:00:00', '2020-04-01 07:00:00', NULL),
(4124, '0', 204, 79, '2020-04-01 07:00:00', '2020-04-01 07:00:00', NULL),
(4125, NULL, 205, 65, '2020-01-01 08:00:00', '2020-01-01 08:00:00', NULL),
(4126, NULL, 205, 66, '2020-01-01 08:00:00', '2020-01-01 08:00:00', NULL),
(4127, '0', 205, 67, '2020-01-01 08:00:00', '2020-01-01 08:00:00', NULL),
(4128, '0', 205, 68, '2020-01-01 08:00:00', '2020-01-01 08:00:00', NULL),
(4129, '0', 205, 69, '2020-01-01 08:00:00', '2020-01-01 08:00:00', NULL),
(4130, NULL, 205, 70, '2020-01-01 08:00:00', '2020-01-01 08:00:00', NULL),
(4131, NULL, 205, 71, '2020-01-01 08:00:00', '2020-01-01 08:00:00', NULL),
(4132, '0', 205, 72, '2020-01-01 08:00:00', '2020-01-01 08:00:00', NULL),
(4133, '0', 205, 73, '2020-01-01 08:00:00', '2020-01-01 08:00:00', NULL),
(4134, NULL, 205, 74, '2020-01-01 08:00:00', '2020-01-01 08:00:00', NULL),
(4135, NULL, 205, 75, '2020-01-01 08:00:00', '2020-01-01 08:00:00', NULL),
(4136, NULL, 205, 76, '2020-01-01 08:00:00', '2020-01-01 08:00:00', NULL),
(4137, NULL, 205, 77, '2020-01-01 08:00:00', '2020-01-01 08:00:00', NULL),
(4138, NULL, 205, 78, '2020-01-01 08:00:00', '2020-01-01 08:00:00', NULL),
(4139, '0', 205, 79, '2020-01-01 08:00:00', '2020-01-01 08:00:00', NULL),
(4140, '0', 206, 65, '2020-02-01 08:00:00', '2020-02-01 08:00:00', NULL),
(4141, '0', 206, 66, '2020-02-01 08:00:00', '2020-02-01 08:00:00', NULL),
(4142, '0', 206, 67, '2020-02-01 08:00:00', '2020-02-01 08:00:00', NULL),
(4143, '0', 206, 68, '2020-02-01 08:00:00', '2020-02-01 08:00:00', NULL),
(4144, '0', 206, 69, '2020-02-01 08:00:00', '2020-02-01 08:00:00', NULL),
(4145, NULL, 206, 70, '2020-02-01 08:00:00', '2020-02-01 08:00:00', NULL),
(4146, NULL, 206, 71, '2020-02-01 08:00:00', '2020-02-01 08:00:00', NULL),
(4147, NULL, 206, 72, '2020-02-01 08:00:00', '2020-02-01 08:00:00', NULL),
(4148, NULL, 206, 73, '2020-02-01 08:00:00', '2020-02-01 08:00:00', NULL),
(4149, NULL, 206, 74, '2020-02-01 08:00:00', '2020-02-01 08:00:00', NULL),
(4150, NULL, 206, 75, '2020-02-01 08:00:00', '2020-02-01 08:00:00', NULL),
(4151, NULL, 206, 76, '2020-02-01 08:00:00', '2020-02-01 08:00:00', NULL),
(4152, NULL, 206, 77, '2020-02-01 08:00:00', '2020-02-01 08:00:00', NULL),
(4153, NULL, 206, 78, '2020-02-01 08:00:00', '2020-02-01 08:00:00', NULL),
(4154, NULL, 206, 79, '2020-02-01 08:00:00', '2020-02-01 08:00:00', NULL),
(4155, NULL, 207, 65, '2020-03-01 08:00:00', '2020-03-01 08:00:00', NULL),
(4156, NULL, 207, 66, '2020-03-01 08:00:00', '2020-03-01 08:00:00', NULL),
(4157, '0', 207, 67, '2020-03-01 08:00:00', '2020-03-01 08:00:00', NULL),
(4158, '0', 207, 68, '2020-03-01 08:00:00', '2020-03-01 08:00:00', NULL),
(4159, '0', 207, 69, '2020-03-01 08:00:00', '2020-03-01 08:00:00', NULL),
(4160, '0', 207, 70, '2020-03-01 08:00:00', '2020-03-01 08:00:00', NULL),
(4161, '0', 207, 71, '2020-03-01 08:00:00', '2020-03-01 08:00:00', NULL),
(4162, NULL, 207, 72, '2020-03-01 08:00:00', '2020-03-01 08:00:00', NULL),
(4163, '0', 207, 73, '2020-03-01 08:00:00', '2020-03-01 08:00:00', NULL),
(4164, '0', 207, 74, '2020-03-01 08:00:00', '2020-03-01 08:00:00', NULL),
(4165, NULL, 207, 75, '2020-03-01 08:00:00', '2020-03-01 08:00:00', NULL),
(4166, '0', 207, 76, '2020-03-01 08:00:00', '2020-03-01 08:00:00', NULL),
(4167, NULL, 207, 77, '2020-03-01 08:00:00', '2020-03-01 08:00:00', NULL),
(4168, '0', 207, 78, '2020-03-01 08:00:00', '2020-03-01 08:00:00', NULL),
(4169, NULL, 207, 79, '2020-03-01 08:00:00', '2020-03-01 08:00:00', NULL),
(4170, NULL, 208, 65, '2020-04-01 07:00:00', '2020-04-01 07:00:00', NULL),
(4171, '0', 208, 66, '2020-04-01 07:00:00', '2020-04-01 07:00:00', NULL),
(4172, '0', 208, 67, '2020-04-01 07:00:00', '2020-04-01 07:00:00', NULL),
(4173, NULL, 208, 68, '2020-04-01 07:00:00', '2020-04-01 07:00:00', NULL),
(4174, '0', 208, 69, '2020-04-01 07:00:00', '2020-04-01 07:00:00', NULL),
(4175, '0', 208, 70, '2020-04-01 07:00:00', '2020-04-01 07:00:00', NULL),
(4176, '0', 208, 71, '2020-04-01 07:00:00', '2020-04-01 07:00:00', NULL),
(4177, NULL, 208, 72, '2020-04-01 07:00:00', '2020-04-01 07:00:00', NULL),
(4178, '0', 208, 73, '2020-04-01 07:00:00', '2020-04-01 07:00:00', NULL),
(4179, NULL, 208, 74, '2020-04-01 07:00:00', '2020-04-01 07:00:00', NULL);
INSERT INTO `journal_records` (`id`, `value`, `column_id`, `student_id`, `created_at`, `updated_at`, `deleted_at`) VALUES
(4180, NULL, 208, 75, '2020-04-01 07:00:00', '2020-04-01 07:00:00', NULL),
(4181, NULL, 208, 76, '2020-04-01 07:00:00', '2020-04-01 07:00:00', NULL),
(4182, NULL, 208, 77, '2020-04-01 07:00:00', '2020-04-01 07:00:00', NULL),
(4183, NULL, 208, 78, '2020-04-01 07:00:00', '2020-04-01 07:00:00', NULL),
(4184, '0', 208, 79, '2020-04-01 07:00:00', '2020-04-01 07:00:00', NULL),
(4185, NULL, 209, 65, '2020-01-01 08:00:00', '2020-01-01 08:00:00', NULL),
(4186, '0', 209, 66, '2020-01-01 08:00:00', '2020-01-01 08:00:00', NULL),
(4187, '0', 209, 67, '2020-01-01 08:00:00', '2020-01-01 08:00:00', NULL),
(4188, '0', 209, 68, '2020-01-01 08:00:00', '2020-01-01 08:00:00', NULL),
(4189, NULL, 209, 69, '2020-01-01 08:00:00', '2020-01-01 08:00:00', NULL),
(4190, '0', 209, 70, '2020-01-01 08:00:00', '2020-01-01 08:00:00', NULL),
(4191, '0', 209, 71, '2020-01-01 08:00:00', '2020-01-01 08:00:00', NULL),
(4192, '0', 209, 72, '2020-01-01 08:00:00', '2020-01-01 08:00:00', NULL),
(4193, '0', 209, 73, '2020-01-01 08:00:00', '2020-01-01 08:00:00', NULL),
(4194, NULL, 209, 74, '2020-01-01 08:00:00', '2020-01-01 08:00:00', NULL),
(4195, NULL, 209, 75, '2020-01-01 08:00:00', '2020-01-01 08:00:00', NULL),
(4196, '0', 209, 76, '2020-01-01 08:00:00', '2020-01-01 08:00:00', NULL),
(4197, '0', 209, 77, '2020-01-01 08:00:00', '2020-01-01 08:00:00', NULL),
(4198, NULL, 209, 78, '2020-01-01 08:00:00', '2020-01-01 08:00:00', NULL),
(4199, NULL, 209, 79, '2020-01-01 08:00:00', '2020-01-01 08:00:00', NULL),
(4200, NULL, 210, 65, '2020-02-01 08:00:00', '2020-02-01 08:00:00', NULL),
(4201, NULL, 210, 66, '2020-02-01 08:00:00', '2020-02-01 08:00:00', NULL),
(4202, NULL, 210, 67, '2020-02-01 08:00:00', '2020-02-01 08:00:00', NULL),
(4203, NULL, 210, 68, '2020-02-01 08:00:00', '2020-02-01 08:00:00', NULL),
(4204, NULL, 210, 69, '2020-02-01 08:00:00', '2020-02-01 08:00:00', NULL),
(4205, '0', 210, 70, '2020-02-01 08:00:00', '2020-02-01 08:00:00', NULL),
(4206, '0', 210, 71, '2020-02-01 08:00:00', '2020-02-01 08:00:00', NULL),
(4207, NULL, 210, 72, '2020-02-01 08:00:00', '2020-02-01 08:00:00', NULL),
(4208, NULL, 210, 73, '2020-02-01 08:00:00', '2020-02-01 08:00:00', NULL),
(4209, NULL, 210, 74, '2020-02-01 08:00:00', '2020-02-01 08:00:00', NULL),
(4210, '0', 210, 75, '2020-02-01 08:00:00', '2020-02-01 08:00:00', NULL),
(4211, NULL, 210, 76, '2020-02-01 08:00:00', '2020-02-01 08:00:00', NULL),
(4212, '0', 210, 77, '2020-02-01 08:00:00', '2020-02-01 08:00:00', NULL),
(4213, '0', 210, 78, '2020-02-01 08:00:00', '2020-02-01 08:00:00', NULL),
(4214, '0', 210, 79, '2020-02-01 08:00:00', '2020-02-01 08:00:00', NULL),
(4215, '0', 211, 65, '2020-03-01 08:00:00', '2020-03-01 08:00:00', NULL),
(4216, '0', 211, 66, '2020-03-01 08:00:00', '2020-03-01 08:00:00', NULL),
(4217, NULL, 211, 67, '2020-03-01 08:00:00', '2020-03-01 08:00:00', NULL),
(4218, '0', 211, 68, '2020-03-01 08:00:00', '2020-03-01 08:00:00', NULL),
(4219, NULL, 211, 69, '2020-03-01 08:00:00', '2020-03-01 08:00:00', NULL),
(4220, NULL, 211, 70, '2020-03-01 08:00:00', '2020-03-01 08:00:00', NULL),
(4221, NULL, 211, 71, '2020-03-01 08:00:00', '2020-03-01 08:00:00', NULL),
(4222, NULL, 211, 72, '2020-03-01 08:00:00', '2020-03-01 08:00:00', NULL),
(4223, '0', 211, 73, '2020-03-01 08:00:00', '2020-03-01 08:00:00', NULL),
(4224, NULL, 211, 74, '2020-03-01 08:00:00', '2020-03-01 08:00:00', NULL),
(4225, NULL, 211, 75, '2020-03-01 08:00:00', '2020-03-01 08:00:00', NULL),
(4226, '0', 211, 76, '2020-03-01 08:00:00', '2020-03-01 08:00:00', NULL),
(4227, NULL, 211, 77, '2020-03-01 08:00:00', '2020-03-01 08:00:00', NULL),
(4228, '0', 211, 78, '2020-03-01 08:00:00', '2020-03-01 08:00:00', NULL),
(4229, NULL, 211, 79, '2020-03-01 08:00:00', '2020-03-01 08:00:00', NULL),
(4230, '0', 212, 65, '2020-04-01 07:00:00', '2020-04-01 07:00:00', NULL),
(4231, NULL, 212, 66, '2020-04-01 07:00:00', '2020-04-01 07:00:00', NULL),
(4232, NULL, 212, 67, '2020-04-01 07:00:00', '2020-04-01 07:00:00', NULL),
(4233, NULL, 212, 68, '2020-04-01 07:00:00', '2020-04-01 07:00:00', NULL),
(4234, NULL, 212, 69, '2020-04-01 07:00:00', '2020-04-01 07:00:00', NULL),
(4235, '0', 212, 70, '2020-04-01 07:00:00', '2020-04-01 07:00:00', NULL),
(4236, '0', 212, 71, '2020-04-01 07:00:00', '2020-04-01 07:00:00', NULL),
(4237, '0', 212, 72, '2020-04-01 07:00:00', '2020-04-01 07:00:00', NULL),
(4238, NULL, 212, 73, '2020-04-01 07:00:00', '2020-04-01 07:00:00', NULL),
(4239, '0', 212, 74, '2020-04-01 07:00:00', '2020-04-01 07:00:00', NULL),
(4240, '0', 212, 75, '2020-04-01 07:00:00', '2020-04-01 07:00:00', NULL),
(4241, NULL, 212, 76, '2020-04-01 07:00:00', '2020-04-01 07:00:00', NULL),
(4242, NULL, 212, 77, '2020-04-01 07:00:00', '2020-04-01 07:00:00', NULL),
(4243, '0', 212, 78, '2020-04-01 07:00:00', '2020-04-01 07:00:00', NULL),
(4244, '0', 212, 79, '2020-04-01 07:00:00', '2020-04-01 07:00:00', NULL),
(4245, NULL, 213, 65, '2020-01-01 08:00:00', '2020-01-01 08:00:00', NULL),
(4246, '0', 213, 66, '2020-01-01 08:00:00', '2020-01-01 08:00:00', NULL),
(4247, '0', 213, 67, '2020-01-01 08:00:00', '2020-01-01 08:00:00', NULL),
(4248, NULL, 213, 68, '2020-01-01 08:00:00', '2020-01-01 08:00:00', NULL),
(4249, NULL, 213, 69, '2020-01-01 08:00:00', '2020-01-01 08:00:00', NULL),
(4250, NULL, 213, 70, '2020-01-01 08:00:00', '2020-01-01 08:00:00', NULL),
(4251, NULL, 213, 71, '2020-01-01 08:00:00', '2020-01-01 08:00:00', NULL),
(4252, '0', 213, 72, '2020-01-01 08:00:00', '2020-01-01 08:00:00', NULL),
(4253, NULL, 213, 73, '2020-01-01 08:00:00', '2020-01-01 08:00:00', NULL),
(4254, NULL, 213, 74, '2020-01-01 08:00:00', '2020-01-01 08:00:00', NULL),
(4255, NULL, 213, 75, '2020-01-01 08:00:00', '2020-01-01 08:00:00', NULL),
(4256, '0', 213, 76, '2020-01-01 08:00:00', '2020-01-01 08:00:00', NULL),
(4257, '0', 213, 77, '2020-01-01 08:00:00', '2020-01-01 08:00:00', NULL),
(4258, NULL, 213, 78, '2020-01-01 08:00:00', '2020-01-01 08:00:00', NULL),
(4259, '0', 213, 79, '2020-01-01 08:00:00', '2020-01-01 08:00:00', NULL),
(4260, '0', 214, 65, '2020-02-01 08:00:00', '2020-02-01 08:00:00', NULL),
(4261, NULL, 214, 66, '2020-02-01 08:00:00', '2020-02-01 08:00:00', NULL),
(4262, NULL, 214, 67, '2020-02-01 08:00:00', '2020-02-01 08:00:00', NULL),
(4263, NULL, 214, 68, '2020-02-01 08:00:00', '2020-02-01 08:00:00', NULL),
(4264, NULL, 214, 69, '2020-02-01 08:00:00', '2020-02-01 08:00:00', NULL),
(4265, NULL, 214, 70, '2020-02-01 08:00:00', '2020-02-01 08:00:00', NULL),
(4266, '0', 214, 71, '2020-02-01 08:00:00', '2020-02-01 08:00:00', NULL),
(4267, NULL, 214, 72, '2020-02-01 08:00:00', '2020-02-01 08:00:00', NULL),
(4268, NULL, 214, 73, '2020-02-01 08:00:00', '2020-02-01 08:00:00', NULL),
(4269, NULL, 214, 74, '2020-02-01 08:00:00', '2020-02-01 08:00:00', NULL),
(4270, NULL, 214, 75, '2020-02-01 08:00:00', '2020-02-01 08:00:00', NULL),
(4271, '0', 214, 76, '2020-02-01 08:00:00', '2020-02-01 08:00:00', NULL),
(4272, NULL, 214, 77, '2020-02-01 08:00:00', '2020-02-01 08:00:00', NULL),
(4273, '0', 214, 78, '2020-02-01 08:00:00', '2020-02-01 08:00:00', NULL),
(4274, '0', 214, 79, '2020-02-01 08:00:00', '2020-02-01 08:00:00', NULL),
(4275, '0', 215, 65, '2020-03-01 08:00:00', '2020-03-01 08:00:00', NULL),
(4276, NULL, 215, 66, '2020-03-01 08:00:00', '2020-03-01 08:00:00', NULL),
(4277, '0', 215, 67, '2020-03-01 08:00:00', '2020-03-01 08:00:00', NULL),
(4278, '0', 215, 68, '2020-03-01 08:00:00', '2020-03-01 08:00:00', NULL),
(4279, NULL, 215, 69, '2020-03-01 08:00:00', '2020-03-01 08:00:00', NULL),
(4280, NULL, 215, 70, '2020-03-01 08:00:00', '2020-03-01 08:00:00', NULL),
(4281, '0', 215, 71, '2020-03-01 08:00:00', '2020-03-01 08:00:00', NULL),
(4282, '0', 215, 72, '2020-03-01 08:00:00', '2020-03-01 08:00:00', NULL),
(4283, NULL, 215, 73, '2020-03-01 08:00:00', '2020-03-01 08:00:00', NULL),
(4284, NULL, 215, 74, '2020-03-01 08:00:00', '2020-03-01 08:00:00', NULL),
(4285, NULL, 215, 75, '2020-03-01 08:00:00', '2020-03-01 08:00:00', NULL),
(4286, '0', 215, 76, '2020-03-01 08:00:00', '2020-03-01 08:00:00', NULL),
(4287, NULL, 215, 77, '2020-03-01 08:00:00', '2020-03-01 08:00:00', NULL),
(4288, '0', 215, 78, '2020-03-01 08:00:00', '2020-03-01 08:00:00', NULL),
(4289, '0', 215, 79, '2020-03-01 08:00:00', '2020-03-01 08:00:00', NULL),
(4290, NULL, 216, 65, '2020-04-01 07:00:00', '2020-04-01 07:00:00', NULL),
(4291, '0', 216, 66, '2020-04-01 07:00:00', '2020-04-01 07:00:00', NULL),
(4292, '0', 216, 67, '2020-04-01 07:00:00', '2020-04-01 07:00:00', NULL),
(4293, NULL, 216, 68, '2020-04-01 07:00:00', '2020-04-01 07:00:00', NULL),
(4294, '0', 216, 69, '2020-04-01 07:00:00', '2020-04-01 07:00:00', NULL),
(4295, '0', 216, 70, '2020-04-01 07:00:00', '2020-04-01 07:00:00', NULL),
(4296, NULL, 216, 71, '2020-04-01 07:00:00', '2020-04-01 07:00:00', NULL),
(4297, '0', 216, 72, '2020-04-01 07:00:00', '2020-04-01 07:00:00', NULL),
(4298, '0', 216, 73, '2020-04-01 07:00:00', '2020-04-01 07:00:00', NULL),
(4299, '0', 216, 74, '2020-04-01 07:00:00', '2020-04-01 07:00:00', NULL),
(4300, NULL, 216, 75, '2020-04-01 07:00:00', '2020-04-01 07:00:00', NULL),
(4301, '0', 216, 76, '2020-04-01 07:00:00', '2020-04-01 07:00:00', NULL),
(4302, '0', 216, 77, '2020-04-01 07:00:00', '2020-04-01 07:00:00', NULL),
(4303, '0', 216, 78, '2020-04-01 07:00:00', '2020-04-01 07:00:00', NULL),
(4304, '0', 216, 79, '2020-04-01 07:00:00', '2020-04-01 07:00:00', NULL),
(4305, NULL, 217, 65, '2020-01-01 08:00:00', '2020-01-01 08:00:00', NULL),
(4306, NULL, 217, 66, '2020-01-01 08:00:00', '2020-01-01 08:00:00', NULL),
(4307, NULL, 217, 67, '2020-01-01 08:00:00', '2020-01-01 08:00:00', NULL),
(4308, NULL, 217, 68, '2020-01-01 08:00:00', '2020-01-01 08:00:00', NULL),
(4309, NULL, 217, 69, '2020-01-01 08:00:00', '2020-01-01 08:00:00', NULL),
(4310, NULL, 217, 70, '2020-01-01 08:00:00', '2020-01-01 08:00:00', NULL),
(4311, '0', 217, 71, '2020-01-01 08:00:00', '2020-01-01 08:00:00', NULL),
(4312, NULL, 217, 72, '2020-01-01 08:00:00', '2020-01-01 08:00:00', NULL),
(4313, '0', 217, 73, '2020-01-01 08:00:00', '2020-01-01 08:00:00', NULL),
(4314, NULL, 217, 74, '2020-01-01 08:00:00', '2020-01-01 08:00:00', NULL),
(4315, NULL, 217, 75, '2020-01-01 08:00:00', '2020-01-01 08:00:00', NULL),
(4316, NULL, 217, 76, '2020-01-01 08:00:00', '2020-01-01 08:00:00', NULL),
(4317, NULL, 217, 77, '2020-01-01 08:00:00', '2020-01-01 08:00:00', NULL),
(4318, NULL, 217, 78, '2020-01-01 08:00:00', '2020-01-01 08:00:00', NULL),
(4319, '0', 217, 79, '2020-01-01 08:00:00', '2020-01-01 08:00:00', NULL),
(4320, '0', 218, 65, '2020-02-01 08:00:00', '2020-02-01 08:00:00', NULL),
(4321, '0', 218, 66, '2020-02-01 08:00:00', '2020-02-01 08:00:00', NULL),
(4322, NULL, 218, 67, '2020-02-01 08:00:00', '2020-02-01 08:00:00', NULL),
(4323, '0', 218, 68, '2020-02-01 08:00:00', '2020-02-01 08:00:00', NULL),
(4324, '0', 218, 69, '2020-02-01 08:00:00', '2020-02-01 08:00:00', NULL),
(4325, '0', 218, 70, '2020-02-01 08:00:00', '2020-02-01 08:00:00', NULL),
(4326, NULL, 218, 71, '2020-02-01 08:00:00', '2020-02-01 08:00:00', NULL),
(4327, '0', 218, 72, '2020-02-01 08:00:00', '2020-02-01 08:00:00', NULL),
(4328, '0', 218, 73, '2020-02-01 08:00:00', '2020-02-01 08:00:00', NULL),
(4329, '0', 218, 74, '2020-02-01 08:00:00', '2020-02-01 08:00:00', NULL),
(4330, '0', 218, 75, '2020-02-01 08:00:00', '2020-02-01 08:00:00', NULL),
(4331, '0', 218, 76, '2020-02-01 08:00:00', '2020-02-01 08:00:00', NULL),
(4332, '0', 218, 77, '2020-02-01 08:00:00', '2020-02-01 08:00:00', NULL),
(4333, NULL, 218, 78, '2020-02-01 08:00:00', '2020-02-01 08:00:00', NULL),
(4334, NULL, 218, 79, '2020-02-01 08:00:00', '2020-02-01 08:00:00', NULL),
(4335, NULL, 219, 65, '2020-03-01 08:00:00', '2020-03-01 08:00:00', NULL),
(4336, '0', 219, 66, '2020-03-01 08:00:00', '2020-03-01 08:00:00', NULL),
(4337, '0', 219, 67, '2020-03-01 08:00:00', '2020-03-01 08:00:00', NULL),
(4338, NULL, 219, 68, '2020-03-01 08:00:00', '2020-03-01 08:00:00', NULL),
(4339, '0', 219, 69, '2020-03-01 08:00:00', '2020-03-01 08:00:00', NULL),
(4340, '0', 219, 70, '2020-03-01 08:00:00', '2020-03-01 08:00:00', NULL),
(4341, '0', 219, 71, '2020-03-01 08:00:00', '2020-03-01 08:00:00', NULL),
(4342, NULL, 219, 72, '2020-03-01 08:00:00', '2020-03-01 08:00:00', NULL),
(4343, NULL, 219, 73, '2020-03-01 08:00:00', '2020-03-01 08:00:00', NULL),
(4344, '0', 219, 74, '2020-03-01 08:00:00', '2020-03-01 08:00:00', NULL),
(4345, NULL, 219, 75, '2020-03-01 08:00:00', '2020-03-01 08:00:00', NULL),
(4346, NULL, 219, 76, '2020-03-01 08:00:00', '2020-03-01 08:00:00', NULL),
(4347, NULL, 219, 77, '2020-03-01 08:00:00', '2020-03-01 08:00:00', NULL),
(4348, '0', 219, 78, '2020-03-01 08:00:00', '2020-03-01 08:00:00', NULL),
(4349, '0', 219, 79, '2020-03-01 08:00:00', '2020-03-01 08:00:00', NULL),
(4350, NULL, 220, 65, '2020-04-01 07:00:00', '2020-04-01 07:00:00', NULL),
(4351, '0', 220, 66, '2020-04-01 07:00:00', '2020-04-01 07:00:00', NULL),
(4352, '0', 220, 67, '2020-04-01 07:00:00', '2020-04-01 07:00:00', NULL),
(4353, '0', 220, 68, '2020-04-01 07:00:00', '2020-04-01 07:00:00', NULL),
(4354, '0', 220, 69, '2020-04-01 07:00:00', '2020-04-01 07:00:00', NULL),
(4355, '0', 220, 70, '2020-04-01 07:00:00', '2020-04-01 07:00:00', NULL),
(4356, NULL, 220, 71, '2020-04-01 07:00:00', '2020-04-01 07:00:00', NULL),
(4357, '0', 220, 72, '2020-04-01 07:00:00', '2020-04-01 07:00:00', NULL),
(4358, '0', 220, 73, '2020-04-01 07:00:00', '2020-04-01 07:00:00', NULL),
(4359, '0', 220, 74, '2020-04-01 07:00:00', '2020-04-01 07:00:00', NULL),
(4360, '0', 220, 75, '2020-04-01 07:00:00', '2020-04-01 07:00:00', NULL),
(4361, '0', 220, 76, '2020-04-01 07:00:00', '2020-04-01 07:00:00', NULL),
(4362, NULL, 220, 77, '2020-04-01 07:00:00', '2020-04-01 07:00:00', NULL),
(4363, NULL, 220, 78, '2020-04-01 07:00:00', '2020-04-01 07:00:00', NULL),
(4364, '0', 220, 79, '2020-04-01 07:00:00', '2020-04-01 07:00:00', NULL),
(4365, NULL, 221, 65, '2020-01-01 08:00:00', '2020-01-01 08:00:00', NULL),
(4366, '0', 221, 66, '2020-01-01 08:00:00', '2020-01-01 08:00:00', NULL),
(4367, NULL, 221, 67, '2020-01-01 08:00:00', '2020-01-01 08:00:00', NULL),
(4368, NULL, 221, 68, '2020-01-01 08:00:00', '2020-01-01 08:00:00', NULL),
(4369, NULL, 221, 69, '2020-01-01 08:00:00', '2020-01-01 08:00:00', NULL),
(4370, NULL, 221, 70, '2020-01-01 08:00:00', '2020-01-01 08:00:00', NULL),
(4371, NULL, 221, 71, '2020-01-01 08:00:00', '2020-01-01 08:00:00', NULL),
(4372, NULL, 221, 72, '2020-01-01 08:00:00', '2020-01-01 08:00:00', NULL),
(4373, NULL, 221, 73, '2020-01-01 08:00:00', '2020-01-01 08:00:00', NULL),
(4374, NULL, 221, 74, '2020-01-01 08:00:00', '2020-01-01 08:00:00', NULL),
(4375, '0', 221, 75, '2020-01-01 08:00:00', '2020-01-01 08:00:00', NULL),
(4376, NULL, 221, 76, '2020-01-01 08:00:00', '2020-01-01 08:00:00', NULL),
(4377, NULL, 221, 77, '2020-01-01 08:00:00', '2020-01-01 08:00:00', NULL),
(4378, '0', 221, 78, '2020-01-01 08:00:00', '2020-01-01 08:00:00', NULL),
(4379, '0', 221, 79, '2020-01-01 08:00:00', '2020-01-01 08:00:00', NULL),
(4380, NULL, 222, 65, '2020-02-01 08:00:00', '2020-02-01 08:00:00', NULL),
(4381, NULL, 222, 66, '2020-02-01 08:00:00', '2020-02-01 08:00:00', NULL),
(4382, '0', 222, 67, '2020-02-01 08:00:00', '2020-02-01 08:00:00', NULL),
(4383, '0', 222, 68, '2020-02-01 08:00:00', '2020-02-01 08:00:00', NULL),
(4384, NULL, 222, 69, '2020-02-01 08:00:00', '2020-02-01 08:00:00', NULL),
(4385, '0', 222, 70, '2020-02-01 08:00:00', '2020-02-01 08:00:00', NULL),
(4386, '0', 222, 71, '2020-02-01 08:00:00', '2020-02-01 08:00:00', NULL),
(4387, NULL, 222, 72, '2020-02-01 08:00:00', '2020-02-01 08:00:00', NULL),
(4388, NULL, 222, 73, '2020-02-01 08:00:00', '2020-02-01 08:00:00', NULL),
(4389, NULL, 222, 74, '2020-02-01 08:00:00', '2020-02-01 08:00:00', NULL),
(4390, '0', 222, 75, '2020-02-01 08:00:00', '2020-02-01 08:00:00', NULL),
(4391, NULL, 222, 76, '2020-02-01 08:00:00', '2020-02-01 08:00:00', NULL),
(4392, NULL, 222, 77, '2020-02-01 08:00:00', '2020-02-01 08:00:00', NULL),
(4393, NULL, 222, 78, '2020-02-01 08:00:00', '2020-02-01 08:00:00', NULL),
(4394, NULL, 222, 79, '2020-02-01 08:00:00', '2020-02-01 08:00:00', NULL),
(4395, '0', 223, 65, '2020-03-01 08:00:00', '2020-03-01 08:00:00', NULL),
(4396, NULL, 223, 66, '2020-03-01 08:00:00', '2020-03-01 08:00:00', NULL),
(4397, '0', 223, 67, '2020-03-01 08:00:00', '2020-03-01 08:00:00', NULL),
(4398, NULL, 223, 68, '2020-03-01 08:00:00', '2020-03-01 08:00:00', NULL),
(4399, NULL, 223, 69, '2020-03-01 08:00:00', '2020-03-01 08:00:00', NULL),
(4400, '0', 223, 70, '2020-03-01 08:00:00', '2020-03-01 08:00:00', NULL),
(4401, '0', 223, 71, '2020-03-01 08:00:00', '2020-03-01 08:00:00', NULL),
(4402, '0', 223, 72, '2020-03-01 08:00:00', '2020-03-01 08:00:00', NULL),
(4403, '0', 223, 73, '2020-03-01 08:00:00', '2020-03-01 08:00:00', NULL),
(4404, NULL, 223, 74, '2020-03-01 08:00:00', '2020-03-01 08:00:00', NULL),
(4405, NULL, 223, 75, '2020-03-01 08:00:00', '2020-03-01 08:00:00', NULL),
(4406, '0', 223, 76, '2020-03-01 08:00:00', '2020-03-01 08:00:00', NULL),
(4407, NULL, 223, 77, '2020-03-01 08:00:00', '2020-03-01 08:00:00', NULL),
(4408, NULL, 223, 78, '2020-03-01 08:00:00', '2020-03-01 08:00:00', NULL),
(4409, NULL, 223, 79, '2020-03-01 08:00:00', '2020-03-01 08:00:00', NULL),
(4410, NULL, 224, 65, '2020-04-01 07:00:00', '2020-04-01 07:00:00', NULL),
(4411, NULL, 224, 66, '2020-04-01 07:00:00', '2020-04-01 07:00:00', NULL),
(4412, NULL, 224, 67, '2020-04-01 07:00:00', '2020-04-01 07:00:00', NULL),
(4413, '0', 224, 68, '2020-04-01 07:00:00', '2020-04-01 07:00:00', NULL),
(4414, '0', 224, 69, '2020-04-01 07:00:00', '2020-04-01 07:00:00', NULL),
(4415, '0', 224, 70, '2020-04-01 07:00:00', '2020-04-01 07:00:00', NULL),
(4416, NULL, 224, 71, '2020-04-01 07:00:00', '2020-04-01 07:00:00', NULL),
(4417, '0', 224, 72, '2020-04-01 07:00:00', '2020-04-01 07:00:00', NULL),
(4418, NULL, 224, 73, '2020-04-01 07:00:00', '2020-04-01 07:00:00', NULL),
(4419, NULL, 224, 74, '2020-04-01 07:00:00', '2020-04-01 07:00:00', NULL),
(4420, NULL, 224, 75, '2020-04-01 07:00:00', '2020-04-01 07:00:00', NULL),
(4421, '0', 224, 76, '2020-04-01 07:00:00', '2020-04-01 07:00:00', NULL),
(4422, NULL, 224, 77, '2020-04-01 07:00:00', '2020-04-01 07:00:00', NULL),
(4423, NULL, 224, 78, '2020-04-01 07:00:00', '2020-04-01 07:00:00', NULL),
(4424, NULL, 224, 79, '2020-04-01 07:00:00', '2020-04-01 07:00:00', NULL),
(4447, NULL, 249, 1, '2020-05-07 19:18:26', '2020-05-07 19:18:26', NULL),
(4448, '0', 249, 2, '2020-05-07 19:18:28', '2020-05-07 19:18:28', NULL),
(4449, NULL, 249, 3, '2020-05-07 19:18:30', '2020-05-07 19:18:30', NULL),
(4450, NULL, 249, 4, '2020-05-07 19:18:31', '2020-05-07 19:18:31', NULL),
(4451, NULL, 249, 5, '2020-05-07 19:18:33', '2020-05-07 19:18:33', NULL),
(4452, NULL, 249, 6, '2020-05-07 19:18:35', '2020-05-07 19:18:35', NULL),
(4453, '0', 249, 7, '2020-05-07 19:18:36', '2020-05-07 19:18:36', NULL),
(4454, '0', 249, 8, '2020-05-07 19:18:38', '2020-05-07 19:18:38', NULL),
(4455, '0', 249, 9, '2020-05-07 19:18:39', '2020-05-07 19:18:39', NULL),
(4456, '0', 249, 10, '2020-05-07 19:18:41', '2020-05-07 19:18:41', NULL),
(4457, NULL, 249, 11, '2020-05-07 19:18:43', '2020-05-07 19:18:43', NULL),
(4458, NULL, 249, 12, '2020-05-07 19:18:44', '2020-05-07 19:18:44', NULL),
(4459, '0', 249, 13, '2020-05-07 19:18:45', '2020-05-07 19:18:45', NULL),
(4460, NULL, 249, 14, '2020-05-07 19:18:46', '2020-05-07 19:18:46', NULL),
(4461, '0', 249, 15, '2020-05-07 19:18:47', '2020-05-07 19:18:47', NULL),
(4462, NULL, 249, 16, '2020-05-07 19:18:48', '2020-05-07 19:18:48', NULL),
(4463, '0', 249, 17, '2020-05-07 19:18:50', '2020-05-07 19:18:50', NULL),
(4464, NULL, 249, 18, '2020-05-07 19:18:51', '2020-05-07 19:18:51', NULL),
(4465, NULL, 249, 19, '2020-05-07 19:18:52', '2020-05-07 19:18:52', NULL),
(4466, '0', 249, 20, '2020-05-07 19:18:53', '2020-05-07 19:18:53', NULL),
(4467, NULL, 249, 21, '2020-05-07 19:18:54', '2020-05-07 19:18:54', NULL),
(4468, '0', 249, 22, '2020-05-07 19:18:55', '2020-05-07 19:18:55', NULL),
(4469, NULL, 249, 23, '2020-05-07 19:18:56', '2020-05-07 19:18:56', NULL),
(4470, '0', 249, 24, '2020-05-07 19:18:57', '2020-05-07 19:18:57', NULL),
(4471, NULL, 250, 25, '2020-05-07 20:20:46', '2020-05-07 20:20:46', NULL),
(4472, NULL, 250, 26, '2020-05-07 20:20:46', '2020-05-07 20:20:46', NULL),
(4473, NULL, 250, 27, '2020-05-07 20:20:47', '2020-05-07 20:20:47', NULL),
(4474, NULL, 250, 28, '2020-05-07 20:20:47', '2020-05-07 20:20:47', NULL),
(4475, NULL, 250, 29, '2020-05-07 20:20:48', '2020-05-07 20:20:48', NULL),
(4476, '0', 250, 30, '2020-05-07 20:20:49', '2020-05-07 20:20:49', NULL),
(4477, NULL, 250, 31, '2020-05-07 20:20:50', '2020-05-07 20:20:50', NULL),
(4478, '0', 250, 32, '2020-05-07 20:20:51', '2020-05-07 20:20:51', NULL),
(4479, '0', 250, 33, '2020-05-07 20:20:51', '2020-05-07 20:20:51', NULL),
(4480, NULL, 250, 34, '2020-05-07 20:20:52', '2020-05-07 20:20:52', NULL),
(4481, '0', 250, 35, '2020-05-07 20:20:53', '2020-05-07 20:20:53', NULL),
(4482, '0', 250, 36, '2020-05-07 20:20:53', '2020-05-07 20:20:53', NULL),
(4483, '0', 250, 37, '2020-05-07 20:20:54', '2020-05-07 20:20:54', NULL),
(4484, '0', 250, 38, '2020-05-07 20:20:55', '2020-05-07 20:20:55', NULL),
(4485, NULL, 250, 39, '2020-05-07 20:20:56', '2020-05-07 20:20:56', NULL),
(4486, NULL, 250, 40, '2020-05-07 20:20:56', '2020-05-07 20:20:56', NULL),
(4487, '0', 250, 41, '2020-05-07 20:20:57', '2020-05-07 20:20:57', NULL),
(4488, '0', 250, 42, '2020-05-07 20:20:58', '2020-05-07 20:20:58', NULL),
(4489, NULL, 250, 43, '2020-05-07 20:20:58', '2020-05-07 20:20:58', NULL);

-- --------------------------------------------------------

--
-- Структура таблицы `mark_columns`
--

CREATE TABLE `mark_columns` (
  `id` bigint(20) UNSIGNED NOT NULL,
  `title` varchar(255) NOT NULL,
  `group_id` int(10) UNSIGNED NOT NULL,
  `subject_id` int(10) UNSIGNED NOT NULL,
  `created_at` timestamp NULL DEFAULT NULL,
  `updated_at` timestamp NULL DEFAULT NULL,
  `deleted_at` timestamp NULL DEFAULT NULL
) ENGINE=InnoDB DEFAULT CHARSET=utf8;

--
-- Дамп данных таблицы `mark_columns`
--

INSERT INTO `mark_columns` (`id`, `title`, `group_id`, `subject_id`, `created_at`, `updated_at`, `deleted_at`) VALUES
(1, 'ЛБ1', 1, 2, '2020-05-07 09:09:29', '2020-05-07 09:09:29', NULL),
(2, 'ЛБ2', 1, 2, '2020-05-07 09:09:29', '2020-05-07 09:09:29', NULL),
(3, 'ЛБ3', 1, 2, '2020-05-07 09:09:29', '2020-05-07 12:51:11', NULL),
(4, 'ЛБ1', 1, 4, '2020-05-07 09:09:29', '2020-05-07 09:09:29', NULL),
(5, 'ЛБ2', 1, 4, '2020-05-07 09:09:29', '2020-05-07 09:09:29', NULL),
(6, 'ЛБ3', 1, 4, '2020-05-07 09:09:29', '2020-05-07 09:09:29', NULL),
(7, 'ЛБ1', 1, 6, '2020-05-07 09:09:29', '2020-05-07 09:09:29', NULL),
(8, 'ЛБ2', 1, 6, '2020-05-07 09:09:29', '2020-05-07 09:09:29', NULL),
(9, 'ЛБ3', 1, 6, '2020-05-07 09:09:29', '2020-05-07 09:09:29', NULL),
(10, 'ЛБ1', 1, 12, '2020-05-07 09:09:29', '2020-05-07 09:09:29', NULL),
(11, 'ЛБ2', 1, 12, '2020-05-07 09:09:29', '2020-05-07 09:09:29', NULL),
(12, 'ЛБ3', 1, 12, '2020-05-07 09:09:29', '2020-05-07 09:09:29', NULL),
(13, 'ЛБ1', 1, 14, '2020-05-07 09:09:29', '2020-05-07 09:09:29', NULL),
(14, 'ЛБ2', 1, 14, '2020-05-07 09:09:29', '2020-05-07 09:09:29', NULL),
(15, 'ЛБ3', 1, 14, '2020-05-07 09:09:29', '2020-05-07 09:09:29', NULL),
(16, 'ЛБ1', 2, 2, '2020-05-07 09:35:55', '2020-05-07 09:35:55', NULL),
(17, 'ЛБ2', 2, 2, '2020-05-07 09:35:55', '2020-05-07 09:35:55', NULL),
(18, 'ЛБ3', 2, 2, '2020-05-07 09:35:55', '2020-05-07 09:35:55', NULL),
(19, 'ЛБ1', 2, 4, '2020-05-07 09:35:56', '2020-05-07 09:35:56', NULL),
(20, 'ЛБ2', 2, 4, '2020-05-07 09:35:56', '2020-05-07 09:35:56', NULL),
(21, 'ЛБ3', 2, 4, '2020-05-07 09:35:56', '2020-05-07 09:35:56', NULL),
(22, 'ЛБ1', 2, 6, '2020-05-07 09:35:56', '2020-05-07 09:35:56', NULL),
(23, 'ЛБ2', 2, 6, '2020-05-07 09:35:56', '2020-05-07 09:35:56', NULL),
(24, 'ЛБ3', 2, 6, '2020-05-07 09:35:56', '2020-05-07 09:35:56', NULL),
(25, 'ЛБ1', 2, 12, '2020-05-07 09:35:56', '2020-05-07 09:35:56', NULL),
(26, 'ЛБ2', 2, 12, '2020-05-07 09:35:56', '2020-05-07 09:35:56', NULL),
(27, 'ЛБ3', 2, 12, '2020-05-07 09:35:56', '2020-05-07 09:35:56', NULL),
(28, 'ЛБ1', 2, 14, '2020-05-07 09:35:56', '2020-05-07 09:35:56', NULL),
(29, 'ЛБ2', 2, 14, '2020-05-07 09:35:56', '2020-05-07 09:35:56', NULL),
(30, 'ЛБ3', 2, 14, '2020-05-07 09:35:56', '2020-05-07 09:35:56', NULL),
(31, 'ЛБ1', 3, 2, '2020-05-07 09:35:58', '2020-05-07 09:35:58', NULL),
(32, 'ЛБ2', 3, 2, '2020-05-07 09:35:58', '2020-05-07 09:35:58', NULL),
(33, 'ЛБ3', 3, 2, '2020-05-07 09:35:58', '2020-05-07 09:35:58', NULL),
(34, 'ЛБ1', 3, 6, '2020-05-07 09:35:58', '2020-05-07 09:35:58', NULL),
(35, 'ЛБ2', 3, 6, '2020-05-07 09:35:58', '2020-05-07 09:35:58', NULL),
(36, 'ЛБ3', 3, 6, '2020-05-07 09:35:58', '2020-05-07 09:35:58', NULL),
(37, 'ЛБ1', 3, 16, '2020-05-07 09:35:58', '2020-05-07 09:35:58', NULL),
(38, 'ЛБ2', 3, 16, '2020-05-07 09:35:58', '2020-05-07 09:35:58', NULL),
(39, 'ЛБ3', 3, 16, '2020-05-07 09:35:58', '2020-05-07 09:35:58', NULL),
(40, 'ЛБ1', 3, 18, '2020-05-07 09:35:58', '2020-05-07 09:35:58', NULL),
(41, 'ЛБ2', 3, 18, '2020-05-07 09:35:58', '2020-05-07 09:35:58', NULL),
(42, 'ЛБ3', 3, 18, '2020-05-07 09:35:59', '2020-05-07 09:35:59', NULL),
(43, 'ЛБ1', 3, 20, '2020-05-07 09:35:59', '2020-05-07 09:35:59', NULL),
(44, 'ЛБ2', 3, 20, '2020-05-07 09:35:59', '2020-05-07 09:35:59', NULL),
(45, 'ЛБ3', 3, 20, '2020-05-07 09:35:59', '2020-05-07 09:35:59', NULL),
(46, 'ЛБ1', 4, 2, '2020-05-07 09:36:01', '2020-05-07 09:36:01', NULL),
(47, 'ЛБ2', 4, 2, '2020-05-07 09:36:01', '2020-05-07 09:36:01', NULL),
(48, 'ЛБ3', 4, 2, '2020-05-07 09:36:01', '2020-05-07 09:36:01', NULL),
(49, 'ЛБ1', 4, 6, '2020-05-07 09:36:01', '2020-05-07 09:36:01', NULL),
(50, 'ЛБ2', 4, 6, '2020-05-07 09:36:01', '2020-05-07 09:36:01', NULL),
(51, 'ЛБ3', 4, 6, '2020-05-07 09:36:01', '2020-05-07 09:36:01', NULL),
(52, 'ЛБ1', 4, 16, '2020-05-07 09:36:01', '2020-05-07 09:36:01', NULL),
(53, 'ЛБ2', 4, 16, '2020-05-07 09:36:01', '2020-05-07 09:36:01', NULL),
(54, 'ЛБ3', 4, 16, '2020-05-07 09:36:01', '2020-05-07 09:36:01', NULL),
(55, 'ЛБ1', 4, 18, '2020-05-07 09:36:01', '2020-05-07 09:36:01', NULL),
(56, 'ЛБ2', 4, 18, '2020-05-07 09:36:01', '2020-05-07 09:36:01', NULL),
(57, 'ЛБ3', 4, 18, '2020-05-07 09:36:01', '2020-05-07 09:36:01', NULL),
(58, 'ЛБ1', 4, 20, '2020-05-07 09:36:01', '2020-05-07 09:36:01', NULL),
(59, 'ЛБ2', 4, 20, '2020-05-07 09:36:02', '2020-05-07 09:36:02', NULL),
(60, 'ЛБ3', 4, 20, '2020-05-07 09:36:02', '2020-05-07 09:36:02', NULL),
(61, '123', 1, 2, '2020-05-07 12:50:53', '2020-05-07 12:56:32', '2020-05-07 12:56:32');

-- --------------------------------------------------------

--
-- Структура таблицы `mark_records`
--

CREATE TABLE `mark_records` (
  `id` bigint(20) UNSIGNED NOT NULL,
  `value` varchar(255) DEFAULT NULL,
  `column_id` bigint(20) UNSIGNED NOT NULL,
  `student_id` bigint(20) UNSIGNED NOT NULL,
  `created_at` timestamp NULL DEFAULT NULL,
  `updated_at` timestamp NULL DEFAULT NULL,
  `deleted_at` timestamp NULL DEFAULT NULL
) ENGINE=InnoDB DEFAULT CHARSET=utf8;

--
-- Дамп данных таблицы `mark_records`
--

INSERT INTO `mark_records` (`id`, `value`, `column_id`, `student_id`, `created_at`, `updated_at`, `deleted_at`) VALUES
(1, '10', 1, 1, '2020-05-07 09:09:29', '2020-05-07 09:09:29', NULL),
(2, NULL, 1, 2, '2020-05-07 09:09:29', '2020-05-07 09:09:29', NULL),
(3, NULL, 1, 3, '2020-05-07 09:09:29', '2020-05-07 09:09:29', NULL),
(4, NULL, 1, 4, '2020-05-07 09:09:29', '2020-05-07 09:09:29', NULL),
(5, '9', 1, 5, '2020-05-07 09:09:29', '2020-05-07 09:09:29', NULL),
(6, '10', 1, 6, '2020-05-07 09:09:29', '2020-05-07 09:09:29', NULL),
(7, NULL, 1, 7, '2020-05-07 09:09:29', '2020-05-07 09:09:29', NULL),
(8, NULL, 1, 8, '2020-05-07 09:09:29', '2020-05-07 09:09:29', NULL),
(9, NULL, 1, 9, '2020-05-07 09:09:29', '2020-05-07 09:09:29', NULL),
(10, NULL, 1, 10, '2020-05-07 09:09:29', '2020-05-07 09:09:29', NULL),
(11, NULL, 1, 11, '2020-05-07 09:09:29', '2020-05-07 09:09:29', NULL),
(12, '7', 1, 12, '2020-05-07 09:09:29', '2020-05-07 09:09:29', NULL),
(13, NULL, 1, 13, '2020-05-07 09:09:29', '2020-05-07 09:09:29', NULL),
(14, '8', 1, 14, '2020-05-07 09:09:29', '2020-05-07 09:09:29', NULL),
(15, NULL, 1, 15, '2020-05-07 09:09:29', '2020-05-07 09:09:29', NULL),
(16, '8', 1, 16, '2020-05-07 09:09:29', '2020-05-07 09:09:29', NULL),
(17, '7', 1, 17, '2020-05-07 09:09:29', '2020-05-07 09:09:29', NULL),
(18, NULL, 1, 18, '2020-05-07 09:09:29', '2020-05-07 09:09:29', NULL),
(19, NULL, 1, 19, '2020-05-07 09:09:29', '2020-05-07 09:09:29', NULL),
(20, '7', 1, 20, '2020-05-07 09:09:29', '2020-05-07 09:09:29', NULL),
(21, '8', 1, 21, '2020-05-07 09:09:29', '2020-05-07 09:09:29', NULL),
(22, '6', 1, 22, '2020-05-07 09:09:29', '2020-05-07 09:09:29', NULL),
(23, NULL, 1, 23, '2020-05-07 09:09:29', '2020-05-07 09:09:29', NULL),
(24, NULL, 1, 24, '2020-05-07 09:09:29', '2020-05-07 09:09:29', NULL),
(25, NULL, 2, 1, '2020-05-07 09:09:29', '2020-05-07 09:09:29', NULL),
(26, '7', 2, 2, '2020-05-07 09:09:29', '2020-05-07 09:09:29', NULL),
(27, NULL, 2, 3, '2020-05-07 09:09:29', '2020-05-07 09:09:29', NULL),
(28, NULL, 2, 4, '2020-05-07 09:09:29', '2020-05-07 09:09:29', NULL),
(29, NULL, 2, 5, '2020-05-07 09:09:29', '2020-05-07 09:09:29', NULL),
(30, '7', 2, 6, '2020-05-07 09:09:29', '2020-05-07 09:09:29', NULL),
(31, NULL, 2, 7, '2020-05-07 09:09:29', '2020-05-07 09:09:29', NULL),
(32, '10', 2, 8, '2020-05-07 09:09:29', '2020-05-07 09:09:29', NULL),
(33, '6', 2, 9, '2020-05-07 09:09:29', '2020-05-07 09:09:29', NULL),
(34, NULL, 2, 10, '2020-05-07 09:09:29', '2020-05-07 09:09:29', NULL),
(35, NULL, 2, 11, '2020-05-07 09:09:29', '2020-05-07 09:09:29', NULL),
(36, NULL, 2, 12, '2020-05-07 09:09:29', '2020-05-07 09:09:29', NULL),
(37, NULL, 2, 13, '2020-05-07 09:09:29', '2020-05-07 09:09:29', NULL),
(38, '7', 2, 14, '2020-05-07 09:09:29', '2020-05-07 09:09:29', NULL),
(39, '6', 2, 15, '2020-05-07 09:09:29', '2020-05-07 09:09:29', NULL),
(40, '6', 2, 16, '2020-05-07 09:09:29', '2020-05-07 09:09:29', NULL),
(41, NULL, 2, 17, '2020-05-07 09:09:29', '2020-05-07 09:09:29', NULL),
(42, '8', 2, 18, '2020-05-07 09:09:29', '2020-05-07 09:09:29', NULL),
(43, '6', 2, 19, '2020-05-07 09:09:29', '2020-05-07 09:09:29', NULL),
(44, '10', 2, 20, '2020-05-07 09:09:29', '2020-05-07 09:09:29', NULL),
(45, NULL, 2, 21, '2020-05-07 09:09:29', '2020-05-07 09:09:29', NULL),
(46, '6', 2, 22, '2020-05-07 09:09:29', '2020-05-07 09:09:29', NULL),
(47, '6', 2, 23, '2020-05-07 09:09:29', '2020-05-07 09:09:29', NULL),
(48, '7', 2, 24, '2020-05-07 09:09:29', '2020-05-07 09:09:29', NULL),
(49, NULL, 3, 1, '2020-05-07 09:09:29', '2020-05-07 09:09:29', NULL),
(50, '5', 3, 2, '2020-05-07 09:09:29', '2020-05-07 09:09:29', NULL),
(51, NULL, 3, 3, '2020-05-07 09:09:29', '2020-05-07 09:09:29', NULL),
(52, '5', 3, 4, '2020-05-07 09:09:29', '2020-05-07 09:09:29', NULL),
(53, NULL, 3, 5, '2020-05-07 09:09:29', '2020-05-07 09:09:29', NULL),
(54, NULL, 3, 6, '2020-05-07 09:09:29', '2020-05-07 09:09:29', NULL),
(55, '8', 3, 7, '2020-05-07 09:09:29', '2020-05-07 09:09:29', NULL),
(56, '7', 3, 8, '2020-05-07 09:09:29', '2020-05-07 09:09:29', NULL),
(57, NULL, 3, 9, '2020-05-07 09:09:29', '2020-05-07 09:09:29', NULL),
(58, '8', 3, 10, '2020-05-07 09:09:29', '2020-05-07 09:09:29', NULL),
(59, '6', 3, 11, '2020-05-07 09:09:29', '2020-05-07 09:09:29', NULL),
(60, NULL, 3, 12, '2020-05-07 09:09:29', '2020-05-07 09:09:29', NULL),
(61, '5', 3, 13, '2020-05-07 09:09:29', '2020-05-07 09:09:29', NULL),
(62, '6', 3, 14, '2020-05-07 09:09:29', '2020-05-07 09:09:29', NULL),
(63, '5', 3, 15, '2020-05-07 09:09:29', '2020-05-07 09:09:29', NULL),
(64, '6', 3, 16, '2020-05-07 09:09:29', '2020-05-07 09:09:29', NULL),
(65, NULL, 3, 17, '2020-05-07 09:09:29', '2020-05-07 09:09:29', NULL),
(66, '6', 3, 18, '2020-05-07 09:09:29', '2020-05-07 09:09:29', NULL),
(67, '7', 3, 19, '2020-05-07 09:09:29', '2020-05-07 09:09:29', NULL),
(68, NULL, 3, 20, '2020-05-07 09:09:29', '2020-05-07 09:09:29', NULL),
(69, NULL, 3, 21, '2020-05-07 09:09:29', '2020-05-07 09:09:29', NULL),
(70, NULL, 3, 22, '2020-05-07 09:09:29', '2020-05-07 09:09:29', NULL),
(71, '10', 3, 23, '2020-05-07 09:09:29', '2020-05-07 09:09:29', NULL),
(72, NULL, 3, 24, '2020-05-07 09:09:29', '2020-05-07 09:09:29', NULL),
(73, '9', 4, 1, '2020-05-07 09:09:29', '2020-05-07 09:09:29', NULL),
(74, NULL, 4, 2, '2020-05-07 09:09:29', '2020-05-07 09:09:29', NULL),
(75, '7', 4, 3, '2020-05-07 09:09:29', '2020-05-07 09:09:29', NULL),
(76, NULL, 4, 4, '2020-05-07 09:09:29', '2020-05-07 09:09:29', NULL),
(77, '6', 4, 5, '2020-05-07 09:09:29', '2020-05-07 09:09:29', NULL),
(78, '9', 4, 6, '2020-05-07 09:09:29', '2020-05-07 09:09:29', NULL),
(79, '7', 4, 7, '2020-05-07 09:09:29', '2020-05-07 09:09:29', NULL),
(80, '9', 4, 8, '2020-05-07 09:09:29', '2020-05-07 09:09:29', NULL),
(81, '7', 4, 9, '2020-05-07 09:09:29', '2020-05-07 09:09:29', NULL),
(82, '5', 4, 10, '2020-05-07 09:09:29', '2020-05-07 09:09:29', NULL),
(83, NULL, 4, 11, '2020-05-07 09:09:29', '2020-05-07 09:09:29', NULL),
(84, '10', 4, 12, '2020-05-07 09:09:29', '2020-05-07 09:09:29', NULL),
(85, NULL, 4, 13, '2020-05-07 09:09:29', '2020-05-07 09:09:29', NULL),
(86, '5', 4, 14, '2020-05-07 09:09:29', '2020-05-07 09:09:29', NULL),
(87, '5', 4, 15, '2020-05-07 09:09:29', '2020-05-07 09:09:29', NULL),
(88, '5', 4, 16, '2020-05-07 09:09:29', '2020-05-07 09:09:29', NULL),
(89, '9', 4, 17, '2020-05-07 09:09:29', '2020-05-07 09:09:29', NULL),
(90, '7', 4, 18, '2020-05-07 09:09:29', '2020-05-07 09:09:29', NULL),
(91, NULL, 4, 19, '2020-05-07 09:09:29', '2020-05-07 09:09:29', NULL),
(92, NULL, 4, 20, '2020-05-07 09:09:29', '2020-05-07 09:09:29', NULL),
(93, NULL, 4, 21, '2020-05-07 09:09:29', '2020-05-07 09:09:29', NULL),
(94, NULL, 4, 22, '2020-05-07 09:09:29', '2020-05-07 09:09:29', NULL),
(95, '8', 4, 23, '2020-05-07 09:09:29', '2020-05-07 09:09:29', NULL),
(96, NULL, 4, 24, '2020-05-07 09:09:29', '2020-05-07 09:09:29', NULL),
(97, '7', 5, 1, '2020-05-07 09:09:29', '2020-05-07 09:09:29', NULL),
(98, NULL, 5, 2, '2020-05-07 09:09:29', '2020-05-07 09:09:29', NULL),
(99, '6', 5, 3, '2020-05-07 09:09:29', '2020-05-07 09:09:29', NULL),
(100, '9', 5, 4, '2020-05-07 09:09:29', '2020-05-07 09:09:29', NULL),
(101, '6', 5, 5, '2020-05-07 09:09:29', '2020-05-07 09:09:29', NULL),
(102, '5', 5, 6, '2020-05-07 09:09:29', '2020-05-07 09:09:29', NULL),
(103, '7', 5, 7, '2020-05-07 09:09:29', '2020-05-07 09:09:29', NULL),
(104, '5', 5, 8, '2020-05-07 09:09:29', '2020-05-07 09:09:29', NULL),
(105, '6', 5, 9, '2020-05-07 09:09:29', '2020-05-07 09:09:29', NULL),
(106, NULL, 5, 10, '2020-05-07 09:09:29', '2020-05-07 09:09:29', NULL),
(107, NULL, 5, 11, '2020-05-07 09:09:29', '2020-05-07 09:09:29', NULL),
(108, '5', 5, 12, '2020-05-07 09:09:29', '2020-05-07 09:09:29', NULL),
(109, NULL, 5, 13, '2020-05-07 09:09:29', '2020-05-07 09:09:29', NULL),
(110, '5', 5, 14, '2020-05-07 09:09:29', '2020-05-07 09:09:29', NULL),
(111, '7', 5, 15, '2020-05-07 09:09:29', '2020-05-07 09:09:29', NULL),
(112, NULL, 5, 16, '2020-05-07 09:09:29', '2020-05-07 09:09:29', NULL),
(113, '8', 5, 17, '2020-05-07 09:09:29', '2020-05-07 09:09:29', NULL),
(114, NULL, 5, 18, '2020-05-07 09:09:29', '2020-05-07 09:09:29', NULL),
(115, NULL, 5, 19, '2020-05-07 09:09:29', '2020-05-07 09:09:29', NULL),
(116, '10', 5, 20, '2020-05-07 09:09:29', '2020-05-07 09:09:29', NULL),
(117, '10', 5, 21, '2020-05-07 09:09:29', '2020-05-07 09:09:29', NULL),
(118, '5', 5, 22, '2020-05-07 09:09:29', '2020-05-07 09:09:29', NULL),
(119, '6', 5, 23, '2020-05-07 09:09:29', '2020-05-07 09:09:29', NULL),
(120, NULL, 5, 24, '2020-05-07 09:09:29', '2020-05-07 09:09:29', NULL),
(121, '7', 6, 1, '2020-05-07 09:09:29', '2020-05-07 09:09:29', NULL),
(122, NULL, 6, 2, '2020-05-07 09:09:29', '2020-05-07 09:09:29', NULL),
(123, '10', 6, 3, '2020-05-07 09:09:29', '2020-05-07 09:09:29', NULL),
(124, NULL, 6, 4, '2020-05-07 09:09:29', '2020-05-07 09:09:29', NULL),
(125, NULL, 6, 5, '2020-05-07 09:09:29', '2020-05-07 09:09:29', NULL),
(126, '5', 6, 6, '2020-05-07 09:09:29', '2020-05-07 09:09:29', NULL),
(127, '9', 6, 7, '2020-05-07 09:09:29', '2020-05-07 09:09:29', NULL),
(128, '10', 6, 8, '2020-05-07 09:09:29', '2020-05-07 09:09:29', NULL),
(129, '8', 6, 9, '2020-05-07 09:09:29', '2020-05-07 09:09:29', NULL),
(130, '8', 6, 10, '2020-05-07 09:09:29', '2020-05-07 09:09:29', NULL),
(131, NULL, 6, 11, '2020-05-07 09:09:29', '2020-05-07 09:09:29', NULL),
(132, '6', 6, 12, '2020-05-07 09:09:29', '2020-05-07 09:09:29', NULL),
(133, '6', 6, 13, '2020-05-07 09:09:29', '2020-05-07 09:09:29', NULL),
(134, NULL, 6, 14, '2020-05-07 09:09:29', '2020-05-07 09:09:29', NULL),
(135, '10', 6, 15, '2020-05-07 09:09:29', '2020-05-07 09:09:29', NULL),
(136, '8', 6, 16, '2020-05-07 09:09:29', '2020-05-07 09:09:29', NULL),
(137, '7', 6, 17, '2020-05-07 09:09:29', '2020-05-07 09:09:29', NULL),
(138, '5', 6, 18, '2020-05-07 09:09:29', '2020-05-07 09:09:29', NULL),
(139, '7', 6, 19, '2020-05-07 09:09:29', '2020-05-07 09:09:29', NULL),
(140, NULL, 6, 20, '2020-05-07 09:09:29', '2020-05-07 09:09:29', NULL),
(141, NULL, 6, 21, '2020-05-07 09:09:29', '2020-05-07 09:09:29', NULL),
(142, '6', 6, 22, '2020-05-07 09:09:29', '2020-05-07 09:09:29', NULL),
(143, NULL, 6, 23, '2020-05-07 09:09:29', '2020-05-07 09:09:29', NULL),
(144, '9', 6, 24, '2020-05-07 09:09:29', '2020-05-07 09:09:29', NULL),
(145, '7', 7, 1, '2020-05-07 09:09:29', '2020-05-07 09:09:29', NULL),
(146, '9', 7, 2, '2020-05-07 09:09:29', '2020-05-07 09:09:29', NULL),
(147, NULL, 7, 3, '2020-05-07 09:09:29', '2020-05-07 09:09:29', NULL),
(148, '8', 7, 4, '2020-05-07 09:09:29', '2020-05-07 09:09:29', NULL),
(149, NULL, 7, 5, '2020-05-07 09:09:29', '2020-05-07 09:09:29', NULL),
(150, '7', 7, 6, '2020-05-07 09:09:29', '2020-05-07 09:09:29', NULL),
(151, '9', 7, 7, '2020-05-07 09:09:29', '2020-05-07 09:09:29', NULL),
(152, '8', 7, 8, '2020-05-07 09:09:29', '2020-05-07 09:09:29', NULL),
(153, '5', 7, 9, '2020-05-07 09:09:29', '2020-05-07 09:09:29', NULL),
(154, '6', 7, 10, '2020-05-07 09:09:29', '2020-05-07 09:09:29', NULL),
(155, '8', 7, 11, '2020-05-07 09:09:29', '2020-05-07 09:09:29', NULL),
(156, '5', 7, 12, '2020-05-07 09:09:29', '2020-05-07 09:09:29', NULL),
(157, '5', 7, 13, '2020-05-07 09:09:29', '2020-05-07 09:09:29', NULL),
(158, '9', 7, 14, '2020-05-07 09:09:29', '2020-05-07 09:09:29', NULL),
(159, '10', 7, 15, '2020-05-07 09:09:29', '2020-05-07 09:09:29', NULL),
(160, '6', 7, 16, '2020-05-07 09:09:29', '2020-05-07 09:09:29', NULL),
(161, '9', 7, 17, '2020-05-07 09:09:29', '2020-05-07 09:09:29', NULL),
(162, NULL, 7, 18, '2020-05-07 09:09:29', '2020-05-07 09:09:29', NULL),
(163, NULL, 7, 19, '2020-05-07 09:09:29', '2020-05-07 09:09:29', NULL),
(164, '8', 7, 20, '2020-05-07 09:09:29', '2020-05-07 09:09:29', NULL),
(165, NULL, 7, 21, '2020-05-07 09:09:29', '2020-05-07 09:09:29', NULL),
(166, '10', 7, 22, '2020-05-07 09:09:29', '2020-05-07 09:09:29', NULL),
(167, '5', 7, 23, '2020-05-07 09:09:29', '2020-05-07 09:09:29', NULL),
(168, '9', 7, 24, '2020-05-07 09:09:29', '2020-05-07 09:09:29', NULL),
(169, NULL, 8, 1, '2020-05-07 09:09:29', '2020-05-07 09:09:29', NULL),
(170, '9', 8, 2, '2020-05-07 09:09:29', '2020-05-07 09:09:29', NULL),
(171, '6', 8, 3, '2020-05-07 09:09:29', '2020-05-07 09:09:29', NULL),
(172, NULL, 8, 4, '2020-05-07 09:09:29', '2020-05-07 09:09:29', NULL),
(173, '6', 8, 5, '2020-05-07 09:09:29', '2020-05-07 09:09:29', NULL),
(174, '7', 8, 6, '2020-05-07 09:09:29', '2020-05-07 09:09:29', NULL),
(175, NULL, 8, 7, '2020-05-07 09:09:29', '2020-05-07 09:09:29', NULL),
(176, NULL, 8, 8, '2020-05-07 09:09:29', '2020-05-07 09:09:29', NULL),
(177, '8', 8, 9, '2020-05-07 09:09:29', '2020-05-07 09:09:29', NULL),
(178, '5', 8, 10, '2020-05-07 09:09:29', '2020-05-07 09:09:29', NULL),
(179, NULL, 8, 11, '2020-05-07 09:09:29', '2020-05-07 09:09:29', NULL),
(180, '9', 8, 12, '2020-05-07 09:09:29', '2020-05-07 09:09:29', NULL),
(181, '8', 8, 13, '2020-05-07 09:09:29', '2020-05-07 09:09:29', NULL),
(182, NULL, 8, 14, '2020-05-07 09:09:29', '2020-05-07 09:09:29', NULL),
(183, NULL, 8, 15, '2020-05-07 09:09:29', '2020-05-07 09:09:29', NULL),
(184, NULL, 8, 16, '2020-05-07 09:09:29', '2020-05-07 09:09:29', NULL),
(185, '7', 8, 17, '2020-05-07 09:09:29', '2020-05-07 09:09:29', NULL),
(186, NULL, 8, 18, '2020-05-07 09:09:29', '2020-05-07 09:09:29', NULL),
(187, '10', 8, 19, '2020-05-07 09:09:29', '2020-05-07 09:09:29', NULL),
(188, NULL, 8, 20, '2020-05-07 09:09:29', '2020-05-07 09:09:29', NULL),
(189, '7', 8, 21, '2020-05-07 09:09:29', '2020-05-07 09:09:29', NULL),
(190, NULL, 8, 22, '2020-05-07 09:09:29', '2020-05-07 09:09:29', NULL),
(191, '9', 8, 23, '2020-05-07 09:09:29', '2020-05-07 09:09:29', NULL),
(192, '6', 8, 24, '2020-05-07 09:09:29', '2020-05-07 09:09:29', NULL),
(193, '9', 9, 1, '2020-05-07 09:09:29', '2020-05-07 09:09:29', NULL),
(194, '9', 9, 2, '2020-05-07 09:09:29', '2020-05-07 09:09:29', NULL),
(195, '10', 9, 3, '2020-05-07 09:09:29', '2020-05-07 09:09:29', NULL),
(196, '7', 9, 4, '2020-05-07 09:09:29', '2020-05-07 09:09:29', NULL),
(197, '10', 9, 5, '2020-05-07 09:09:29', '2020-05-07 09:09:29', NULL),
(198, '9', 9, 6, '2020-05-07 09:09:29', '2020-05-07 09:09:29', NULL),
(199, NULL, 9, 7, '2020-05-07 09:09:29', '2020-05-07 09:09:29', NULL),
(200, '5', 9, 8, '2020-05-07 09:09:29', '2020-05-07 09:09:29', NULL),
(201, NULL, 9, 9, '2020-05-07 09:09:29', '2020-05-07 09:09:29', NULL),
(202, '5', 9, 10, '2020-05-07 09:09:29', '2020-05-07 09:09:29', NULL),
(203, '5', 9, 11, '2020-05-07 09:09:29', '2020-05-07 09:09:29', NULL),
(204, '6', 9, 12, '2020-05-07 09:09:29', '2020-05-07 09:09:29', NULL),
(205, '6', 9, 13, '2020-05-07 09:09:29', '2020-05-07 09:09:29', NULL),
(206, NULL, 9, 14, '2020-05-07 09:09:29', '2020-05-07 09:09:29', NULL),
(207, '7', 9, 15, '2020-05-07 09:09:29', '2020-05-07 09:09:29', NULL),
(208, NULL, 9, 16, '2020-05-07 09:09:29', '2020-05-07 09:09:29', NULL),
(209, '5', 9, 17, '2020-05-07 09:09:29', '2020-05-07 09:09:29', NULL),
(210, '10', 9, 18, '2020-05-07 09:09:29', '2020-05-07 09:09:29', NULL),
(211, '9', 9, 19, '2020-05-07 09:09:29', '2020-05-07 09:09:29', NULL),
(212, '10', 9, 20, '2020-05-07 09:09:29', '2020-05-07 09:09:29', NULL),
(213, NULL, 9, 21, '2020-05-07 09:09:29', '2020-05-07 09:09:29', NULL),
(214, '7', 9, 22, '2020-05-07 09:09:29', '2020-05-07 09:09:29', NULL),
(215, '10', 9, 23, '2020-05-07 09:09:29', '2020-05-07 09:09:29', NULL),
(216, NULL, 9, 24, '2020-05-07 09:09:29', '2020-05-07 09:09:29', NULL),
(217, NULL, 10, 1, '2020-05-07 09:09:29', '2020-05-07 09:09:29', NULL),
(218, '8', 10, 2, '2020-05-07 09:09:29', '2020-05-07 09:09:29', NULL),
(219, NULL, 10, 3, '2020-05-07 09:09:29', '2020-05-07 09:09:29', NULL),
(220, '10', 10, 4, '2020-05-07 09:09:29', '2020-05-07 09:09:29', NULL),
(221, NULL, 10, 5, '2020-05-07 09:09:29', '2020-05-07 09:09:29', NULL),
(222, '8', 10, 6, '2020-05-07 09:09:29', '2020-05-07 09:09:29', NULL),
(223, '10', 10, 7, '2020-05-07 09:09:29', '2020-05-07 09:09:29', NULL),
(224, NULL, 10, 8, '2020-05-07 09:09:29', '2020-05-07 09:09:29', NULL),
(225, '6', 10, 9, '2020-05-07 09:09:29', '2020-05-07 09:09:29', NULL),
(226, '7', 10, 10, '2020-05-07 09:09:29', '2020-05-07 09:09:29', NULL),
(227, NULL, 10, 11, '2020-05-07 09:09:29', '2020-05-07 09:09:29', NULL),
(228, NULL, 10, 12, '2020-05-07 09:09:29', '2020-05-07 09:09:29', NULL),
(229, NULL, 10, 13, '2020-05-07 09:09:29', '2020-05-07 09:09:29', NULL),
(230, '10', 10, 14, '2020-05-07 09:09:29', '2020-05-07 09:09:29', NULL),
(231, '9', 10, 15, '2020-05-07 09:09:29', '2020-05-07 09:09:29', NULL),
(232, NULL, 10, 16, '2020-05-07 09:09:29', '2020-05-07 09:09:29', NULL),
(233, '7', 10, 17, '2020-05-07 09:09:29', '2020-05-07 09:09:29', NULL),
(234, NULL, 10, 18, '2020-05-07 09:09:29', '2020-05-07 09:09:29', NULL),
(235, '7', 10, 19, '2020-05-07 09:09:29', '2020-05-07 09:09:29', NULL),
(236, NULL, 10, 20, '2020-05-07 09:09:29', '2020-05-07 09:09:29', NULL),
(237, NULL, 10, 21, '2020-05-07 09:09:29', '2020-05-07 09:09:29', NULL),
(238, NULL, 10, 22, '2020-05-07 09:09:29', '2020-05-07 09:09:29', NULL),
(239, NULL, 10, 23, '2020-05-07 09:09:29', '2020-05-07 09:09:29', NULL),
(240, '6', 10, 24, '2020-05-07 09:09:29', '2020-05-07 09:09:29', NULL),
(241, '10', 11, 1, '2020-05-07 09:09:29', '2020-05-07 09:09:29', NULL),
(242, NULL, 11, 2, '2020-05-07 09:09:29', '2020-05-07 09:09:29', NULL),
(243, '5', 11, 3, '2020-05-07 09:09:29', '2020-05-07 09:09:29', NULL),
(244, NULL, 11, 4, '2020-05-07 09:09:29', '2020-05-07 09:09:29', NULL),
(245, NULL, 11, 5, '2020-05-07 09:09:29', '2020-05-07 09:09:29', NULL),
(246, NULL, 11, 6, '2020-05-07 09:09:29', '2020-05-07 09:09:29', NULL),
(247, '8', 11, 7, '2020-05-07 09:09:29', '2020-05-07 09:09:29', NULL),
(248, '7', 11, 8, '2020-05-07 09:09:29', '2020-05-07 09:09:29', NULL),
(249, NULL, 11, 9, '2020-05-07 09:09:29', '2020-05-07 09:09:29', NULL),
(250, NULL, 11, 10, '2020-05-07 09:09:29', '2020-05-07 09:09:29', NULL),
(251, '6', 11, 11, '2020-05-07 09:09:29', '2020-05-07 09:09:29', NULL),
(252, NULL, 11, 12, '2020-05-07 09:09:29', '2020-05-07 09:09:29', NULL),
(253, '6', 11, 13, '2020-05-07 09:09:29', '2020-05-07 09:09:29', NULL),
(254, '10', 11, 14, '2020-05-07 09:09:29', '2020-05-07 09:09:29', NULL),
(255, '8', 11, 15, '2020-05-07 09:09:29', '2020-05-07 09:09:29', NULL),
(256, NULL, 11, 16, '2020-05-07 09:09:29', '2020-05-07 09:09:29', NULL),
(257, '5', 11, 17, '2020-05-07 09:09:29', '2020-05-07 09:09:29', NULL),
(258, '10', 11, 18, '2020-05-07 09:09:29', '2020-05-07 09:09:29', NULL),
(259, '7', 11, 19, '2020-05-07 09:09:29', '2020-05-07 09:09:29', NULL),
(260, '9', 11, 20, '2020-05-07 09:09:29', '2020-05-07 09:09:29', NULL),
(261, NULL, 11, 21, '2020-05-07 09:09:29', '2020-05-07 09:09:29', NULL),
(262, '9', 11, 22, '2020-05-07 09:09:29', '2020-05-07 09:09:29', NULL),
(263, NULL, 11, 23, '2020-05-07 09:09:29', '2020-05-07 09:09:29', NULL),
(264, '9', 11, 24, '2020-05-07 09:09:29', '2020-05-07 09:09:29', NULL),
(265, NULL, 12, 1, '2020-05-07 09:09:29', '2020-05-07 09:09:29', NULL),
(266, NULL, 12, 2, '2020-05-07 09:09:29', '2020-05-07 09:09:29', NULL),
(267, '6', 12, 3, '2020-05-07 09:09:29', '2020-05-07 09:09:29', NULL),
(268, '10', 12, 4, '2020-05-07 09:09:29', '2020-05-07 09:09:29', NULL),
(269, NULL, 12, 5, '2020-05-07 09:09:29', '2020-05-07 09:09:29', NULL),
(270, '5', 12, 6, '2020-05-07 09:09:29', '2020-05-07 09:09:29', NULL),
(271, NULL, 12, 7, '2020-05-07 09:09:29', '2020-05-07 09:09:29', NULL),
(272, '8', 12, 8, '2020-05-07 09:09:29', '2020-05-07 09:09:29', NULL),
(273, NULL, 12, 9, '2020-05-07 09:09:29', '2020-05-07 09:09:29', NULL),
(274, NULL, 12, 10, '2020-05-07 09:09:29', '2020-05-07 09:09:29', NULL),
(275, NULL, 12, 11, '2020-05-07 09:09:29', '2020-05-07 09:09:29', NULL),
(276, '8', 12, 12, '2020-05-07 09:09:29', '2020-05-07 09:09:29', NULL),
(277, '9', 12, 13, '2020-05-07 09:09:29', '2020-05-07 09:09:29', NULL),
(278, NULL, 12, 14, '2020-05-07 09:09:29', '2020-05-07 09:09:29', NULL),
(279, '9', 12, 15, '2020-05-07 09:09:29', '2020-05-07 09:09:29', NULL),
(280, '10', 12, 16, '2020-05-07 09:09:29', '2020-05-07 09:09:29', NULL),
(281, '6', 12, 17, '2020-05-07 09:09:29', '2020-05-07 09:09:29', NULL),
(282, NULL, 12, 18, '2020-05-07 09:09:29', '2020-05-07 09:09:29', NULL),
(283, NULL, 12, 19, '2020-05-07 09:09:29', '2020-05-07 09:09:29', NULL),
(284, '5', 12, 20, '2020-05-07 09:09:29', '2020-05-07 09:09:29', NULL),
(285, '10', 12, 21, '2020-05-07 09:09:29', '2020-05-07 09:09:29', NULL),
(286, '10', 12, 22, '2020-05-07 09:09:29', '2020-05-07 09:09:29', NULL),
(287, NULL, 12, 23, '2020-05-07 09:09:29', '2020-05-07 09:09:29', NULL),
(288, NULL, 12, 24, '2020-05-07 09:09:29', '2020-05-07 09:09:29', NULL),
(289, NULL, 13, 1, '2020-05-07 09:09:29', '2020-05-07 09:09:29', NULL),
(290, NULL, 13, 2, '2020-05-07 09:09:29', '2020-05-07 09:09:29', NULL),
(291, '7', 13, 3, '2020-05-07 09:09:29', '2020-05-07 09:09:29', NULL),
(292, '6', 13, 4, '2020-05-07 09:09:29', '2020-05-07 09:09:29', NULL),
(293, NULL, 13, 5, '2020-05-07 09:09:29', '2020-05-07 09:09:29', NULL),
(294, '6', 13, 6, '2020-05-07 09:09:29', '2020-05-07 09:09:29', NULL),
(295, '10', 13, 7, '2020-05-07 09:09:29', '2020-05-07 09:09:29', NULL),
(296, '7', 13, 8, '2020-05-07 09:09:29', '2020-05-07 09:09:29', NULL),
(297, NULL, 13, 9, '2020-05-07 09:09:29', '2020-05-07 09:09:29', NULL),
(298, NULL, 13, 10, '2020-05-07 09:09:29', '2020-05-07 09:09:29', NULL),
(299, '7', 13, 11, '2020-05-07 09:09:29', '2020-05-07 09:09:29', NULL),
(300, '10', 13, 12, '2020-05-07 09:09:29', '2020-05-07 09:09:29', NULL),
(301, '9', 13, 13, '2020-05-07 09:09:29', '2020-05-07 09:09:29', NULL),
(302, '8', 13, 14, '2020-05-07 09:09:29', '2020-05-07 09:09:29', NULL),
(303, '8', 13, 15, '2020-05-07 09:09:29', '2020-05-07 09:09:29', NULL),
(304, '8', 13, 16, '2020-05-07 09:09:29', '2020-05-07 09:09:29', NULL),
(305, NULL, 13, 17, '2020-05-07 09:09:29', '2020-05-07 09:09:29', NULL),
(306, '5', 13, 18, '2020-05-07 09:09:29', '2020-05-07 09:09:29', NULL),
(307, NULL, 13, 19, '2020-05-07 09:09:29', '2020-05-07 09:09:29', NULL),
(308, NULL, 13, 20, '2020-05-07 09:09:29', '2020-05-07 09:09:29', NULL),
(309, '8', 13, 21, '2020-05-07 09:09:29', '2020-05-07 09:09:29', NULL),
(310, '6', 13, 22, '2020-05-07 09:09:29', '2020-05-07 09:09:29', NULL),
(311, NULL, 13, 23, '2020-05-07 09:09:29', '2020-05-07 09:09:29', NULL),
(312, NULL, 13, 24, '2020-05-07 09:09:29', '2020-05-07 09:09:29', NULL),
(313, NULL, 14, 1, '2020-05-07 09:09:29', '2020-05-07 09:09:29', NULL),
(314, NULL, 14, 2, '2020-05-07 09:09:29', '2020-05-07 09:09:29', NULL),
(315, NULL, 14, 3, '2020-05-07 09:09:29', '2020-05-07 09:09:29', NULL),
(316, '8', 14, 4, '2020-05-07 09:09:29', '2020-05-07 09:09:29', NULL),
(317, '9', 14, 5, '2020-05-07 09:09:29', '2020-05-07 09:09:29', NULL),
(318, '8', 14, 6, '2020-05-07 09:09:29', '2020-05-07 09:09:29', NULL),
(319, '7', 14, 7, '2020-05-07 09:09:29', '2020-05-07 09:09:29', NULL),
(320, NULL, 14, 8, '2020-05-07 09:09:29', '2020-05-07 09:09:29', NULL),
(321, '5', 14, 9, '2020-05-07 09:09:29', '2020-05-07 09:09:29', NULL),
(322, '5', 14, 10, '2020-05-07 09:09:29', '2020-05-07 09:09:29', NULL),
(323, '9', 14, 11, '2020-05-07 09:09:29', '2020-05-07 09:09:29', NULL),
(324, '5', 14, 12, '2020-05-07 09:09:29', '2020-05-07 09:09:29', NULL),
(325, NULL, 14, 13, '2020-05-07 09:09:29', '2020-05-07 09:09:29', NULL),
(326, NULL, 14, 14, '2020-05-07 09:09:29', '2020-05-07 09:09:29', NULL),
(327, '10', 14, 15, '2020-05-07 09:09:29', '2020-05-07 09:09:29', NULL),
(328, NULL, 14, 16, '2020-05-07 09:09:29', '2020-05-07 09:09:29', NULL),
(329, NULL, 14, 17, '2020-05-07 09:09:29', '2020-05-07 09:09:29', NULL),
(330, NULL, 14, 18, '2020-05-07 09:09:29', '2020-05-07 09:09:29', NULL),
(331, '10', 14, 19, '2020-05-07 09:09:29', '2020-05-07 09:09:29', NULL),
(332, '7', 14, 20, '2020-05-07 09:09:29', '2020-05-07 09:09:29', NULL),
(333, NULL, 14, 21, '2020-05-07 09:09:29', '2020-05-07 09:09:29', NULL),
(334, '5', 14, 22, '2020-05-07 09:09:29', '2020-05-07 09:09:29', NULL),
(335, NULL, 14, 23, '2020-05-07 09:09:29', '2020-05-07 09:09:29', NULL),
(336, NULL, 14, 24, '2020-05-07 09:09:29', '2020-05-07 09:09:29', NULL),
(337, NULL, 15, 1, '2020-05-07 09:09:29', '2020-05-07 09:09:29', NULL),
(338, NULL, 15, 2, '2020-05-07 09:09:29', '2020-05-07 09:09:29', NULL),
(339, '7', 15, 3, '2020-05-07 09:09:29', '2020-05-07 09:09:29', NULL),
(340, '5', 15, 4, '2020-05-07 09:09:29', '2020-05-07 09:09:29', NULL),
(341, '8', 15, 5, '2020-05-07 09:09:29', '2020-05-07 09:09:29', NULL),
(342, '7', 15, 6, '2020-05-07 09:09:29', '2020-05-07 09:09:29', NULL),
(343, NULL, 15, 7, '2020-05-07 09:09:29', '2020-05-07 09:09:29', NULL),
(344, NULL, 15, 8, '2020-05-07 09:09:29', '2020-05-07 09:09:29', NULL),
(345, NULL, 15, 9, '2020-05-07 09:09:29', '2020-05-07 09:09:29', NULL),
(346, NULL, 15, 10, '2020-05-07 09:09:29', '2020-05-07 09:09:29', NULL),
(347, '8', 15, 11, '2020-05-07 09:09:29', '2020-05-07 09:09:29', NULL),
(348, '5', 15, 12, '2020-05-07 09:09:29', '2020-05-07 09:09:29', NULL),
(349, '7', 15, 13, '2020-05-07 09:09:29', '2020-05-07 09:09:29', NULL),
(350, '8', 15, 14, '2020-05-07 09:09:29', '2020-05-07 09:09:29', NULL),
(351, '9', 15, 15, '2020-05-07 09:09:29', '2020-05-07 09:09:29', NULL),
(352, NULL, 15, 16, '2020-05-07 09:09:29', '2020-05-07 09:09:29', NULL),
(353, NULL, 15, 17, '2020-05-07 09:09:29', '2020-05-07 09:09:29', NULL),
(354, NULL, 15, 18, '2020-05-07 09:09:29', '2020-05-07 09:09:29', NULL),
(355, '8', 15, 19, '2020-05-07 09:09:29', '2020-05-07 09:09:29', NULL),
(356, NULL, 15, 20, '2020-05-07 09:09:29', '2020-05-07 09:09:29', NULL),
(357, '5', 15, 21, '2020-05-07 09:09:29', '2020-05-07 09:09:29', NULL),
(358, NULL, 15, 22, '2020-05-07 09:09:29', '2020-05-07 09:09:29', NULL),
(359, '10', 15, 23, '2020-05-07 09:09:29', '2020-05-07 09:09:29', NULL),
(360, NULL, 15, 24, '2020-05-07 09:09:29', '2020-05-07 09:09:29', NULL),
(361, NULL, 16, 25, '2020-05-07 09:35:55', '2020-05-07 09:35:55', NULL),
(362, NULL, 16, 26, '2020-05-07 09:35:55', '2020-05-07 09:35:55', NULL),
(363, '6', 16, 27, '2020-05-07 09:35:55', '2020-05-07 09:35:55', NULL),
(364, '8', 16, 28, '2020-05-07 09:35:55', '2020-05-07 09:35:55', NULL),
(365, '6', 16, 29, '2020-05-07 09:35:55', '2020-05-07 09:35:55', NULL),
(366, '8', 16, 30, '2020-05-07 09:35:55', '2020-05-07 09:35:55', NULL),
(367, NULL, 16, 31, '2020-05-07 09:35:55', '2020-05-07 09:35:55', NULL),
(368, NULL, 16, 32, '2020-05-07 09:35:55', '2020-05-07 09:35:55', NULL),
(369, NULL, 16, 33, '2020-05-07 09:35:55', '2020-05-07 09:35:55', NULL),
(370, '9', 16, 34, '2020-05-07 09:35:55', '2020-05-07 09:35:55', NULL),
(371, '5', 16, 35, '2020-05-07 09:35:55', '2020-05-07 09:35:55', NULL),
(372, NULL, 16, 36, '2020-05-07 09:35:55', '2020-05-07 09:35:55', NULL),
(373, '7', 16, 37, '2020-05-07 09:35:55', '2020-05-07 09:35:55', NULL),
(374, '9', 16, 38, '2020-05-07 09:35:55', '2020-05-07 09:35:55', NULL),
(375, '8', 16, 39, '2020-05-07 09:35:55', '2020-05-07 09:35:55', NULL),
(376, '9', 16, 40, '2020-05-07 09:35:55', '2020-05-07 09:35:55', NULL),
(377, '9', 16, 41, '2020-05-07 09:35:55', '2020-05-07 09:35:55', NULL),
(378, NULL, 16, 42, '2020-05-07 09:35:55', '2020-05-07 09:35:55', NULL),
(379, NULL, 16, 43, '2020-05-07 09:35:55', '2020-05-07 09:35:55', NULL),
(380, '5', 17, 25, '2020-05-07 09:35:55', '2020-05-07 09:35:55', NULL),
(381, NULL, 17, 26, '2020-05-07 09:35:55', '2020-05-07 09:35:55', NULL),
(382, '10', 17, 27, '2020-05-07 09:35:55', '2020-05-07 09:35:55', NULL),
(383, '9', 17, 28, '2020-05-07 09:35:55', '2020-05-07 09:35:55', NULL),
(384, NULL, 17, 29, '2020-05-07 09:35:55', '2020-05-07 09:35:55', NULL),
(385, '5', 17, 30, '2020-05-07 09:35:55', '2020-05-07 09:35:55', NULL),
(386, NULL, 17, 31, '2020-05-07 09:35:55', '2020-05-07 09:35:55', NULL),
(387, NULL, 17, 32, '2020-05-07 09:35:55', '2020-05-07 09:35:55', NULL),
(388, '10', 17, 33, '2020-05-07 09:35:55', '2020-05-07 09:35:55', NULL),
(389, '5', 17, 34, '2020-05-07 09:35:55', '2020-05-07 09:35:55', NULL),
(390, NULL, 17, 35, '2020-05-07 09:35:55', '2020-05-07 09:35:55', NULL),
(391, NULL, 17, 36, '2020-05-07 09:35:55', '2020-05-07 09:35:55', NULL),
(392, '10', 17, 37, '2020-05-07 09:35:55', '2020-05-07 09:35:55', NULL),
(393, NULL, 17, 38, '2020-05-07 09:35:55', '2020-05-07 09:35:55', NULL),
(394, NULL, 17, 39, '2020-05-07 09:35:55', '2020-05-07 09:35:55', NULL),
(395, NULL, 17, 40, '2020-05-07 09:35:55', '2020-05-07 09:35:55', NULL),
(396, '6', 17, 41, '2020-05-07 09:35:55', '2020-05-07 09:35:55', NULL),
(397, '6', 17, 42, '2020-05-07 09:35:55', '2020-05-07 09:35:55', NULL),
(398, '8', 17, 43, '2020-05-07 09:35:55', '2020-05-07 09:35:55', NULL),
(399, NULL, 18, 25, '2020-05-07 09:35:55', '2020-05-07 09:35:55', NULL),
(400, NULL, 18, 26, '2020-05-07 09:35:55', '2020-05-07 09:35:55', NULL),
(401, NULL, 18, 27, '2020-05-07 09:35:55', '2020-05-07 09:35:55', NULL),
(402, '9', 18, 28, '2020-05-07 09:35:55', '2020-05-07 09:35:55', NULL),
(403, NULL, 18, 29, '2020-05-07 09:35:55', '2020-05-07 09:35:55', NULL),
(404, NULL, 18, 30, '2020-05-07 09:35:55', '2020-05-07 09:35:55', NULL),
(405, '7', 18, 31, '2020-05-07 09:35:55', '2020-05-07 09:35:55', NULL),
(406, NULL, 18, 32, '2020-05-07 09:35:55', '2020-05-07 09:35:55', NULL),
(407, NULL, 18, 33, '2020-05-07 09:35:55', '2020-05-07 09:35:55', NULL),
(408, '6', 18, 34, '2020-05-07 09:35:55', '2020-05-07 09:35:55', NULL),
(409, '9', 18, 35, '2020-05-07 09:35:55', '2020-05-07 09:35:55', NULL),
(410, NULL, 18, 36, '2020-05-07 09:35:55', '2020-05-07 09:35:55', NULL),
(411, '5', 18, 37, '2020-05-07 09:35:55', '2020-05-07 09:35:55', NULL),
(412, '10', 18, 38, '2020-05-07 09:35:55', '2020-05-07 09:35:55', NULL),
(413, NULL, 18, 39, '2020-05-07 09:35:55', '2020-05-07 09:35:55', NULL),
(414, '6', 18, 40, '2020-05-07 09:35:55', '2020-05-07 09:35:55', NULL),
(415, '7', 18, 41, '2020-05-07 09:35:55', '2020-05-07 09:35:55', NULL),
(416, '6', 18, 42, '2020-05-07 09:35:55', '2020-05-07 09:35:55', NULL),
(417, '7', 18, 43, '2020-05-07 09:35:55', '2020-05-07 09:35:55', NULL),
(418, NULL, 19, 25, '2020-05-07 09:35:56', '2020-05-07 09:35:56', NULL),
(419, '5', 19, 26, '2020-05-07 09:35:56', '2020-05-07 09:35:56', NULL),
(420, NULL, 19, 27, '2020-05-07 09:35:56', '2020-05-07 09:35:56', NULL),
(421, '7', 19, 28, '2020-05-07 09:35:56', '2020-05-07 09:35:56', NULL),
(422, NULL, 19, 29, '2020-05-07 09:35:56', '2020-05-07 09:35:56', NULL),
(423, NULL, 19, 30, '2020-05-07 09:35:56', '2020-05-07 09:35:56', NULL),
(424, NULL, 19, 31, '2020-05-07 09:35:56', '2020-05-07 09:35:56', NULL),
(425, NULL, 19, 32, '2020-05-07 09:35:56', '2020-05-07 09:35:56', NULL),
(426, '9', 19, 33, '2020-05-07 09:35:56', '2020-05-07 09:35:56', NULL),
(427, NULL, 19, 34, '2020-05-07 09:35:56', '2020-05-07 09:35:56', NULL),
(428, NULL, 19, 35, '2020-05-07 09:35:56', '2020-05-07 09:35:56', NULL),
(429, '10', 19, 36, '2020-05-07 09:35:56', '2020-05-07 09:35:56', NULL),
(430, NULL, 19, 37, '2020-05-07 09:35:56', '2020-05-07 09:35:56', NULL),
(431, NULL, 19, 38, '2020-05-07 09:35:56', '2020-05-07 09:35:56', NULL),
(432, '7', 19, 39, '2020-05-07 09:35:56', '2020-05-07 09:35:56', NULL),
(433, '7', 19, 40, '2020-05-07 09:35:56', '2020-05-07 09:35:56', NULL),
(434, NULL, 19, 41, '2020-05-07 09:35:56', '2020-05-07 09:35:56', NULL),
(435, NULL, 19, 42, '2020-05-07 09:35:56', '2020-05-07 09:35:56', NULL),
(436, NULL, 19, 43, '2020-05-07 09:35:56', '2020-05-07 09:35:56', NULL),
(437, '7', 20, 25, '2020-05-07 09:35:56', '2020-05-07 09:35:56', NULL),
(438, '7', 20, 26, '2020-05-07 09:35:56', '2020-05-07 09:35:56', NULL),
(439, NULL, 20, 27, '2020-05-07 09:35:56', '2020-05-07 09:35:56', NULL),
(440, NULL, 20, 28, '2020-05-07 09:35:56', '2020-05-07 09:35:56', NULL),
(441, '7', 20, 29, '2020-05-07 09:35:56', '2020-05-07 09:35:56', NULL),
(442, NULL, 20, 30, '2020-05-07 09:35:56', '2020-05-07 09:35:56', NULL),
(443, NULL, 20, 31, '2020-05-07 09:35:56', '2020-05-07 09:35:56', NULL),
(444, '10', 20, 32, '2020-05-07 09:35:56', '2020-05-07 09:35:56', NULL),
(445, '9', 20, 33, '2020-05-07 09:35:56', '2020-05-07 09:35:56', NULL),
(446, '7', 20, 34, '2020-05-07 09:35:56', '2020-05-07 09:35:56', NULL),
(447, '9', 20, 35, '2020-05-07 09:35:56', '2020-05-07 09:35:56', NULL),
(448, '7', 20, 36, '2020-05-07 09:35:56', '2020-05-07 09:35:56', NULL),
(449, NULL, 20, 37, '2020-05-07 09:35:56', '2020-05-07 09:35:56', NULL),
(450, '5', 20, 38, '2020-05-07 09:35:56', '2020-05-07 09:35:56', NULL),
(451, NULL, 20, 39, '2020-05-07 09:35:56', '2020-05-07 09:35:56', NULL),
(452, NULL, 20, 40, '2020-05-07 09:35:56', '2020-05-07 09:35:56', NULL),
(453, NULL, 20, 41, '2020-05-07 09:35:56', '2020-05-07 09:35:56', NULL),
(454, NULL, 20, 42, '2020-05-07 09:35:56', '2020-05-07 09:35:56', NULL),
(455, '9', 20, 43, '2020-05-07 09:35:56', '2020-05-07 09:35:56', NULL),
(456, NULL, 21, 25, '2020-05-07 09:35:56', '2020-05-07 09:35:56', NULL),
(457, '6', 21, 26, '2020-05-07 09:35:56', '2020-05-07 09:35:56', NULL),
(458, '5', 21, 27, '2020-05-07 09:35:56', '2020-05-07 09:35:56', NULL),
(459, '7', 21, 28, '2020-05-07 09:35:56', '2020-05-07 09:35:56', NULL),
(460, '7', 21, 29, '2020-05-07 09:35:56', '2020-05-07 09:35:56', NULL),
(461, NULL, 21, 30, '2020-05-07 09:35:56', '2020-05-07 09:35:56', NULL),
(462, '9', 21, 31, '2020-05-07 09:35:56', '2020-05-07 09:35:56', NULL),
(463, '9', 21, 32, '2020-05-07 09:35:56', '2020-05-07 09:35:56', NULL),
(464, '6', 21, 33, '2020-05-07 09:35:56', '2020-05-07 09:35:56', NULL),
(465, '7', 21, 34, '2020-05-07 09:35:56', '2020-05-07 09:35:56', NULL),
(466, '8', 21, 35, '2020-05-07 09:35:56', '2020-05-07 09:35:56', NULL),
(467, '5', 21, 36, '2020-05-07 09:35:56', '2020-05-07 09:35:56', NULL),
(468, '5', 21, 37, '2020-05-07 09:35:56', '2020-05-07 09:35:56', NULL),
(469, '10', 21, 38, '2020-05-07 09:35:56', '2020-05-07 09:35:56', NULL),
(470, NULL, 21, 39, '2020-05-07 09:35:56', '2020-05-07 09:35:56', NULL),
(471, NULL, 21, 40, '2020-05-07 09:35:56', '2020-05-07 09:35:56', NULL),
(472, NULL, 21, 41, '2020-05-07 09:35:56', '2020-05-07 09:35:56', NULL),
(473, NULL, 21, 42, '2020-05-07 09:35:56', '2020-05-07 09:35:56', NULL),
(474, '8', 21, 43, '2020-05-07 09:35:56', '2020-05-07 09:35:56', NULL),
(475, '9', 22, 25, '2020-05-07 09:35:56', '2020-05-07 09:35:56', NULL),
(476, NULL, 22, 26, '2020-05-07 09:35:56', '2020-05-07 09:35:56', NULL),
(477, '5', 22, 27, '2020-05-07 09:35:56', '2020-05-07 09:35:56', NULL),
(478, NULL, 22, 28, '2020-05-07 09:35:56', '2020-05-07 09:35:56', NULL),
(479, '10', 22, 29, '2020-05-07 09:35:56', '2020-05-07 09:35:56', NULL),
(480, '8', 22, 30, '2020-05-07 09:35:56', '2020-05-07 09:35:56', NULL),
(481, '6', 22, 31, '2020-05-07 09:35:56', '2020-05-07 09:35:56', NULL),
(482, NULL, 22, 32, '2020-05-07 09:35:56', '2020-05-07 09:35:56', NULL),
(483, NULL, 22, 33, '2020-05-07 09:35:56', '2020-05-07 09:35:56', NULL),
(484, '5', 22, 34, '2020-05-07 09:35:56', '2020-05-07 09:35:56', NULL),
(485, NULL, 22, 35, '2020-05-07 09:35:56', '2020-05-07 09:35:56', NULL),
(486, '6', 22, 36, '2020-05-07 09:35:56', '2020-05-07 09:35:56', NULL),
(487, NULL, 22, 37, '2020-05-07 09:35:56', '2020-05-07 09:35:56', NULL),
(488, NULL, 22, 38, '2020-05-07 09:35:56', '2020-05-07 09:35:56', NULL),
(489, NULL, 22, 39, '2020-05-07 09:35:56', '2020-05-07 09:35:56', NULL),
(490, '7', 22, 40, '2020-05-07 09:35:56', '2020-05-07 09:35:56', NULL),
(491, NULL, 22, 41, '2020-05-07 09:35:56', '2020-05-07 09:35:56', NULL),
(492, '10', 22, 42, '2020-05-07 09:35:56', '2020-05-07 09:35:56', NULL),
(493, NULL, 22, 43, '2020-05-07 09:35:56', '2020-05-07 09:35:56', NULL),
(494, NULL, 23, 25, '2020-05-07 09:35:56', '2020-05-07 09:35:56', NULL),
(495, '6', 23, 26, '2020-05-07 09:35:56', '2020-05-07 09:35:56', NULL),
(496, '7', 23, 27, '2020-05-07 09:35:56', '2020-05-07 09:35:56', NULL),
(497, NULL, 23, 28, '2020-05-07 09:35:56', '2020-05-07 09:35:56', NULL),
(498, NULL, 23, 29, '2020-05-07 09:35:56', '2020-05-07 09:35:56', NULL),
(499, '5', 23, 30, '2020-05-07 09:35:56', '2020-05-07 09:35:56', NULL),
(500, NULL, 23, 31, '2020-05-07 09:35:56', '2020-05-07 09:35:56', NULL),
(501, NULL, 23, 32, '2020-05-07 09:35:56', '2020-05-07 09:35:56', NULL),
(502, '10', 23, 33, '2020-05-07 09:35:56', '2020-05-07 09:35:56', NULL),
(503, NULL, 23, 34, '2020-05-07 09:35:56', '2020-05-07 09:35:56', NULL),
(504, NULL, 23, 35, '2020-05-07 09:35:56', '2020-05-07 09:35:56', NULL),
(505, NULL, 23, 36, '2020-05-07 09:35:56', '2020-05-07 09:35:56', NULL),
(506, NULL, 23, 37, '2020-05-07 09:35:56', '2020-05-07 09:35:56', NULL),
(507, NULL, 23, 38, '2020-05-07 09:35:56', '2020-05-07 09:35:56', NULL),
(508, NULL, 23, 39, '2020-05-07 09:35:56', '2020-05-07 09:35:56', NULL),
(509, '6', 23, 40, '2020-05-07 09:35:56', '2020-05-07 09:35:56', NULL),
(510, '7', 23, 41, '2020-05-07 09:35:56', '2020-05-07 09:35:56', NULL),
(511, NULL, 23, 42, '2020-05-07 09:35:56', '2020-05-07 09:35:56', NULL),
(512, NULL, 23, 43, '2020-05-07 09:35:56', '2020-05-07 09:35:56', NULL),
(513, '10', 24, 25, '2020-05-07 09:35:56', '2020-05-07 09:35:56', NULL),
(514, '5', 24, 26, '2020-05-07 09:35:56', '2020-05-07 09:35:56', NULL),
(515, NULL, 24, 27, '2020-05-07 09:35:56', '2020-05-07 09:35:56', NULL),
(516, '7', 24, 28, '2020-05-07 09:35:56', '2020-05-07 09:35:56', NULL),
(517, NULL, 24, 29, '2020-05-07 09:35:56', '2020-05-07 09:35:56', NULL),
(518, NULL, 24, 30, '2020-05-07 09:35:56', '2020-05-07 09:35:56', NULL),
(519, NULL, 24, 31, '2020-05-07 09:35:56', '2020-05-07 09:35:56', NULL),
(520, '9', 24, 32, '2020-05-07 09:35:56', '2020-05-07 09:35:56', NULL),
(521, NULL, 24, 33, '2020-05-07 09:35:56', '2020-05-07 09:35:56', NULL),
(522, '8', 24, 34, '2020-05-07 09:35:56', '2020-05-07 09:35:56', NULL),
(523, '9', 24, 35, '2020-05-07 09:35:56', '2020-05-07 09:35:56', NULL),
(524, NULL, 24, 36, '2020-05-07 09:35:56', '2020-05-07 09:35:56', NULL),
(525, NULL, 24, 37, '2020-05-07 09:35:56', '2020-05-07 09:35:56', NULL),
(526, NULL, 24, 38, '2020-05-07 09:35:56', '2020-05-07 09:35:56', NULL),
(527, NULL, 24, 39, '2020-05-07 09:35:56', '2020-05-07 09:35:56', NULL),
(528, '8', 24, 40, '2020-05-07 09:35:56', '2020-05-07 09:35:56', NULL),
(529, '10', 24, 41, '2020-05-07 09:35:56', '2020-05-07 09:35:56', NULL),
(530, NULL, 24, 42, '2020-05-07 09:35:56', '2020-05-07 09:35:56', NULL),
(531, NULL, 24, 43, '2020-05-07 09:35:56', '2020-05-07 09:35:56', NULL),
(532, '9', 25, 25, '2020-05-07 09:35:56', '2020-05-07 09:35:56', NULL),
(533, NULL, 25, 26, '2020-05-07 09:35:56', '2020-05-07 09:35:56', NULL),
(534, '7', 25, 27, '2020-05-07 09:35:56', '2020-05-07 09:35:56', NULL),
(535, '9', 25, 28, '2020-05-07 09:35:56', '2020-05-07 09:35:56', NULL),
(536, '6', 25, 29, '2020-05-07 09:35:56', '2020-05-07 09:35:56', NULL),
(537, '6', 25, 30, '2020-05-07 09:35:56', '2020-05-07 09:35:56', NULL),
(538, '6', 25, 31, '2020-05-07 09:35:56', '2020-05-07 09:35:56', NULL),
(539, NULL, 25, 32, '2020-05-07 09:35:56', '2020-05-07 09:35:56', NULL),
(540, '10', 25, 33, '2020-05-07 09:35:56', '2020-05-07 09:35:56', NULL),
(541, '5', 25, 34, '2020-05-07 09:35:56', '2020-05-07 09:35:56', NULL),
(542, NULL, 25, 35, '2020-05-07 09:35:56', '2020-05-07 09:35:56', NULL),
(543, NULL, 25, 36, '2020-05-07 09:35:56', '2020-05-07 09:35:56', NULL),
(544, NULL, 25, 37, '2020-05-07 09:35:56', '2020-05-07 09:35:56', NULL),
(545, NULL, 25, 38, '2020-05-07 09:35:56', '2020-05-07 09:35:56', NULL),
(546, '10', 25, 39, '2020-05-07 09:35:56', '2020-05-07 09:35:56', NULL),
(547, '9', 25, 40, '2020-05-07 09:35:56', '2020-05-07 09:35:56', NULL),
(548, NULL, 25, 41, '2020-05-07 09:35:56', '2020-05-07 09:35:56', NULL),
(549, NULL, 25, 42, '2020-05-07 09:35:56', '2020-05-07 09:35:56', NULL),
(550, '5', 25, 43, '2020-05-07 09:35:56', '2020-05-07 09:35:56', NULL),
(551, '10', 26, 25, '2020-05-07 09:35:56', '2020-05-07 09:35:56', NULL),
(552, NULL, 26, 26, '2020-05-07 09:35:56', '2020-05-07 09:35:56', NULL),
(553, '7', 26, 27, '2020-05-07 09:35:56', '2020-05-07 09:35:56', NULL),
(554, NULL, 26, 28, '2020-05-07 09:35:56', '2020-05-07 09:35:56', NULL),
(555, NULL, 26, 29, '2020-05-07 09:35:56', '2020-05-07 09:35:56', NULL),
(556, '5', 26, 30, '2020-05-07 09:35:56', '2020-05-07 09:35:56', NULL),
(557, NULL, 26, 31, '2020-05-07 09:35:56', '2020-05-07 09:35:56', NULL),
(558, NULL, 26, 32, '2020-05-07 09:35:56', '2020-05-07 09:35:56', NULL),
(559, '6', 26, 33, '2020-05-07 09:35:56', '2020-05-07 09:35:56', NULL),
(560, '6', 26, 34, '2020-05-07 09:35:56', '2020-05-07 09:35:56', NULL),
(561, '9', 26, 35, '2020-05-07 09:35:56', '2020-05-07 09:35:56', NULL),
(562, NULL, 26, 36, '2020-05-07 09:35:56', '2020-05-07 09:35:56', NULL),
(563, '5', 26, 37, '2020-05-07 09:35:56', '2020-05-07 09:35:56', NULL),
(564, '7', 26, 38, '2020-05-07 09:35:56', '2020-05-07 09:35:56', NULL),
(565, NULL, 26, 39, '2020-05-07 09:35:56', '2020-05-07 09:35:56', NULL),
(566, NULL, 26, 40, '2020-05-07 09:35:56', '2020-05-07 09:35:56', NULL),
(567, '10', 26, 41, '2020-05-07 09:35:56', '2020-05-07 09:35:56', NULL),
(568, '7', 26, 42, '2020-05-07 09:35:56', '2020-05-07 09:35:56', NULL),
(569, '10', 26, 43, '2020-05-07 09:35:56', '2020-05-07 09:35:56', NULL),
(570, '8', 27, 25, '2020-05-07 09:35:56', '2020-05-07 09:35:56', NULL),
(571, '9', 27, 26, '2020-05-07 09:35:56', '2020-05-07 09:35:56', NULL),
(572, NULL, 27, 27, '2020-05-07 09:35:56', '2020-05-07 09:35:56', NULL),
(573, NULL, 27, 28, '2020-05-07 09:35:56', '2020-05-07 09:35:56', NULL),
(574, '10', 27, 29, '2020-05-07 09:35:56', '2020-05-07 09:35:56', NULL),
(575, '8', 27, 30, '2020-05-07 09:35:56', '2020-05-07 09:35:56', NULL),
(576, '7', 27, 31, '2020-05-07 09:35:56', '2020-05-07 09:35:56', NULL),
(577, '8', 27, 32, '2020-05-07 09:35:56', '2020-05-07 09:35:56', NULL),
(578, NULL, 27, 33, '2020-05-07 09:35:56', '2020-05-07 09:35:56', NULL),
(579, NULL, 27, 34, '2020-05-07 09:35:56', '2020-05-07 09:35:56', NULL),
(580, NULL, 27, 35, '2020-05-07 09:35:56', '2020-05-07 09:35:56', NULL),
(581, NULL, 27, 36, '2020-05-07 09:35:56', '2020-05-07 09:35:56', NULL),
(582, NULL, 27, 37, '2020-05-07 09:35:56', '2020-05-07 09:35:56', NULL),
(583, NULL, 27, 38, '2020-05-07 09:35:56', '2020-05-07 09:35:56', NULL),
(584, NULL, 27, 39, '2020-05-07 09:35:56', '2020-05-07 09:35:56', NULL),
(585, NULL, 27, 40, '2020-05-07 09:35:56', '2020-05-07 09:35:56', NULL),
(586, NULL, 27, 41, '2020-05-07 09:35:56', '2020-05-07 09:35:56', NULL),
(587, '6', 27, 42, '2020-05-07 09:35:56', '2020-05-07 09:35:56', NULL),
(588, NULL, 27, 43, '2020-05-07 09:35:56', '2020-05-07 09:35:56', NULL),
(589, NULL, 28, 25, '2020-05-07 09:35:56', '2020-05-07 09:35:56', NULL),
(590, '7', 28, 26, '2020-05-07 09:35:56', '2020-05-07 09:35:56', NULL),
(591, '5', 28, 27, '2020-05-07 09:35:56', '2020-05-07 09:35:56', NULL),
(592, NULL, 28, 28, '2020-05-07 09:35:56', '2020-05-07 09:35:56', NULL),
(593, '9', 28, 29, '2020-05-07 09:35:56', '2020-05-07 09:35:56', NULL),
(594, '7', 28, 30, '2020-05-07 09:35:56', '2020-05-07 09:35:56', NULL),
(595, NULL, 28, 31, '2020-05-07 09:35:56', '2020-05-07 09:35:56', NULL),
(596, NULL, 28, 32, '2020-05-07 09:35:56', '2020-05-07 09:35:56', NULL),
(597, '6', 28, 33, '2020-05-07 09:35:56', '2020-05-07 09:35:56', NULL),
(598, '6', 28, 34, '2020-05-07 09:35:56', '2020-05-07 09:35:56', NULL),
(599, '7', 28, 35, '2020-05-07 09:35:56', '2020-05-07 09:35:56', NULL),
(600, NULL, 28, 36, '2020-05-07 09:35:56', '2020-05-07 09:35:56', NULL),
(601, NULL, 28, 37, '2020-05-07 09:35:56', '2020-05-07 09:35:56', NULL),
(602, '10', 28, 38, '2020-05-07 09:35:56', '2020-05-07 09:35:56', NULL),
(603, '6', 28, 39, '2020-05-07 09:35:56', '2020-05-07 09:35:56', NULL),
(604, '7', 28, 40, '2020-05-07 09:35:56', '2020-05-07 09:35:56', NULL),
(605, '7', 28, 41, '2020-05-07 09:35:56', '2020-05-07 09:35:56', NULL),
(606, '8', 28, 42, '2020-05-07 09:35:56', '2020-05-07 09:35:56', NULL),
(607, '6', 28, 43, '2020-05-07 09:35:56', '2020-05-07 09:35:56', NULL),
(608, NULL, 29, 25, '2020-05-07 09:35:56', '2020-05-07 09:35:56', NULL),
(609, NULL, 29, 26, '2020-05-07 09:35:56', '2020-05-07 09:35:56', NULL),
(610, NULL, 29, 27, '2020-05-07 09:35:56', '2020-05-07 09:35:56', NULL),
(611, '7', 29, 28, '2020-05-07 09:35:56', '2020-05-07 09:35:56', NULL),
(612, '10', 29, 29, '2020-05-07 09:35:56', '2020-05-07 09:35:56', NULL),
(613, '7', 29, 30, '2020-05-07 09:35:56', '2020-05-07 09:35:56', NULL),
(614, NULL, 29, 31, '2020-05-07 09:35:56', '2020-05-07 09:35:56', NULL),
(615, NULL, 29, 32, '2020-05-07 09:35:56', '2020-05-07 09:35:56', NULL),
(616, NULL, 29, 33, '2020-05-07 09:35:56', '2020-05-07 09:35:56', NULL),
(617, NULL, 29, 34, '2020-05-07 09:35:56', '2020-05-07 09:35:56', NULL),
(618, '7', 29, 35, '2020-05-07 09:35:56', '2020-05-07 09:35:56', NULL),
(619, NULL, 29, 36, '2020-05-07 09:35:56', '2020-05-07 09:35:56', NULL),
(620, NULL, 29, 37, '2020-05-07 09:35:56', '2020-05-07 09:35:56', NULL),
(621, NULL, 29, 38, '2020-05-07 09:35:56', '2020-05-07 09:35:56', NULL),
(622, NULL, 29, 39, '2020-05-07 09:35:56', '2020-05-07 09:35:56', NULL),
(623, NULL, 29, 40, '2020-05-07 09:35:56', '2020-05-07 09:35:56', NULL),
(624, NULL, 29, 41, '2020-05-07 09:35:56', '2020-05-07 09:35:56', NULL),
(625, '8', 29, 42, '2020-05-07 09:35:56', '2020-05-07 09:35:56', NULL),
(626, '6', 29, 43, '2020-05-07 09:35:56', '2020-05-07 09:35:56', NULL),
(627, NULL, 30, 25, '2020-05-07 09:35:56', '2020-05-07 09:35:56', NULL),
(628, '6', 30, 26, '2020-05-07 09:35:56', '2020-05-07 09:35:56', NULL),
(629, NULL, 30, 27, '2020-05-07 09:35:56', '2020-05-07 09:35:56', NULL),
(630, '7', 30, 28, '2020-05-07 09:35:56', '2020-05-07 09:35:56', NULL),
(631, NULL, 30, 29, '2020-05-07 09:35:56', '2020-05-07 09:35:56', NULL),
(632, NULL, 30, 30, '2020-05-07 09:35:56', '2020-05-07 09:35:56', NULL),
(633, NULL, 30, 31, '2020-05-07 09:35:56', '2020-05-07 09:35:56', NULL),
(634, NULL, 30, 32, '2020-05-07 09:35:56', '2020-05-07 09:35:56', NULL),
(635, '9', 30, 33, '2020-05-07 09:35:56', '2020-05-07 09:35:56', NULL),
(636, NULL, 30, 34, '2020-05-07 09:35:56', '2020-05-07 09:35:56', NULL),
(637, '8', 30, 35, '2020-05-07 09:35:56', '2020-05-07 09:35:56', NULL),
(638, NULL, 30, 36, '2020-05-07 09:35:56', '2020-05-07 09:35:56', NULL),
(639, '10', 30, 37, '2020-05-07 09:35:56', '2020-05-07 09:35:56', NULL),
(640, '9', 30, 38, '2020-05-07 09:35:56', '2020-05-07 09:35:56', NULL),
(641, NULL, 30, 39, '2020-05-07 09:35:56', '2020-05-07 09:35:56', NULL),
(642, '7', 30, 40, '2020-05-07 09:35:56', '2020-05-07 09:35:56', NULL),
(643, '5', 30, 41, '2020-05-07 09:35:56', '2020-05-07 09:35:56', NULL),
(644, NULL, 30, 42, '2020-05-07 09:35:56', '2020-05-07 09:35:56', NULL),
(645, NULL, 30, 43, '2020-05-07 09:35:56', '2020-05-07 09:35:56', NULL),
(646, '7', 31, 44, '2020-05-07 09:35:58', '2020-05-07 09:35:58', NULL),
(647, NULL, 31, 45, '2020-05-07 09:35:58', '2020-05-07 09:35:58', NULL),
(648, NULL, 31, 46, '2020-05-07 09:35:58', '2020-05-07 09:35:58', NULL),
(649, '6', 31, 47, '2020-05-07 09:35:58', '2020-05-07 09:35:58', NULL),
(650, '10', 31, 48, '2020-05-07 09:35:58', '2020-05-07 09:35:58', NULL),
(651, NULL, 31, 49, '2020-05-07 09:35:58', '2020-05-07 09:35:58', NULL),
(652, '7', 31, 50, '2020-05-07 09:35:58', '2020-05-07 09:35:58', NULL),
(653, '9', 31, 51, '2020-05-07 09:35:58', '2020-05-07 09:35:58', NULL),
(654, '5', 31, 52, '2020-05-07 09:35:58', '2020-05-07 09:35:58', NULL),
(655, NULL, 31, 53, '2020-05-07 09:35:58', '2020-05-07 09:35:58', NULL),
(656, '6', 31, 54, '2020-05-07 09:35:58', '2020-05-07 09:35:58', NULL),
(657, '5', 31, 55, '2020-05-07 09:35:58', '2020-05-07 09:35:58', NULL),
(658, NULL, 31, 56, '2020-05-07 09:35:58', '2020-05-07 09:35:58', NULL),
(659, NULL, 31, 57, '2020-05-07 09:35:58', '2020-05-07 09:35:58', NULL),
(660, NULL, 31, 58, '2020-05-07 09:35:58', '2020-05-07 09:35:58', NULL),
(661, NULL, 31, 59, '2020-05-07 09:35:58', '2020-05-07 09:35:58', NULL),
(662, '9', 31, 60, '2020-05-07 09:35:58', '2020-05-07 09:35:58', NULL),
(663, '9', 31, 61, '2020-05-07 09:35:58', '2020-05-07 09:35:58', NULL),
(664, '5', 31, 62, '2020-05-07 09:35:58', '2020-05-07 09:35:58', NULL),
(665, '9', 31, 63, '2020-05-07 09:35:58', '2020-05-07 09:35:58', NULL),
(666, '8', 31, 64, '2020-05-07 09:35:58', '2020-05-07 09:35:58', NULL),
(667, '7', 32, 44, '2020-05-07 09:35:58', '2020-05-07 09:35:58', NULL),
(668, NULL, 32, 45, '2020-05-07 09:35:58', '2020-05-07 09:35:58', NULL),
(669, '9', 32, 46, '2020-05-07 09:35:58', '2020-05-07 09:35:58', NULL),
(670, '7', 32, 47, '2020-05-07 09:35:58', '2020-05-07 09:35:58', NULL),
(671, '10', 32, 48, '2020-05-07 09:35:58', '2020-05-07 09:35:58', NULL),
(672, '8', 32, 49, '2020-05-07 09:35:58', '2020-05-07 09:35:58', NULL),
(673, NULL, 32, 50, '2020-05-07 09:35:58', '2020-05-07 09:35:58', NULL),
(674, '5', 32, 51, '2020-05-07 09:35:58', '2020-05-07 09:35:58', NULL),
(675, '5', 32, 52, '2020-05-07 09:35:58', '2020-05-07 09:35:58', NULL),
(676, '9', 32, 53, '2020-05-07 09:35:58', '2020-05-07 09:35:58', NULL),
(677, NULL, 32, 54, '2020-05-07 09:35:58', '2020-05-07 09:35:58', NULL),
(678, '7', 32, 55, '2020-05-07 09:35:58', '2020-05-07 09:35:58', NULL),
(679, '8', 32, 56, '2020-05-07 09:35:58', '2020-05-07 09:35:58', NULL),
(680, '7', 32, 57, '2020-05-07 09:35:58', '2020-05-07 09:35:58', NULL),
(681, '6', 32, 58, '2020-05-07 09:35:58', '2020-05-07 09:35:58', NULL),
(682, NULL, 32, 59, '2020-05-07 09:35:58', '2020-05-07 09:35:58', NULL),
(683, NULL, 32, 60, '2020-05-07 09:35:58', '2020-05-07 09:35:58', NULL),
(684, NULL, 32, 61, '2020-05-07 09:35:58', '2020-05-07 09:35:58', NULL),
(685, NULL, 32, 62, '2020-05-07 09:35:58', '2020-05-07 09:35:58', NULL),
(686, NULL, 32, 63, '2020-05-07 09:35:58', '2020-05-07 09:35:58', NULL),
(687, '7', 32, 64, '2020-05-07 09:35:58', '2020-05-07 09:35:58', NULL),
(688, '10', 33, 44, '2020-05-07 09:35:58', '2020-05-07 09:35:58', NULL),
(689, NULL, 33, 45, '2020-05-07 09:35:58', '2020-05-07 09:35:58', NULL),
(690, '10', 33, 46, '2020-05-07 09:35:58', '2020-05-07 09:35:58', NULL),
(691, '10', 33, 47, '2020-05-07 09:35:58', '2020-05-07 09:35:58', NULL),
(692, '5', 33, 48, '2020-05-07 09:35:58', '2020-05-07 09:35:58', NULL),
(693, NULL, 33, 49, '2020-05-07 09:35:58', '2020-05-07 09:35:58', NULL),
(694, NULL, 33, 50, '2020-05-07 09:35:58', '2020-05-07 09:35:58', NULL),
(695, NULL, 33, 51, '2020-05-07 09:35:58', '2020-05-07 09:35:58', NULL),
(696, '6', 33, 52, '2020-05-07 09:35:58', '2020-05-07 09:35:58', NULL),
(697, NULL, 33, 53, '2020-05-07 09:35:58', '2020-05-07 09:35:58', NULL),
(698, NULL, 33, 54, '2020-05-07 09:35:58', '2020-05-07 09:35:58', NULL),
(699, '5', 33, 55, '2020-05-07 09:35:58', '2020-05-07 09:35:58', NULL),
(700, '5', 33, 56, '2020-05-07 09:35:58', '2020-05-07 09:35:58', NULL),
(701, '8', 33, 57, '2020-05-07 09:35:58', '2020-05-07 09:35:58', NULL),
(702, NULL, 33, 58, '2020-05-07 09:35:58', '2020-05-07 09:35:58', NULL),
(703, '9', 33, 59, '2020-05-07 09:35:58', '2020-05-07 09:35:58', NULL),
(704, '9', 33, 60, '2020-05-07 09:35:58', '2020-05-07 09:35:58', NULL),
(705, '7', 33, 61, '2020-05-07 09:35:58', '2020-05-07 09:35:58', NULL),
(706, NULL, 33, 62, '2020-05-07 09:35:58', '2020-05-07 09:35:58', NULL),
(707, NULL, 33, 63, '2020-05-07 09:35:58', '2020-05-07 09:35:58', NULL),
(708, '10', 33, 64, '2020-05-07 09:35:58', '2020-05-07 09:35:58', NULL),
(709, '9', 34, 44, '2020-05-07 09:35:58', '2020-05-07 09:35:58', NULL),
(710, NULL, 34, 45, '2020-05-07 09:35:58', '2020-05-07 09:35:58', NULL),
(711, '6', 34, 46, '2020-05-07 09:35:58', '2020-05-07 09:35:58', NULL),
(712, '6', 34, 47, '2020-05-07 09:35:58', '2020-05-07 09:35:58', NULL),
(713, '6', 34, 48, '2020-05-07 09:35:58', '2020-05-07 09:35:58', NULL);
INSERT INTO `mark_records` (`id`, `value`, `column_id`, `student_id`, `created_at`, `updated_at`, `deleted_at`) VALUES
(714, '6', 34, 49, '2020-05-07 09:35:58', '2020-05-07 09:35:58', NULL),
(715, '5', 34, 50, '2020-05-07 09:35:58', '2020-05-07 09:35:58', NULL),
(716, '5', 34, 51, '2020-05-07 09:35:58', '2020-05-07 09:35:58', NULL),
(717, NULL, 34, 52, '2020-05-07 09:35:58', '2020-05-07 09:35:58', NULL),
(718, NULL, 34, 53, '2020-05-07 09:35:58', '2020-05-07 09:35:58', NULL),
(719, '8', 34, 54, '2020-05-07 09:35:58', '2020-05-07 09:35:58', NULL),
(720, '6', 34, 55, '2020-05-07 09:35:58', '2020-05-07 09:35:58', NULL),
(721, NULL, 34, 56, '2020-05-07 09:35:58', '2020-05-07 09:35:58', NULL),
(722, '7', 34, 57, '2020-05-07 09:35:58', '2020-05-07 09:35:58', NULL),
(723, '5', 34, 58, '2020-05-07 09:35:58', '2020-05-07 09:35:58', NULL),
(724, '8', 34, 59, '2020-05-07 09:35:58', '2020-05-07 09:35:58', NULL),
(725, '7', 34, 60, '2020-05-07 09:35:58', '2020-05-07 09:35:58', NULL),
(726, NULL, 34, 61, '2020-05-07 09:35:58', '2020-05-07 09:35:58', NULL),
(727, NULL, 34, 62, '2020-05-07 09:35:58', '2020-05-07 09:35:58', NULL),
(728, NULL, 34, 63, '2020-05-07 09:35:58', '2020-05-07 09:35:58', NULL),
(729, '5', 34, 64, '2020-05-07 09:35:58', '2020-05-07 09:35:58', NULL),
(730, NULL, 35, 44, '2020-05-07 09:35:58', '2020-05-07 09:35:58', NULL),
(731, '9', 35, 45, '2020-05-07 09:35:58', '2020-05-07 09:35:58', NULL),
(732, '8', 35, 46, '2020-05-07 09:35:58', '2020-05-07 09:35:58', NULL),
(733, NULL, 35, 47, '2020-05-07 09:35:58', '2020-05-07 09:35:58', NULL),
(734, '5', 35, 48, '2020-05-07 09:35:58', '2020-05-07 09:35:58', NULL),
(735, NULL, 35, 49, '2020-05-07 09:35:58', '2020-05-07 09:35:58', NULL),
(736, NULL, 35, 50, '2020-05-07 09:35:58', '2020-05-07 09:35:58', NULL),
(737, '5', 35, 51, '2020-05-07 09:35:58', '2020-05-07 09:35:58', NULL),
(738, NULL, 35, 52, '2020-05-07 09:35:58', '2020-05-07 09:35:58', NULL),
(739, NULL, 35, 53, '2020-05-07 09:35:58', '2020-05-07 09:35:58', NULL),
(740, '6', 35, 54, '2020-05-07 09:35:58', '2020-05-07 09:35:58', NULL),
(741, '6', 35, 55, '2020-05-07 09:35:58', '2020-05-07 09:35:58', NULL),
(742, NULL, 35, 56, '2020-05-07 09:35:58', '2020-05-07 09:35:58', NULL),
(743, '8', 35, 57, '2020-05-07 09:35:58', '2020-05-07 09:35:58', NULL),
(744, NULL, 35, 58, '2020-05-07 09:35:58', '2020-05-07 09:35:58', NULL),
(745, '9', 35, 59, '2020-05-07 09:35:58', '2020-05-07 09:35:58', NULL),
(746, NULL, 35, 60, '2020-05-07 09:35:58', '2020-05-07 09:35:58', NULL),
(747, '7', 35, 61, '2020-05-07 09:35:58', '2020-05-07 09:35:58', NULL),
(748, '5', 35, 62, '2020-05-07 09:35:58', '2020-05-07 09:35:58', NULL),
(749, '8', 35, 63, '2020-05-07 09:35:58', '2020-05-07 09:35:58', NULL),
(750, NULL, 35, 64, '2020-05-07 09:35:58', '2020-05-07 09:35:58', NULL),
(751, '8', 36, 44, '2020-05-07 09:35:58', '2020-05-07 09:35:58', NULL),
(752, '10', 36, 45, '2020-05-07 09:35:58', '2020-05-07 09:35:58', NULL),
(753, NULL, 36, 46, '2020-05-07 09:35:58', '2020-05-07 09:35:58', NULL),
(754, '6', 36, 47, '2020-05-07 09:35:58', '2020-05-07 09:35:58', NULL),
(755, NULL, 36, 48, '2020-05-07 09:35:58', '2020-05-07 09:35:58', NULL),
(756, '7', 36, 49, '2020-05-07 09:35:58', '2020-05-07 09:35:58', NULL),
(757, '6', 36, 50, '2020-05-07 09:35:58', '2020-05-07 09:35:58', NULL),
(758, '5', 36, 51, '2020-05-07 09:35:58', '2020-05-07 09:35:58', NULL),
(759, '8', 36, 52, '2020-05-07 09:35:58', '2020-05-07 09:35:58', NULL),
(760, '8', 36, 53, '2020-05-07 09:35:58', '2020-05-07 09:35:58', NULL),
(761, '8', 36, 54, '2020-05-07 09:35:58', '2020-05-07 09:35:58', NULL),
(762, NULL, 36, 55, '2020-05-07 09:35:58', '2020-05-07 09:35:58', NULL),
(763, '10', 36, 56, '2020-05-07 09:35:58', '2020-05-07 09:35:58', NULL),
(764, '10', 36, 57, '2020-05-07 09:35:58', '2020-05-07 09:35:58', NULL),
(765, '5', 36, 58, '2020-05-07 09:35:58', '2020-05-07 09:35:58', NULL),
(766, '7', 36, 59, '2020-05-07 09:35:58', '2020-05-07 09:35:58', NULL),
(767, '9', 36, 60, '2020-05-07 09:35:58', '2020-05-07 09:35:58', NULL),
(768, NULL, 36, 61, '2020-05-07 09:35:58', '2020-05-07 09:35:58', NULL),
(769, NULL, 36, 62, '2020-05-07 09:35:58', '2020-05-07 09:35:58', NULL),
(770, '5', 36, 63, '2020-05-07 09:35:58', '2020-05-07 09:35:58', NULL),
(771, '5', 36, 64, '2020-05-07 09:35:58', '2020-05-07 09:35:58', NULL),
(772, NULL, 37, 44, '2020-05-07 09:35:58', '2020-05-07 09:35:58', NULL),
(773, '9', 37, 45, '2020-05-07 09:35:58', '2020-05-07 09:35:58', NULL),
(774, '7', 37, 46, '2020-05-07 09:35:58', '2020-05-07 09:35:58', NULL),
(775, NULL, 37, 47, '2020-05-07 09:35:58', '2020-05-07 09:35:58', NULL),
(776, '6', 37, 48, '2020-05-07 09:35:58', '2020-05-07 09:35:58', NULL),
(777, '7', 37, 49, '2020-05-07 09:35:58', '2020-05-07 09:35:58', NULL),
(778, NULL, 37, 50, '2020-05-07 09:35:58', '2020-05-07 09:35:58', NULL),
(779, '10', 37, 51, '2020-05-07 09:35:58', '2020-05-07 09:35:58', NULL),
(780, '8', 37, 52, '2020-05-07 09:35:58', '2020-05-07 09:35:58', NULL),
(781, '9', 37, 53, '2020-05-07 09:35:58', '2020-05-07 09:35:58', NULL),
(782, NULL, 37, 54, '2020-05-07 09:35:58', '2020-05-07 09:35:58', NULL),
(783, '5', 37, 55, '2020-05-07 09:35:58', '2020-05-07 09:35:58', NULL),
(784, '8', 37, 56, '2020-05-07 09:35:58', '2020-05-07 09:35:58', NULL),
(785, '10', 37, 57, '2020-05-07 09:35:58', '2020-05-07 09:35:58', NULL),
(786, NULL, 37, 58, '2020-05-07 09:35:58', '2020-05-07 09:35:58', NULL),
(787, NULL, 37, 59, '2020-05-07 09:35:58', '2020-05-07 09:35:58', NULL),
(788, '9', 37, 60, '2020-05-07 09:35:58', '2020-05-07 09:35:58', NULL),
(789, NULL, 37, 61, '2020-05-07 09:35:58', '2020-05-07 09:35:58', NULL),
(790, '10', 37, 62, '2020-05-07 09:35:58', '2020-05-07 09:35:58', NULL),
(791, NULL, 37, 63, '2020-05-07 09:35:58', '2020-05-07 09:35:58', NULL),
(792, '10', 37, 64, '2020-05-07 09:35:58', '2020-05-07 09:35:58', NULL),
(793, '6', 38, 44, '2020-05-07 09:35:58', '2020-05-07 09:35:58', NULL),
(794, NULL, 38, 45, '2020-05-07 09:35:58', '2020-05-07 09:35:58', NULL),
(795, '10', 38, 46, '2020-05-07 09:35:58', '2020-05-07 09:35:58', NULL),
(796, '9', 38, 47, '2020-05-07 09:35:58', '2020-05-07 09:35:58', NULL),
(797, '5', 38, 48, '2020-05-07 09:35:58', '2020-05-07 09:35:58', NULL),
(798, '5', 38, 49, '2020-05-07 09:35:58', '2020-05-07 09:35:58', NULL),
(799, '10', 38, 50, '2020-05-07 09:35:58', '2020-05-07 09:35:58', NULL),
(800, NULL, 38, 51, '2020-05-07 09:35:58', '2020-05-07 09:35:58', NULL),
(801, '10', 38, 52, '2020-05-07 09:35:58', '2020-05-07 09:35:58', NULL),
(802, NULL, 38, 53, '2020-05-07 09:35:58', '2020-05-07 09:35:58', NULL),
(803, '9', 38, 54, '2020-05-07 09:35:58', '2020-05-07 09:35:58', NULL),
(804, NULL, 38, 55, '2020-05-07 09:35:58', '2020-05-07 09:35:58', NULL),
(805, '8', 38, 56, '2020-05-07 09:35:58', '2020-05-07 09:35:58', NULL),
(806, '10', 38, 57, '2020-05-07 09:35:58', '2020-05-07 09:35:58', NULL),
(807, NULL, 38, 58, '2020-05-07 09:35:58', '2020-05-07 09:35:58', NULL),
(808, '9', 38, 59, '2020-05-07 09:35:58', '2020-05-07 09:35:58', NULL),
(809, NULL, 38, 60, '2020-05-07 09:35:58', '2020-05-07 09:35:58', NULL),
(810, '9', 38, 61, '2020-05-07 09:35:58', '2020-05-07 09:35:58', NULL),
(811, '8', 38, 62, '2020-05-07 09:35:58', '2020-05-07 09:35:58', NULL),
(812, NULL, 38, 63, '2020-05-07 09:35:58', '2020-05-07 09:35:58', NULL),
(813, '6', 38, 64, '2020-05-07 09:35:58', '2020-05-07 09:35:58', NULL),
(814, NULL, 39, 44, '2020-05-07 09:35:58', '2020-05-07 09:35:58', NULL),
(815, NULL, 39, 45, '2020-05-07 09:35:58', '2020-05-07 09:35:58', NULL),
(816, '8', 39, 46, '2020-05-07 09:35:58', '2020-05-07 09:35:58', NULL),
(817, NULL, 39, 47, '2020-05-07 09:35:58', '2020-05-07 09:35:58', NULL),
(818, '5', 39, 48, '2020-05-07 09:35:58', '2020-05-07 09:35:58', NULL),
(819, NULL, 39, 49, '2020-05-07 09:35:58', '2020-05-07 09:35:58', NULL),
(820, NULL, 39, 50, '2020-05-07 09:35:58', '2020-05-07 09:35:58', NULL),
(821, '9', 39, 51, '2020-05-07 09:35:58', '2020-05-07 09:35:58', NULL),
(822, NULL, 39, 52, '2020-05-07 09:35:58', '2020-05-07 09:35:58', NULL),
(823, NULL, 39, 53, '2020-05-07 09:35:58', '2020-05-07 09:35:58', NULL),
(824, NULL, 39, 54, '2020-05-07 09:35:58', '2020-05-07 09:35:58', NULL),
(825, NULL, 39, 55, '2020-05-07 09:35:58', '2020-05-07 09:35:58', NULL),
(826, '5', 39, 56, '2020-05-07 09:35:58', '2020-05-07 09:35:58', NULL),
(827, '6', 39, 57, '2020-05-07 09:35:58', '2020-05-07 09:35:58', NULL),
(828, '7', 39, 58, '2020-05-07 09:35:58', '2020-05-07 09:35:58', NULL),
(829, '9', 39, 59, '2020-05-07 09:35:58', '2020-05-07 09:35:58', NULL),
(830, NULL, 39, 60, '2020-05-07 09:35:58', '2020-05-07 09:35:58', NULL),
(831, NULL, 39, 61, '2020-05-07 09:35:58', '2020-05-07 09:35:58', NULL),
(832, '8', 39, 62, '2020-05-07 09:35:58', '2020-05-07 09:35:58', NULL),
(833, '6', 39, 63, '2020-05-07 09:35:58', '2020-05-07 09:35:58', NULL),
(834, '10', 39, 64, '2020-05-07 09:35:58', '2020-05-07 09:35:58', NULL),
(835, NULL, 40, 44, '2020-05-07 09:35:58', '2020-05-07 09:35:58', NULL),
(836, NULL, 40, 45, '2020-05-07 09:35:58', '2020-05-07 09:35:58', NULL),
(837, NULL, 40, 46, '2020-05-07 09:35:58', '2020-05-07 09:35:58', NULL),
(838, NULL, 40, 47, '2020-05-07 09:35:58', '2020-05-07 09:35:58', NULL),
(839, NULL, 40, 48, '2020-05-07 09:35:58', '2020-05-07 09:35:58', NULL),
(840, NULL, 40, 49, '2020-05-07 09:35:58', '2020-05-07 09:35:58', NULL),
(841, '5', 40, 50, '2020-05-07 09:35:58', '2020-05-07 09:35:58', NULL),
(842, '7', 40, 51, '2020-05-07 09:35:58', '2020-05-07 09:35:58', NULL),
(843, '9', 40, 52, '2020-05-07 09:35:58', '2020-05-07 09:35:58', NULL),
(844, NULL, 40, 53, '2020-05-07 09:35:58', '2020-05-07 09:35:58', NULL),
(845, '7', 40, 54, '2020-05-07 09:35:58', '2020-05-07 09:35:58', NULL),
(846, NULL, 40, 55, '2020-05-07 09:35:58', '2020-05-07 09:35:58', NULL),
(847, '5', 40, 56, '2020-05-07 09:35:58', '2020-05-07 09:35:58', NULL),
(848, NULL, 40, 57, '2020-05-07 09:35:58', '2020-05-07 09:35:58', NULL),
(849, '8', 40, 58, '2020-05-07 09:35:58', '2020-05-07 09:35:58', NULL),
(850, '10', 40, 59, '2020-05-07 09:35:58', '2020-05-07 09:35:58', NULL),
(851, '7', 40, 60, '2020-05-07 09:35:58', '2020-05-07 09:35:58', NULL),
(852, '6', 40, 61, '2020-05-07 09:35:58', '2020-05-07 09:35:58', NULL),
(853, '8', 40, 62, '2020-05-07 09:35:58', '2020-05-07 09:35:58', NULL),
(854, NULL, 40, 63, '2020-05-07 09:35:58', '2020-05-07 09:35:58', NULL),
(855, '10', 40, 64, '2020-05-07 09:35:58', '2020-05-07 09:35:58', NULL),
(856, NULL, 41, 44, '2020-05-07 09:35:58', '2020-05-07 09:35:58', NULL),
(857, '8', 41, 45, '2020-05-07 09:35:58', '2020-05-07 09:35:58', NULL),
(858, '7', 41, 46, '2020-05-07 09:35:58', '2020-05-07 09:35:58', NULL),
(859, '9', 41, 47, '2020-05-07 09:35:58', '2020-05-07 09:35:58', NULL),
(860, '8', 41, 48, '2020-05-07 09:35:58', '2020-05-07 09:35:58', NULL),
(861, '8', 41, 49, '2020-05-07 09:35:59', '2020-05-07 09:35:59', NULL),
(862, NULL, 41, 50, '2020-05-07 09:35:59', '2020-05-07 09:35:59', NULL),
(863, NULL, 41, 51, '2020-05-07 09:35:59', '2020-05-07 09:35:59', NULL),
(864, NULL, 41, 52, '2020-05-07 09:35:59', '2020-05-07 09:35:59', NULL),
(865, '9', 41, 53, '2020-05-07 09:35:59', '2020-05-07 09:35:59', NULL),
(866, '9', 41, 54, '2020-05-07 09:35:59', '2020-05-07 09:35:59', NULL),
(867, NULL, 41, 55, '2020-05-07 09:35:59', '2020-05-07 09:35:59', NULL),
(868, '8', 41, 56, '2020-05-07 09:35:59', '2020-05-07 09:35:59', NULL),
(869, '5', 41, 57, '2020-05-07 09:35:59', '2020-05-07 09:35:59', NULL),
(870, NULL, 41, 58, '2020-05-07 09:35:59', '2020-05-07 09:35:59', NULL),
(871, NULL, 41, 59, '2020-05-07 09:35:59', '2020-05-07 09:35:59', NULL),
(872, '9', 41, 60, '2020-05-07 09:35:59', '2020-05-07 09:35:59', NULL),
(873, '10', 41, 61, '2020-05-07 09:35:59', '2020-05-07 09:35:59', NULL),
(874, NULL, 41, 62, '2020-05-07 09:35:59', '2020-05-07 09:35:59', NULL),
(875, '5', 41, 63, '2020-05-07 09:35:59', '2020-05-07 09:35:59', NULL),
(876, NULL, 41, 64, '2020-05-07 09:35:59', '2020-05-07 09:35:59', NULL),
(877, NULL, 42, 44, '2020-05-07 09:35:59', '2020-05-07 09:35:59', NULL),
(878, NULL, 42, 45, '2020-05-07 09:35:59', '2020-05-07 09:35:59', NULL),
(879, NULL, 42, 46, '2020-05-07 09:35:59', '2020-05-07 09:35:59', NULL),
(880, NULL, 42, 47, '2020-05-07 09:35:59', '2020-05-07 09:35:59', NULL),
(881, '9', 42, 48, '2020-05-07 09:35:59', '2020-05-07 09:35:59', NULL),
(882, '7', 42, 49, '2020-05-07 09:35:59', '2020-05-07 09:35:59', NULL),
(883, '10', 42, 50, '2020-05-07 09:35:59', '2020-05-07 09:35:59', NULL),
(884, NULL, 42, 51, '2020-05-07 09:35:59', '2020-05-07 09:35:59', NULL),
(885, '10', 42, 52, '2020-05-07 09:35:59', '2020-05-07 09:35:59', NULL),
(886, '10', 42, 53, '2020-05-07 09:35:59', '2020-05-07 09:35:59', NULL),
(887, '9', 42, 54, '2020-05-07 09:35:59', '2020-05-07 09:35:59', NULL),
(888, NULL, 42, 55, '2020-05-07 09:35:59', '2020-05-07 09:35:59', NULL),
(889, NULL, 42, 56, '2020-05-07 09:35:59', '2020-05-07 09:35:59', NULL),
(890, '8', 42, 57, '2020-05-07 09:35:59', '2020-05-07 09:35:59', NULL),
(891, '8', 42, 58, '2020-05-07 09:35:59', '2020-05-07 09:35:59', NULL),
(892, '9', 42, 59, '2020-05-07 09:35:59', '2020-05-07 09:35:59', NULL),
(893, '5', 42, 60, '2020-05-07 09:35:59', '2020-05-07 09:35:59', NULL),
(894, NULL, 42, 61, '2020-05-07 09:35:59', '2020-05-07 09:35:59', NULL),
(895, NULL, 42, 62, '2020-05-07 09:35:59', '2020-05-07 09:35:59', NULL),
(896, NULL, 42, 63, '2020-05-07 09:35:59', '2020-05-07 09:35:59', NULL),
(897, NULL, 42, 64, '2020-05-07 09:35:59', '2020-05-07 09:35:59', NULL),
(898, '8', 43, 44, '2020-05-07 09:35:59', '2020-05-07 09:35:59', NULL),
(899, '7', 43, 45, '2020-05-07 09:35:59', '2020-05-07 09:35:59', NULL),
(900, NULL, 43, 46, '2020-05-07 09:35:59', '2020-05-07 09:35:59', NULL),
(901, NULL, 43, 47, '2020-05-07 09:35:59', '2020-05-07 09:35:59', NULL),
(902, NULL, 43, 48, '2020-05-07 09:35:59', '2020-05-07 09:35:59', NULL),
(903, '6', 43, 49, '2020-05-07 09:35:59', '2020-05-07 09:35:59', NULL),
(904, '9', 43, 50, '2020-05-07 09:35:59', '2020-05-07 09:35:59', NULL),
(905, '8', 43, 51, '2020-05-07 09:35:59', '2020-05-07 09:35:59', NULL),
(906, NULL, 43, 52, '2020-05-07 09:35:59', '2020-05-07 09:35:59', NULL),
(907, '6', 43, 53, '2020-05-07 09:35:59', '2020-05-07 09:35:59', NULL),
(908, NULL, 43, 54, '2020-05-07 09:35:59', '2020-05-07 09:35:59', NULL),
(909, NULL, 43, 55, '2020-05-07 09:35:59', '2020-05-07 09:35:59', NULL),
(910, NULL, 43, 56, '2020-05-07 09:35:59', '2020-05-07 09:35:59', NULL),
(911, '7', 43, 57, '2020-05-07 09:35:59', '2020-05-07 09:35:59', NULL),
(912, '8', 43, 58, '2020-05-07 09:35:59', '2020-05-07 09:35:59', NULL),
(913, NULL, 43, 59, '2020-05-07 09:35:59', '2020-05-07 09:35:59', NULL),
(914, NULL, 43, 60, '2020-05-07 09:35:59', '2020-05-07 09:35:59', NULL),
(915, NULL, 43, 61, '2020-05-07 09:35:59', '2020-05-07 09:35:59', NULL),
(916, '8', 43, 62, '2020-05-07 09:35:59', '2020-05-07 09:35:59', NULL),
(917, NULL, 43, 63, '2020-05-07 09:35:59', '2020-05-07 09:35:59', NULL),
(918, '7', 43, 64, '2020-05-07 09:35:59', '2020-05-07 09:35:59', NULL),
(919, '10', 44, 44, '2020-05-07 09:35:59', '2020-05-07 09:35:59', NULL),
(920, NULL, 44, 45, '2020-05-07 09:35:59', '2020-05-07 09:35:59', NULL),
(921, NULL, 44, 46, '2020-05-07 09:35:59', '2020-05-07 09:35:59', NULL),
(922, '8', 44, 47, '2020-05-07 09:35:59', '2020-05-07 09:35:59', NULL),
(923, '6', 44, 48, '2020-05-07 09:35:59', '2020-05-07 09:35:59', NULL),
(924, NULL, 44, 49, '2020-05-07 09:35:59', '2020-05-07 09:35:59', NULL),
(925, '7', 44, 50, '2020-05-07 09:35:59', '2020-05-07 09:35:59', NULL),
(926, '8', 44, 51, '2020-05-07 09:35:59', '2020-05-07 09:35:59', NULL),
(927, '8', 44, 52, '2020-05-07 09:35:59', '2020-05-07 09:35:59', NULL),
(928, NULL, 44, 53, '2020-05-07 09:35:59', '2020-05-07 09:35:59', NULL),
(929, NULL, 44, 54, '2020-05-07 09:35:59', '2020-05-07 09:35:59', NULL),
(930, NULL, 44, 55, '2020-05-07 09:35:59', '2020-05-07 09:35:59', NULL),
(931, '9', 44, 56, '2020-05-07 09:35:59', '2020-05-07 09:35:59', NULL),
(932, '10', 44, 57, '2020-05-07 09:35:59', '2020-05-07 09:35:59', NULL),
(933, '6', 44, 58, '2020-05-07 09:35:59', '2020-05-07 09:35:59', NULL),
(934, '6', 44, 59, '2020-05-07 09:35:59', '2020-05-07 09:35:59', NULL),
(935, '6', 44, 60, '2020-05-07 09:35:59', '2020-05-07 09:35:59', NULL),
(936, NULL, 44, 61, '2020-05-07 09:35:59', '2020-05-07 09:35:59', NULL),
(937, NULL, 44, 62, '2020-05-07 09:35:59', '2020-05-07 09:35:59', NULL),
(938, NULL, 44, 63, '2020-05-07 09:35:59', '2020-05-07 09:35:59', NULL),
(939, '8', 44, 64, '2020-05-07 09:35:59', '2020-05-07 09:35:59', NULL),
(940, '6', 45, 44, '2020-05-07 09:35:59', '2020-05-07 09:35:59', NULL),
(941, NULL, 45, 45, '2020-05-07 09:35:59', '2020-05-07 09:35:59', NULL),
(942, NULL, 45, 46, '2020-05-07 09:35:59', '2020-05-07 09:35:59', NULL),
(943, NULL, 45, 47, '2020-05-07 09:35:59', '2020-05-07 09:35:59', NULL),
(944, '5', 45, 48, '2020-05-07 09:35:59', '2020-05-07 09:35:59', NULL),
(945, '7', 45, 49, '2020-05-07 09:35:59', '2020-05-07 09:35:59', NULL),
(946, '6', 45, 50, '2020-05-07 09:35:59', '2020-05-07 09:35:59', NULL),
(947, '8', 45, 51, '2020-05-07 09:35:59', '2020-05-07 09:35:59', NULL),
(948, NULL, 45, 52, '2020-05-07 09:35:59', '2020-05-07 09:35:59', NULL),
(949, '8', 45, 53, '2020-05-07 09:35:59', '2020-05-07 09:35:59', NULL),
(950, NULL, 45, 54, '2020-05-07 09:35:59', '2020-05-07 09:35:59', NULL),
(951, NULL, 45, 55, '2020-05-07 09:35:59', '2020-05-07 09:35:59', NULL),
(952, '7', 45, 56, '2020-05-07 09:35:59', '2020-05-07 09:35:59', NULL),
(953, NULL, 45, 57, '2020-05-07 09:35:59', '2020-05-07 09:35:59', NULL),
(954, '5', 45, 58, '2020-05-07 09:35:59', '2020-05-07 09:35:59', NULL),
(955, '8', 45, 59, '2020-05-07 09:35:59', '2020-05-07 09:35:59', NULL),
(956, '7', 45, 60, '2020-05-07 09:35:59', '2020-05-07 09:35:59', NULL),
(957, NULL, 45, 61, '2020-05-07 09:35:59', '2020-05-07 09:35:59', NULL),
(958, NULL, 45, 62, '2020-05-07 09:35:59', '2020-05-07 09:35:59', NULL),
(959, NULL, 45, 63, '2020-05-07 09:35:59', '2020-05-07 09:35:59', NULL),
(960, '5', 45, 64, '2020-05-07 09:35:59', '2020-05-07 09:35:59', NULL),
(961, '8', 46, 65, '2020-05-07 09:36:01', '2020-05-07 09:36:01', NULL),
(962, '5', 46, 66, '2020-05-07 09:36:01', '2020-05-07 09:36:01', NULL),
(963, '7', 46, 67, '2020-05-07 09:36:01', '2020-05-07 09:36:01', NULL),
(964, '6', 46, 68, '2020-05-07 09:36:01', '2020-05-07 09:36:01', NULL),
(965, '10', 46, 69, '2020-05-07 09:36:01', '2020-05-07 09:36:01', NULL),
(966, NULL, 46, 70, '2020-05-07 09:36:01', '2020-05-07 09:36:01', NULL),
(967, '10', 46, 71, '2020-05-07 09:36:01', '2020-05-07 09:36:01', NULL),
(968, '9', 46, 72, '2020-05-07 09:36:01', '2020-05-07 09:36:01', NULL),
(969, '9', 46, 73, '2020-05-07 09:36:01', '2020-05-07 09:36:01', NULL),
(970, '5', 46, 74, '2020-05-07 09:36:01', '2020-05-07 09:36:01', NULL),
(971, '6', 46, 75, '2020-05-07 09:36:01', '2020-05-07 09:36:01', NULL),
(972, NULL, 46, 76, '2020-05-07 09:36:01', '2020-05-07 09:36:01', NULL),
(973, NULL, 46, 77, '2020-05-07 09:36:01', '2020-05-07 09:36:01', NULL),
(974, '6', 46, 78, '2020-05-07 09:36:01', '2020-05-07 09:36:01', NULL),
(975, '8', 46, 79, '2020-05-07 09:36:01', '2020-05-07 09:36:01', NULL),
(976, '9', 47, 65, '2020-05-07 09:36:01', '2020-05-07 09:36:01', NULL),
(977, NULL, 47, 66, '2020-05-07 09:36:01', '2020-05-07 09:36:01', NULL),
(978, '10', 47, 67, '2020-05-07 09:36:01', '2020-05-07 09:36:01', NULL),
(979, '6', 47, 68, '2020-05-07 09:36:01', '2020-05-07 09:36:01', NULL),
(980, '10', 47, 69, '2020-05-07 09:36:01', '2020-05-07 09:36:01', NULL),
(981, '9', 47, 70, '2020-05-07 09:36:01', '2020-05-07 09:36:01', NULL),
(982, '7', 47, 71, '2020-05-07 09:36:01', '2020-05-07 09:36:01', NULL),
(983, NULL, 47, 72, '2020-05-07 09:36:01', '2020-05-07 09:36:01', NULL),
(984, '7', 47, 73, '2020-05-07 09:36:01', '2020-05-07 09:36:01', NULL),
(985, NULL, 47, 74, '2020-05-07 09:36:01', '2020-05-07 09:36:01', NULL),
(986, NULL, 47, 75, '2020-05-07 09:36:01', '2020-05-07 09:36:01', NULL),
(987, NULL, 47, 76, '2020-05-07 09:36:01', '2020-05-07 09:36:01', NULL),
(988, NULL, 47, 77, '2020-05-07 09:36:01', '2020-05-07 09:36:01', NULL),
(989, '8', 47, 78, '2020-05-07 09:36:01', '2020-05-07 09:36:01', NULL),
(990, NULL, 47, 79, '2020-05-07 09:36:01', '2020-05-07 09:36:01', NULL),
(991, '8', 48, 65, '2020-05-07 09:36:01', '2020-05-07 09:36:01', NULL),
(992, NULL, 48, 66, '2020-05-07 09:36:01', '2020-05-07 09:36:01', NULL),
(993, '8', 48, 67, '2020-05-07 09:36:01', '2020-05-07 09:36:01', NULL),
(994, '7', 48, 68, '2020-05-07 09:36:01', '2020-05-07 09:36:01', NULL),
(995, NULL, 48, 69, '2020-05-07 09:36:01', '2020-05-07 09:36:01', NULL),
(996, NULL, 48, 70, '2020-05-07 09:36:01', '2020-05-07 09:36:01', NULL),
(997, '8', 48, 71, '2020-05-07 09:36:01', '2020-05-07 09:36:01', NULL),
(998, '7', 48, 72, '2020-05-07 09:36:01', '2020-05-07 09:36:01', NULL),
(999, '5', 48, 73, '2020-05-07 09:36:01', '2020-05-07 09:36:01', NULL),
(1000, '8', 48, 74, '2020-05-07 09:36:01', '2020-05-07 09:36:01', NULL),
(1001, '6', 48, 75, '2020-05-07 09:36:01', '2020-05-07 09:36:01', NULL),
(1002, NULL, 48, 76, '2020-05-07 09:36:01', '2020-05-07 09:36:01', NULL),
(1003, '7', 48, 77, '2020-05-07 09:36:01', '2020-05-07 09:36:01', NULL),
(1004, NULL, 48, 78, '2020-05-07 09:36:01', '2020-05-07 09:36:01', NULL),
(1005, NULL, 48, 79, '2020-05-07 09:36:01', '2020-05-07 09:36:01', NULL),
(1006, '9', 49, 65, '2020-05-07 09:36:01', '2020-05-07 09:36:01', NULL),
(1007, '7', 49, 66, '2020-05-07 09:36:01', '2020-05-07 09:36:01', NULL),
(1008, NULL, 49, 67, '2020-05-07 09:36:01', '2020-05-07 09:36:01', NULL),
(1009, '10', 49, 68, '2020-05-07 09:36:01', '2020-05-07 09:36:01', NULL),
(1010, NULL, 49, 69, '2020-05-07 09:36:01', '2020-05-07 09:36:01', NULL),
(1011, NULL, 49, 70, '2020-05-07 09:36:01', '2020-05-07 09:36:01', NULL),
(1012, '10', 49, 71, '2020-05-07 09:36:01', '2020-05-07 09:36:01', NULL),
(1013, '8', 49, 72, '2020-05-07 09:36:01', '2020-05-07 09:36:01', NULL),
(1014, '7', 49, 73, '2020-05-07 09:36:01', '2020-05-07 09:36:01', NULL),
(1015, NULL, 49, 74, '2020-05-07 09:36:01', '2020-05-07 09:36:01', NULL),
(1016, NULL, 49, 75, '2020-05-07 09:36:01', '2020-05-07 09:36:01', NULL),
(1017, '9', 49, 76, '2020-05-07 09:36:01', '2020-05-07 09:36:01', NULL),
(1018, '8', 49, 77, '2020-05-07 09:36:01', '2020-05-07 09:36:01', NULL),
(1019, '5', 49, 78, '2020-05-07 09:36:01', '2020-05-07 09:36:01', NULL),
(1020, NULL, 49, 79, '2020-05-07 09:36:01', '2020-05-07 09:36:01', NULL),
(1021, '10', 50, 65, '2020-05-07 09:36:01', '2020-05-07 09:36:01', NULL),
(1022, '9', 50, 66, '2020-05-07 09:36:01', '2020-05-07 09:36:01', NULL),
(1023, NULL, 50, 67, '2020-05-07 09:36:01', '2020-05-07 09:36:01', NULL),
(1024, NULL, 50, 68, '2020-05-07 09:36:01', '2020-05-07 09:36:01', NULL),
(1025, NULL, 50, 69, '2020-05-07 09:36:01', '2020-05-07 09:36:01', NULL),
(1026, '5', 50, 70, '2020-05-07 09:36:01', '2020-05-07 09:36:01', NULL),
(1027, '8', 50, 71, '2020-05-07 09:36:01', '2020-05-07 09:36:01', NULL),
(1028, '9', 50, 72, '2020-05-07 09:36:01', '2020-05-07 09:36:01', NULL),
(1029, '9', 50, 73, '2020-05-07 09:36:01', '2020-05-07 09:36:01', NULL),
(1030, NULL, 50, 74, '2020-05-07 09:36:01', '2020-05-07 09:36:01', NULL),
(1031, '7', 50, 75, '2020-05-07 09:36:01', '2020-05-07 09:36:01', NULL),
(1032, '7', 50, 76, '2020-05-07 09:36:01', '2020-05-07 09:36:01', NULL),
(1033, NULL, 50, 77, '2020-05-07 09:36:01', '2020-05-07 09:36:01', NULL),
(1034, '7', 50, 78, '2020-05-07 09:36:01', '2020-05-07 09:36:01', NULL),
(1035, NULL, 50, 79, '2020-05-07 09:36:01', '2020-05-07 09:36:01', NULL),
(1036, NULL, 51, 65, '2020-05-07 09:36:01', '2020-05-07 09:36:01', NULL),
(1037, '6', 51, 66, '2020-05-07 09:36:01', '2020-05-07 09:36:01', NULL),
(1038, '9', 51, 67, '2020-05-07 09:36:01', '2020-05-07 09:36:01', NULL),
(1039, NULL, 51, 68, '2020-05-07 09:36:01', '2020-05-07 09:36:01', NULL),
(1040, '5', 51, 69, '2020-05-07 09:36:01', '2020-05-07 09:36:01', NULL),
(1041, NULL, 51, 70, '2020-05-07 09:36:01', '2020-05-07 09:36:01', NULL),
(1042, '9', 51, 71, '2020-05-07 09:36:01', '2020-05-07 09:36:01', NULL),
(1043, '6', 51, 72, '2020-05-07 09:36:01', '2020-05-07 09:36:01', NULL),
(1044, '8', 51, 73, '2020-05-07 09:36:01', '2020-05-07 09:36:01', NULL),
(1045, NULL, 51, 74, '2020-05-07 09:36:01', '2020-05-07 09:36:01', NULL),
(1046, NULL, 51, 75, '2020-05-07 09:36:01', '2020-05-07 09:36:01', NULL),
(1047, '7', 51, 76, '2020-05-07 09:36:01', '2020-05-07 09:36:01', NULL),
(1048, '8', 51, 77, '2020-05-07 09:36:01', '2020-05-07 09:36:01', NULL),
(1049, NULL, 51, 78, '2020-05-07 09:36:01', '2020-05-07 09:36:01', NULL),
(1050, '7', 51, 79, '2020-05-07 09:36:01', '2020-05-07 09:36:01', NULL),
(1051, '10', 52, 65, '2020-05-07 09:36:01', '2020-05-07 09:36:01', NULL),
(1052, '8', 52, 66, '2020-05-07 09:36:01', '2020-05-07 09:36:01', NULL),
(1053, '7', 52, 67, '2020-05-07 09:36:01', '2020-05-07 09:36:01', NULL),
(1054, NULL, 52, 68, '2020-05-07 09:36:01', '2020-05-07 09:36:01', NULL),
(1055, NULL, 52, 69, '2020-05-07 09:36:01', '2020-05-07 09:36:01', NULL),
(1056, '7', 52, 70, '2020-05-07 09:36:01', '2020-05-07 09:36:01', NULL),
(1057, '9', 52, 71, '2020-05-07 09:36:01', '2020-05-07 09:36:01', NULL),
(1058, NULL, 52, 72, '2020-05-07 09:36:01', '2020-05-07 09:36:01', NULL),
(1059, NULL, 52, 73, '2020-05-07 09:36:01', '2020-05-07 09:36:01', NULL),
(1060, NULL, 52, 74, '2020-05-07 09:36:01', '2020-05-07 09:36:01', NULL),
(1061, NULL, 52, 75, '2020-05-07 09:36:01', '2020-05-07 09:36:01', NULL),
(1062, '8', 52, 76, '2020-05-07 09:36:01', '2020-05-07 09:36:01', NULL),
(1063, NULL, 52, 77, '2020-05-07 09:36:01', '2020-05-07 09:36:01', NULL),
(1064, '8', 52, 78, '2020-05-07 09:36:01', '2020-05-07 09:36:01', NULL),
(1065, '10', 52, 79, '2020-05-07 09:36:01', '2020-05-07 09:36:01', NULL),
(1066, NULL, 53, 65, '2020-05-07 09:36:01', '2020-05-07 09:36:01', NULL),
(1067, '10', 53, 66, '2020-05-07 09:36:01', '2020-05-07 09:36:01', NULL),
(1068, '8', 53, 67, '2020-05-07 09:36:01', '2020-05-07 09:36:01', NULL),
(1069, NULL, 53, 68, '2020-05-07 09:36:01', '2020-05-07 09:36:01', NULL),
(1070, '8', 53, 69, '2020-05-07 09:36:01', '2020-05-07 09:36:01', NULL),
(1071, '10', 53, 70, '2020-05-07 09:36:01', '2020-05-07 09:36:01', NULL),
(1072, '10', 53, 71, '2020-05-07 09:36:01', '2020-05-07 09:36:01', NULL),
(1073, '5', 53, 72, '2020-05-07 09:36:01', '2020-05-07 09:36:01', NULL),
(1074, '10', 53, 73, '2020-05-07 09:36:01', '2020-05-07 09:36:01', NULL),
(1075, '5', 53, 74, '2020-05-07 09:36:01', '2020-05-07 09:36:01', NULL),
(1076, NULL, 53, 75, '2020-05-07 09:36:01', '2020-05-07 09:36:01', NULL),
(1077, NULL, 53, 76, '2020-05-07 09:36:01', '2020-05-07 09:36:01', NULL),
(1078, NULL, 53, 77, '2020-05-07 09:36:01', '2020-05-07 09:36:01', NULL),
(1079, NULL, 53, 78, '2020-05-07 09:36:01', '2020-05-07 09:36:01', NULL),
(1080, '5', 53, 79, '2020-05-07 09:36:01', '2020-05-07 09:36:01', NULL),
(1081, '10', 54, 65, '2020-05-07 09:36:01', '2020-05-07 09:36:01', NULL),
(1082, NULL, 54, 66, '2020-05-07 09:36:01', '2020-05-07 09:36:01', NULL),
(1083, '5', 54, 67, '2020-05-07 09:36:01', '2020-05-07 09:36:01', NULL),
(1084, '9', 54, 68, '2020-05-07 09:36:01', '2020-05-07 09:36:01', NULL),
(1085, NULL, 54, 69, '2020-05-07 09:36:01', '2020-05-07 09:36:01', NULL),
(1086, '9', 54, 70, '2020-05-07 09:36:01', '2020-05-07 09:36:01', NULL),
(1087, NULL, 54, 71, '2020-05-07 09:36:01', '2020-05-07 09:36:01', NULL),
(1088, '9', 54, 72, '2020-05-07 09:36:01', '2020-05-07 09:36:01', NULL),
(1089, '8', 54, 73, '2020-05-07 09:36:01', '2020-05-07 09:36:01', NULL),
(1090, NULL, 54, 74, '2020-05-07 09:36:01', '2020-05-07 09:36:01', NULL),
(1091, '7', 54, 75, '2020-05-07 09:36:01', '2020-05-07 09:36:01', NULL),
(1092, NULL, 54, 76, '2020-05-07 09:36:01', '2020-05-07 09:36:01', NULL),
(1093, '6', 54, 77, '2020-05-07 09:36:01', '2020-05-07 09:36:01', NULL),
(1094, NULL, 54, 78, '2020-05-07 09:36:01', '2020-05-07 09:36:01', NULL),
(1095, '5', 54, 79, '2020-05-07 09:36:01', '2020-05-07 09:36:01', NULL),
(1096, '6', 55, 65, '2020-05-07 09:36:01', '2020-05-07 09:36:01', NULL),
(1097, NULL, 55, 66, '2020-05-07 09:36:01', '2020-05-07 09:36:01', NULL),
(1098, '6', 55, 67, '2020-05-07 09:36:01', '2020-05-07 09:36:01', NULL),
(1099, NULL, 55, 68, '2020-05-07 09:36:01', '2020-05-07 09:36:01', NULL),
(1100, '6', 55, 69, '2020-05-07 09:36:01', '2020-05-07 09:36:01', NULL),
(1101, '5', 55, 70, '2020-05-07 09:36:01', '2020-05-07 09:36:01', NULL),
(1102, '9', 55, 71, '2020-05-07 09:36:01', '2020-05-07 09:36:01', NULL),
(1103, NULL, 55, 72, '2020-05-07 09:36:01', '2020-05-07 09:36:01', NULL),
(1104, NULL, 55, 73, '2020-05-07 09:36:01', '2020-05-07 09:36:01', NULL),
(1105, '5', 55, 74, '2020-05-07 09:36:01', '2020-05-07 09:36:01', NULL),
(1106, '6', 55, 75, '2020-05-07 09:36:01', '2020-05-07 09:36:01', NULL),
(1107, '7', 55, 76, '2020-05-07 09:36:01', '2020-05-07 09:36:01', NULL),
(1108, '5', 55, 77, '2020-05-07 09:36:01', '2020-05-07 09:36:01', NULL),
(1109, NULL, 55, 78, '2020-05-07 09:36:01', '2020-05-07 09:36:01', NULL),
(1110, '7', 55, 79, '2020-05-07 09:36:01', '2020-05-07 09:36:01', NULL),
(1111, '6', 56, 65, '2020-05-07 09:36:01', '2020-05-07 09:36:01', NULL),
(1112, NULL, 56, 66, '2020-05-07 09:36:01', '2020-05-07 09:36:01', NULL),
(1113, NULL, 56, 67, '2020-05-07 09:36:01', '2020-05-07 09:36:01', NULL),
(1114, '10', 56, 68, '2020-05-07 09:36:01', '2020-05-07 09:36:01', NULL),
(1115, '9', 56, 69, '2020-05-07 09:36:01', '2020-05-07 09:36:01', NULL),
(1116, '10', 56, 70, '2020-05-07 09:36:01', '2020-05-07 09:36:01', NULL),
(1117, '8', 56, 71, '2020-05-07 09:36:01', '2020-05-07 09:36:01', NULL),
(1118, '8', 56, 72, '2020-05-07 09:36:01', '2020-05-07 09:36:01', NULL),
(1119, '10', 56, 73, '2020-05-07 09:36:01', '2020-05-07 09:36:01', NULL),
(1120, NULL, 56, 74, '2020-05-07 09:36:01', '2020-05-07 09:36:01', NULL),
(1121, NULL, 56, 75, '2020-05-07 09:36:01', '2020-05-07 09:36:01', NULL),
(1122, NULL, 56, 76, '2020-05-07 09:36:01', '2020-05-07 09:36:01', NULL),
(1123, NULL, 56, 77, '2020-05-07 09:36:01', '2020-05-07 09:36:01', NULL),
(1124, '8', 56, 78, '2020-05-07 09:36:01', '2020-05-07 09:36:01', NULL),
(1125, '6', 56, 79, '2020-05-07 09:36:01', '2020-05-07 09:36:01', NULL),
(1126, '6', 57, 65, '2020-05-07 09:36:01', '2020-05-07 09:36:01', NULL),
(1127, '10', 57, 66, '2020-05-07 09:36:01', '2020-05-07 09:36:01', NULL),
(1128, NULL, 57, 67, '2020-05-07 09:36:01', '2020-05-07 09:36:01', NULL),
(1129, '5', 57, 68, '2020-05-07 09:36:01', '2020-05-07 09:36:01', NULL),
(1130, NULL, 57, 69, '2020-05-07 09:36:01', '2020-05-07 09:36:01', NULL),
(1131, '9', 57, 70, '2020-05-07 09:36:01', '2020-05-07 09:36:01', NULL),
(1132, '9', 57, 71, '2020-05-07 09:36:01', '2020-05-07 09:36:01', NULL),
(1133, '7', 57, 72, '2020-05-07 09:36:01', '2020-05-07 09:36:01', NULL),
(1134, NULL, 57, 73, '2020-05-07 09:36:01', '2020-05-07 09:36:01', NULL),
(1135, NULL, 57, 74, '2020-05-07 09:36:01', '2020-05-07 09:36:01', NULL),
(1136, NULL, 57, 75, '2020-05-07 09:36:01', '2020-05-07 09:36:01', NULL),
(1137, NULL, 57, 76, '2020-05-07 09:36:01', '2020-05-07 09:36:01', NULL),
(1138, '7', 57, 77, '2020-05-07 09:36:01', '2020-05-07 09:36:01', NULL),
(1139, '8', 57, 78, '2020-05-07 09:36:01', '2020-05-07 09:36:01', NULL),
(1140, NULL, 57, 79, '2020-05-07 09:36:01', '2020-05-07 09:36:01', NULL),
(1141, '7', 58, 65, '2020-05-07 09:36:01', '2020-05-07 09:36:01', NULL),
(1142, '5', 58, 66, '2020-05-07 09:36:01', '2020-05-07 09:36:01', NULL),
(1143, '10', 58, 67, '2020-05-07 09:36:01', '2020-05-07 09:36:01', NULL),
(1144, NULL, 58, 68, '2020-05-07 09:36:01', '2020-05-07 09:36:01', NULL),
(1145, NULL, 58, 69, '2020-05-07 09:36:01', '2020-05-07 09:36:01', NULL),
(1146, NULL, 58, 70, '2020-05-07 09:36:01', '2020-05-07 09:36:01', NULL),
(1147, '6', 58, 71, '2020-05-07 09:36:02', '2020-05-07 09:36:02', NULL),
(1148, '5', 58, 72, '2020-05-07 09:36:02', '2020-05-07 09:36:02', NULL),
(1149, '6', 58, 73, '2020-05-07 09:36:02', '2020-05-07 09:36:02', NULL),
(1150, NULL, 58, 74, '2020-05-07 09:36:02', '2020-05-07 09:36:02', NULL),
(1151, '9', 58, 75, '2020-05-07 09:36:02', '2020-05-07 09:36:02', NULL),
(1152, NULL, 58, 76, '2020-05-07 09:36:02', '2020-05-07 09:36:02', NULL),
(1153, NULL, 58, 77, '2020-05-07 09:36:02', '2020-05-07 09:36:02', NULL),
(1154, '8', 58, 78, '2020-05-07 09:36:02', '2020-05-07 09:36:02', NULL),
(1155, '6', 58, 79, '2020-05-07 09:36:02', '2020-05-07 09:36:02', NULL),
(1156, NULL, 59, 65, '2020-05-07 09:36:02', '2020-05-07 09:36:02', NULL),
(1157, NULL, 59, 66, '2020-05-07 09:36:02', '2020-05-07 09:36:02', NULL),
(1158, NULL, 59, 67, '2020-05-07 09:36:02', '2020-05-07 09:36:02', NULL),
(1159, NULL, 59, 68, '2020-05-07 09:36:02', '2020-05-07 09:36:02', NULL),
(1160, NULL, 59, 69, '2020-05-07 09:36:02', '2020-05-07 09:36:02', NULL),
(1161, '7', 59, 70, '2020-05-07 09:36:02', '2020-05-07 09:36:02', NULL),
(1162, '5', 59, 71, '2020-05-07 09:36:02', '2020-05-07 09:36:02', NULL),
(1163, NULL, 59, 72, '2020-05-07 09:36:02', '2020-05-07 09:36:02', NULL),
(1164, '8', 59, 73, '2020-05-07 09:36:02', '2020-05-07 09:36:02', NULL),
(1165, NULL, 59, 74, '2020-05-07 09:36:02', '2020-05-07 09:36:02', NULL),
(1166, '9', 59, 75, '2020-05-07 09:36:02', '2020-05-07 09:36:02', NULL),
(1167, '6', 59, 76, '2020-05-07 09:36:02', '2020-05-07 09:36:02', NULL),
(1168, NULL, 59, 77, '2020-05-07 09:36:02', '2020-05-07 09:36:02', NULL),
(1169, NULL, 59, 78, '2020-05-07 09:36:02', '2020-05-07 09:36:02', NULL),
(1170, NULL, 59, 79, '2020-05-07 09:36:02', '2020-05-07 09:36:02', NULL),
(1171, NULL, 60, 65, '2020-05-07 09:36:02', '2020-05-07 09:36:02', NULL),
(1172, '6', 60, 66, '2020-05-07 09:36:02', '2020-05-07 09:36:02', NULL),
(1173, NULL, 60, 67, '2020-05-07 09:36:02', '2020-05-07 09:36:02', NULL),
(1174, '9', 60, 68, '2020-05-07 09:36:02', '2020-05-07 09:36:02', NULL),
(1175, '10', 60, 69, '2020-05-07 09:36:02', '2020-05-07 09:36:02', NULL),
(1176, NULL, 60, 70, '2020-05-07 09:36:02', '2020-05-07 09:36:02', NULL),
(1177, '7', 60, 71, '2020-05-07 09:36:02', '2020-05-07 09:36:02', NULL),
(1178, NULL, 60, 72, '2020-05-07 09:36:02', '2020-05-07 09:36:02', NULL),
(1179, '7', 60, 73, '2020-05-07 09:36:02', '2020-05-07 09:36:02', NULL),
(1180, NULL, 60, 74, '2020-05-07 09:36:02', '2020-05-07 09:36:02', NULL),
(1181, NULL, 60, 75, '2020-05-07 09:36:02', '2020-05-07 09:36:02', NULL),
(1182, '8', 60, 76, '2020-05-07 09:36:02', '2020-05-07 09:36:02', NULL),
(1183, '7', 60, 77, '2020-05-07 09:36:02', '2020-05-07 09:36:02', NULL),
(1184, NULL, 60, 78, '2020-05-07 09:36:02', '2020-05-07 09:36:02', NULL),
(1185, '8', 60, 79, '2020-05-07 09:36:02', '2020-05-07 09:36:02', NULL),
(1186, '20', 61, 1, '2020-05-07 12:50:53', '2020-05-07 12:56:32', '2020-05-07 12:56:32'),
(1187, '20', 61, 2, '2020-05-07 12:50:53', '2020-05-07 12:56:32', '2020-05-07 12:56:32'),
(1188, '20', 61, 3, '2020-05-07 12:50:53', '2020-05-07 12:56:32', '2020-05-07 12:56:32'),
(1189, NULL, 61, 4, '2020-05-07 12:50:53', '2020-05-07 12:56:32', '2020-05-07 12:56:32'),
(1190, '20', 61, 5, '2020-05-07 12:50:53', '2020-05-07 12:56:32', '2020-05-07 12:56:32'),
(1191, '20', 61, 6, '2020-05-07 12:50:53', '2020-05-07 12:56:32', '2020-05-07 12:56:32'),
(1192, '20', 61, 7, '2020-05-07 12:50:53', '2020-05-07 12:56:32', '2020-05-07 12:56:32'),
(1193, NULL, 61, 8, '2020-05-07 12:50:53', '2020-05-07 12:56:32', '2020-05-07 12:56:32'),
(1194, '20', 61, 9, '2020-05-07 12:50:53', '2020-05-07 12:56:32', '2020-05-07 12:56:32'),
(1195, '20', 61, 10, '2020-05-07 12:50:53', '2020-05-07 12:56:32', '2020-05-07 12:56:32'),
(1196, NULL, 61, 11, '2020-05-07 12:50:53', '2020-05-07 12:56:32', '2020-05-07 12:56:32'),
(1197, NULL, 61, 12, '2020-05-07 12:50:53', '2020-05-07 12:56:32', '2020-05-07 12:56:32'),
(1198, NULL, 61, 13, '2020-05-07 12:50:53', '2020-05-07 12:56:32', '2020-05-07 12:56:32'),
(1199, NULL, 61, 14, '2020-05-07 12:50:53', '2020-05-07 12:56:32', '2020-05-07 12:56:32'),
(1200, NULL, 61, 15, '2020-05-07 12:50:53', '2020-05-07 12:56:32', '2020-05-07 12:56:32'),
(1201, NULL, 61, 16, '2020-05-07 12:50:53', '2020-05-07 12:56:32', '2020-05-07 12:56:32'),
(1202, NULL, 61, 17, '2020-05-07 12:50:53', '2020-05-07 12:56:32', '2020-05-07 12:56:32'),
(1203, NULL, 61, 18, '2020-05-07 12:50:53', '2020-05-07 12:56:32', '2020-05-07 12:56:32'),
(1204, NULL, 61, 19, '2020-05-07 12:50:53', '2020-05-07 12:56:32', '2020-05-07 12:56:32'),
(1205, NULL, 61, 20, '2020-05-07 12:50:53', '2020-05-07 12:56:32', '2020-05-07 12:56:32'),
(1206, NULL, 61, 21, '2020-05-07 12:50:53', '2020-05-07 12:56:32', '2020-05-07 12:56:32'),
(1207, NULL, 61, 22, '2020-05-07 12:50:53', '2020-05-07 12:56:32', '2020-05-07 12:56:32'),
(1208, NULL, 61, 23, '2020-05-07 12:50:53', '2020-05-07 12:56:32', '2020-05-07 12:56:32'),
(1209, NULL, 61, 24, '2020-05-07 12:50:53', '2020-05-07 12:56:32', '2020-05-07 12:56:32');

-- --------------------------------------------------------

--
-- Структура таблицы `migrations`
--

CREATE TABLE `migrations` (
  `id` int(10) UNSIGNED NOT NULL,
  `migration` varchar(255) COLLATE utf8mb4_unicode_ci NOT NULL,
  `batch` int(11) NOT NULL
) ENGINE=InnoDB DEFAULT CHARSET=utf8mb4 COLLATE=utf8mb4_unicode_ci;

--
-- Дамп данных таблицы `migrations`
--

INSERT INTO `migrations` (`id`, `migration`, `batch`) VALUES
(1, '2014_10_12_000000_create_users_table', 1),
(2, '2019_08_19_000000_create_failed_jobs_table', 1);

-- --------------------------------------------------------

--
-- Структура таблицы `roles`
--

CREATE TABLE `roles` (
  `id` int(11) UNSIGNED NOT NULL,
  `name` varchar(255) NOT NULL,
  `title` varchar(255) NOT NULL
) ENGINE=InnoDB DEFAULT CHARSET=utf8;

--
-- Дамп данных таблицы `roles`
--

INSERT INTO `roles` (`id`, `name`, `title`) VALUES
(1, 'admin', 'Администратор'),
(2, 'user', 'Пользователь'),
(3, 'tutor', 'Преподаватель'),
(4, 'monitor', 'Староста'),
(5, 'group', 'Группа');

-- --------------------------------------------------------

--
-- Структура таблицы `students`
--

CREATE TABLE `students` (
  `id` bigint(20) UNSIGNED NOT NULL,
  `group_id` int(10) UNSIGNED NOT NULL,
  `lastname` varchar(255) NOT NULL,
  `firstname` varchar(255) NOT NULL,
  `fathername` varchar(255) NOT NULL,
  `email` varchar(255) DEFAULT NULL,
  `phone` varchar(20) DEFAULT NULL,
  `created_at` timestamp NULL DEFAULT NULL,
  `updated_at` timestamp NULL DEFAULT NULL,
  `deleted_at` timestamp NULL DEFAULT NULL
) ENGINE=InnoDB DEFAULT CHARSET=utf8;

--
-- Дамп данных таблицы `students`
--

INSERT INTO `students` (`id`, `group_id`, `lastname`, `firstname`, `fathername`, `email`, `phone`, `created_at`, `updated_at`, `deleted_at`) VALUES
(1, 1, 'Архипенко', 'Дмитро', 'П', NULL, NULL, '2020-03-13 22:00:00', '2020-04-15 14:47:51', NULL),
(2, 1, 'Бабій', 'Іван', 'О', NULL, NULL, '2020-03-13 22:00:00', '2020-04-15 14:54:52', NULL),
(3, 1, 'Бешун', 'Артур', 'Арнольдович', NULL, NULL, '2020-03-13 22:00:00', '2020-03-13 22:00:00', NULL),
(4, 1, 'Діброва', 'Антон', 'Васильович', NULL, NULL, '2020-03-13 22:00:00', '2020-03-13 22:00:00', NULL),
(5, 1, 'Єлманов', 'Богдан', 'Олексійович', NULL, NULL, '2020-03-13 22:00:00', '2020-03-13 22:00:00', NULL),
(6, 1, 'Іваниця', 'Євгеній', 'Ігорович', NULL, NULL, '2020-03-13 22:00:00', '2020-03-13 22:00:00', NULL),
(7, 1, 'Коваленко', 'Аліна', 'Олександрівна', NULL, NULL, '2020-03-13 22:00:00', '2020-03-13 22:00:00', NULL),
(8, 1, 'Коваленко', 'Максим', 'Олексійович', NULL, NULL, '2020-03-13 22:00:00', '2020-03-13 22:00:00', NULL),
(9, 1, 'Кравчук', 'Олександр', 'Петрович', NULL, NULL, '2020-03-13 22:00:00', '2020-03-13 22:00:00', NULL),
(10, 1, 'Ласкавий', 'Олександр', 'Олександрович', NULL, NULL, '2020-03-13 22:00:00', '2020-03-13 22:00:00', NULL),
(11, 1, 'Мороз', 'Микита', 'Володимирович', NULL, NULL, '2020-03-13 22:00:00', '2020-03-13 22:00:00', NULL),
(12, 1, 'Олійник', 'Дмитро', 'Олександрович', NULL, NULL, '2020-03-13 22:00:00', '2020-03-13 22:00:00', NULL),
(13, 1, 'Половинкін', 'Владислав', 'Валерійович', NULL, NULL, '2020-03-13 22:00:00', '2020-03-13 22:00:00', NULL),
(14, 1, 'Полтавець', 'Ольга', 'Андріївна', NULL, NULL, '2020-03-13 22:00:00', '2020-03-13 22:00:00', NULL),
(15, 1, 'Полтавцева', 'Валерія', 'Ігорівна', NULL, NULL, '2020-03-13 22:00:00', '2020-03-13 22:00:00', NULL),
(16, 1, 'Рогальова', 'Оксана', 'Олександрівна', NULL, NULL, '2020-03-13 22:00:00', '2020-03-13 22:00:00', NULL),
(17, 1, 'Сарафанніков', 'Олександр', 'Вікторович', NULL, NULL, '2020-03-13 22:00:00', '2020-03-13 22:00:00', NULL),
(18, 1, 'Скщепа', 'Євгеній', 'Олегович', NULL, NULL, '2020-03-13 22:00:00', '2020-04-15 14:44:20', NULL),
(19, 1, 'Тимошенко', 'Іван', 'Юрійович', NULL, NULL, '2020-03-13 22:00:00', '2020-03-13 22:00:00', NULL),
(20, 1, 'Титарчук', 'Орест', 'Максимович', NULL, NULL, '2020-03-13 22:00:00', '2020-03-13 22:00:00', NULL),
(21, 1, 'Трамбович', 'Антон', 'Русланович', NULL, NULL, '2020-03-13 22:00:00', '2020-03-13 22:00:00', NULL),
(22, 1, 'Харлампович', 'Богдан', 'Вячеславович', NULL, NULL, '2020-03-13 22:00:00', '2020-03-13 22:00:00', NULL),
(23, 1, 'Шевела', 'Ігор', 'Юрійович', NULL, NULL, '2020-03-13 22:00:00', '2020-03-13 22:00:00', NULL),
(24, 1, 'Шукюров', 'Ренат', 'Різван огли', NULL, NULL, '2020-03-13 22:00:00', '2020-03-13 22:00:00', NULL),
(25, 2, 'Барабаш', 'Владислав', 'Іванович', NULL, NULL, '2020-03-13 22:00:00', '2020-03-13 22:00:00', NULL),
(26, 2, 'Ботузов', 'Віктор', 'Андрійович', NULL, NULL, '2020-03-13 22:00:00', '2020-03-13 22:00:00', NULL),
(27, 2, 'Волков', 'Олександр', 'Володимирович', NULL, NULL, '2020-03-13 22:00:00', '2020-03-13 22:00:00', NULL),
(28, 2, 'Гашау', 'Денис', 'Тесфу', NULL, NULL, '2020-03-13 22:00:00', '2020-03-13 22:00:00', NULL),
(29, 2, 'Гритчук', 'Іван', 'Тарасович', NULL, NULL, '2020-03-13 22:00:00', '2020-03-13 22:00:00', NULL),
(30, 2, 'Грязюк', 'Вячеслав', 'Олександрович', NULL, NULL, '2020-03-13 22:00:00', '2020-03-13 22:00:00', NULL),
(31, 2, 'Демченко', 'Андрій', 'Миколайович', NULL, NULL, '2020-03-13 22:00:00', '2020-03-13 22:00:00', NULL),
(32, 2, 'Загребельна', 'Аліна', 'Сергіївна', NULL, NULL, '2020-03-13 22:00:00', '2020-03-13 22:00:00', NULL),
(33, 2, 'Коваль', 'Ярослав', 'Валерійович', NULL, NULL, '2020-03-13 22:00:00', '2020-03-13 22:00:00', NULL),
(34, 2, 'Лесик', 'Максим', 'Олександрович', NULL, NULL, '2020-03-13 22:00:00', '2020-03-13 22:00:00', NULL),
(35, 2, 'Нагорний', 'Єгор', 'Павлович', NULL, NULL, '2020-03-13 22:00:00', '2020-03-13 22:00:00', NULL),
(36, 2, 'Онищенко', 'Роман', 'Сергійович', NULL, NULL, '2020-03-13 22:00:00', '2020-03-13 22:00:00', NULL),
(37, 2, 'Потапов', 'Денис', 'Вікторович', NULL, NULL, '2020-03-13 22:00:00', '2020-03-13 22:00:00', NULL),
(38, 2, 'Сирота', 'Микола', 'Ігорович', NULL, NULL, '2020-03-13 22:00:00', '2020-03-13 22:00:00', NULL),
(39, 2, 'Чорний', 'Олександр', 'Олександрович', NULL, NULL, '2020-03-13 22:00:00', '2020-03-13 22:00:00', NULL),
(40, 2, 'Шевченко', 'Сергій', 'Русланович', NULL, NULL, '2020-03-13 22:00:00', '2020-03-13 22:00:00', NULL),
(41, 2, 'Шульженко', 'Владислав', 'Вячеславович', NULL, NULL, '2020-03-13 22:00:00', '2020-03-13 22:00:00', NULL),
(42, 2, 'Щур', 'Віталій', 'Євгенійович', NULL, NULL, '2020-03-13 22:00:00', '2020-03-13 22:00:00', NULL),
(43, 2, 'Юрченко', 'Ростислав', 'Олександрович', NULL, NULL, '2020-03-13 22:00:00', '2020-03-13 22:00:00', NULL),
(44, 3, 'Бучко', 'Олексій', 'Юрійович', NULL, NULL, '2020-03-13 22:00:00', '2020-03-13 22:00:00', NULL),
(45, 3, 'Гаврилюк', 'Олексій', 'Анатолійович', NULL, NULL, '2020-03-13 22:00:00', '2020-03-13 22:00:00', NULL),
(46, 3, 'Дорош', 'Руслан', 'Юрійович', NULL, NULL, '2020-03-13 22:00:00', '2020-03-13 22:00:00', NULL),
(47, 3, 'Журавльов', 'Роман', 'Вікторович', NULL, NULL, '2020-03-13 22:00:00', '2020-03-13 22:00:00', NULL),
(48, 3, 'Зуєв', 'Михайло', 'Олександрович', NULL, NULL, '2020-03-13 22:00:00', '2020-03-13 22:00:00', NULL),
(49, 3, 'Киба', 'Ілля', 'Андрійович', NULL, NULL, '2020-03-13 22:00:00', '2020-03-13 22:00:00', NULL),
(50, 3, 'Колошмай', 'Віталій', 'Павлович', NULL, NULL, '2020-03-13 22:00:00', '2020-03-13 22:00:00', NULL),
(51, 3, 'Костриця', 'Сергій', 'Володимирович', NULL, NULL, '2020-03-13 22:00:00', '2020-03-13 22:00:00', NULL),
(52, 3, 'Левицький', 'Ілля', 'Вячеславович', NULL, NULL, '2020-03-13 22:00:00', '2020-03-13 22:00:00', NULL),
(53, 3, 'Маслова', 'Єлизавета', 'Валеріївна', NULL, NULL, '2020-03-13 22:00:00', '2020-03-13 22:00:00', NULL),
(54, 3, 'Меренков', 'Денис', 'Михайлович', NULL, NULL, '2020-03-13 22:00:00', '2020-03-13 22:00:00', NULL),
(55, 3, 'Панченко', 'Олег', 'Ігорович', NULL, NULL, '2020-03-13 22:00:00', '2020-03-13 22:00:00', NULL),
(56, 3, 'Попченко', 'Вадим', 'Михайлович', NULL, NULL, '2020-03-13 22:00:00', '2020-03-13 22:00:00', NULL),
(57, 3, 'Редько', 'Владислав', 'Ігорович', NULL, NULL, '2020-03-13 22:00:00', '2020-03-13 22:00:00', NULL),
(58, 3, 'Редько', 'Денис', 'Вадимович', NULL, NULL, '2020-03-13 22:00:00', '2020-03-13 22:00:00', NULL),
(59, 3, 'Соболєв', 'Павло', 'Олександрович', NULL, NULL, '2020-03-13 22:00:00', '2020-03-13 22:00:00', NULL),
(60, 3, 'Холошнюк', 'Мирослава', 'Іванівна', NULL, NULL, '2020-03-13 22:00:00', '2020-03-13 22:00:00', NULL),
(61, 3, 'Чечотко', 'Іван', 'Олександрович', NULL, NULL, '2020-03-13 22:00:00', '2020-03-13 22:00:00', NULL),
(62, 3, 'Чорненький', 'Микола', 'Володимирович', NULL, NULL, '2020-03-13 22:00:00', '2020-03-13 22:00:00', NULL),
(63, 3, 'Чухліб', 'Кирило', 'Валентинович', NULL, NULL, '2020-03-13 22:00:00', '2020-03-13 22:00:00', NULL),
(64, 3, 'Шульженко', 'Кирило', 'Олександрович', NULL, NULL, '2020-03-13 22:00:00', '2020-03-13 22:00:00', NULL),
(65, 4, 'Бондаренко', 'Євгенія', 'Дмитрівна', NULL, NULL, '2020-03-13 22:00:00', '2020-03-13 22:00:00', NULL),
(66, 4, 'Величко', 'Дмитро', 'Вікторович', NULL, NULL, '2020-03-13 22:00:00', '2020-03-13 22:00:00', NULL),
(67, 4, 'Власюк', 'Богдан', 'Сергійович', NULL, NULL, '2020-03-13 22:00:00', '2020-03-13 22:00:00', NULL),
(68, 4, 'Гуковський', 'Владислав', 'Геннадійович', NULL, NULL, '2020-03-13 22:00:00', '2020-03-13 22:00:00', NULL),
(69, 4, 'Заєць', 'Андрій', 'Сергійович', NULL, NULL, '2020-03-13 22:00:00', '2020-03-13 22:00:00', NULL),
(70, 4, 'Захаркін', 'Михайло', 'Сергійович', NULL, NULL, '2020-03-13 22:00:00', '2020-03-13 22:00:00', NULL),
(71, 4, 'Ковшар', 'Руслан', 'Олегович', NULL, NULL, '2020-03-13 22:00:00', '2020-03-13 22:00:00', NULL),
(72, 4, 'Куйбіда', 'Павло', 'Костянтинович', NULL, NULL, '2020-03-13 22:00:00', '2020-03-13 22:00:00', NULL),
(73, 4, 'Ларін', 'Анатолій', 'Костянтинович', NULL, NULL, '2020-03-13 22:00:00', '2020-03-13 22:00:00', NULL),
(74, 4, 'Паламар', 'Інна', 'Олегівна', NULL, NULL, '2020-03-13 22:00:00', '2020-03-13 22:00:00', NULL),
(75, 4, 'Пірко', 'Дмитро', 'Андрійович', NULL, NULL, '2020-03-13 22:00:00', '2020-03-13 22:00:00', NULL),
(76, 4, 'Рожко', 'Тетяна', 'Юріївна', NULL, NULL, '2020-03-13 22:00:00', '2020-03-13 22:00:00', NULL),
(77, 4, 'Самойдюк', 'Валентина', 'Сергіївна', NULL, NULL, '2020-03-13 22:00:00', '2020-03-13 22:00:00', NULL),
(78, 4, 'Ситник', 'Аким', 'Юрійович', NULL, NULL, '2020-03-13 22:00:00', '2020-03-13 22:00:00', NULL),
(79, 4, 'Федорова', 'Юлія', 'Євгенівна', NULL, NULL, '2020-03-13 22:00:00', '2020-03-13 22:00:00', NULL);

-- --------------------------------------------------------

--
-- Структура таблицы `subjects`
--

CREATE TABLE `subjects` (
  `id` int(10) UNSIGNED NOT NULL,
  `title` varchar(255) NOT NULL,
  `type_id` int(11) UNSIGNED NOT NULL,
  `created_at` timestamp NULL DEFAULT NULL,
  `updated_at` timestamp NULL DEFAULT NULL,
  `deleted_at` timestamp NULL DEFAULT NULL
) ENGINE=InnoDB DEFAULT CHARSET=utf8;

--
-- Дамп данных таблицы `subjects`
--

INSERT INTO `subjects` (`id`, `title`, `type_id`, `created_at`, `updated_at`, `deleted_at`) VALUES
(1, 'Технології проектування розподілених систем', 1, '2020-05-05 14:41:09', '2020-05-05 14:41:09', NULL),
(2, 'Технології проектування розподілених систем', 2, '2020-05-03 20:47:10', '2020-03-13 22:00:00', NULL),
(3, 'Геоінформаційні системи', 1, '2020-05-03 20:47:00', '2020-03-13 22:00:00', NULL),
(4, 'Геоінформаційні системи', 2, '2020-05-03 20:47:10', '2020-03-13 22:00:00', NULL),
(5, 'Правове забезпечення професійної діяльності', 1, '2020-05-03 20:47:00', '2020-03-13 22:00:00', NULL),
(6, 'Правове забезпечення професійної діяльності', 2, '2020-05-03 20:47:10', '2020-03-13 22:00:00', NULL),
(7, 'Іноземна мова', 1, '2020-05-03 20:47:00', '2020-03-13 22:00:00', NULL),
(8, 'Іноземна мова', 3, '2020-05-03 20:47:27', '2020-03-13 22:00:00', NULL),
(9, 'Економіка і організація виробництва', 1, '2020-05-03 20:47:00', '2020-03-13 22:00:00', NULL),
(10, 'Економіка і організація виробництва', 3, '2020-05-03 20:47:27', '2020-03-13 22:00:00', NULL),
(11, 'Програмне забезпечення ком\'ютерних мереж', 1, '2020-05-03 20:47:00', '2020-03-13 22:00:00', NULL),
(12, 'Програмне забезпечення комп\'ютерних мереж', 2, '2020-05-03 20:47:10', '2020-03-13 22:00:00', NULL),
(13, 'Технології розробки програмного забезпечення', 1, '2020-05-03 20:47:00', '2020-03-13 22:00:00', NULL),
(14, 'Технології розробки програмного забезпечення', 2, '2020-05-03 20:47:10', '2020-03-13 22:00:00', NULL),
(15, 'Лінгвістичне забезпечення САПР', 1, '2020-05-03 20:47:00', '2020-03-13 22:00:00', NULL),
(16, 'Лінгвістичне забезпечення САПР', 2, '2020-05-03 20:47:10', '2020-03-13 22:00:00', NULL),
(17, 'Технології комп\'ютерного проектування', 1, '2020-05-03 20:47:00', '2020-03-13 22:00:00', NULL),
(18, 'Технології комп\'ютерного проектування', 2, '2020-05-03 20:47:10', '2020-03-13 22:00:00', NULL),
(19, 'Програмування комп\'ютерних мереж', 1, '2020-05-03 20:47:00', '2020-03-13 22:00:00', NULL),
(20, 'Програмування комп\'ютерних мереж', 2, '2020-05-03 20:47:10', '2020-03-13 22:00:00', NULL),
(21, 'New cool subject', 1, '2020-05-05 14:50:00', '2020-05-05 14:50:00', NULL);

-- --------------------------------------------------------

--
-- Структура таблицы `subject_types`
--

CREATE TABLE `subject_types` (
  `id` int(11) UNSIGNED NOT NULL,
  `name` varchar(255) NOT NULL,
  `title` varchar(255) NOT NULL,
  `short` varchar(10) NOT NULL
) ENGINE=InnoDB DEFAULT CHARSET=utf8;

--
-- Дамп данных таблицы `subject_types`
--

INSERT INTO `subject_types` (`id`, `name`, `title`, `short`) VALUES
(1, 'lecture', 'Лекция', 'Лек'),
(2, 'laboratory', 'Лабораторная', 'Лаб'),
(3, 'practic', 'Практика', 'Прак'),
(4, 'seminar', 'Семинар', 'Сем');

-- --------------------------------------------------------

--
-- Структура таблицы `tutors`
--

CREATE TABLE `tutors` (
  `user_id` bigint(20) UNSIGNED NOT NULL,
  `lastname` varchar(255) NOT NULL DEFAULT '',
  `firstname` varchar(255) NOT NULL DEFAULT '',
  `fathername` varchar(255) NOT NULL DEFAULT '',
  `telegram` varchar(255) DEFAULT NULL
) ENGINE=InnoDB DEFAULT CHARSET=utf8;

--
-- Дамп данных таблицы `tutors`
--

INSERT INTO `tutors` (`user_id`, `lastname`, `firstname`, `fathername`, `telegram`) VALUES
(6, 'Федорова', 'Наталія', 'Володимирівна', 'Navy_TimoXa'),
(7, 'Швайко', 'Валерій', 'Григорович', NULL),
(8, 'Львова', 'Олена', 'Леонідівна', NULL),
(9, 'Кондрашова', 'Аліна', 'Володимирівна', 'yelmanovv'),
(10, 'Сегеда', 'Ірина', 'Василівна', NULL),
(11, 'Гусєва', 'Ірина', 'Ігорівна', NULL),
(12, 'Тихоход', 'Володимир', 'Олександрович', 'quallrum'),
(13, 'Беспала', 'Ольга', 'Миколаївна', NULL),
(14, 'Гаврилко', 'Євген', 'Володимирович', NULL),
(15, 'Стативка', 'Юрій', 'Іванович', NULL),
(16, 'Воронько', 'Максим', 'Платонович', NULL),
(17, 'Шульженко', 'Олег', 'Феодосійович', NULL);

-- --------------------------------------------------------

--
-- Структура таблицы `tutor_subject`
--

CREATE TABLE `tutor_subject` (
  `tutor_id` bigint(20) UNSIGNED NOT NULL,
  `subject_id` int(10) UNSIGNED NOT NULL,
  `order` int(11) NOT NULL DEFAULT '1'
) ENGINE=InnoDB DEFAULT CHARSET=utf8;

--
-- Дамп данных таблицы `tutor_subject`
--

INSERT INTO `tutor_subject` (`tutor_id`, `subject_id`, `order`) VALUES
(6, 1, 1),
(6, 2, 1),
(7, 3, 1),
(7, 4, 1),
(8, 5, 1),
(8, 6, 1),
(9, 7, 1),
(9, 8, 1),
(10, 9, 1),
(11, 11, 1),
(11, 12, 1),
(11, 19, 1),
(11, 20, 1),
(12, 13, 1),
(13, 14, 1),
(14, 17, 1),
(14, 18, 1),
(15, 15, 1),
(16, 16, 1),
(17, 10, 1);

-- --------------------------------------------------------

--
-- Структура таблицы `users`
--

CREATE TABLE `users` (
  `id` bigint(20) UNSIGNED NOT NULL,
  `email` varchar(255) COLLATE utf8mb4_unicode_ci NOT NULL,
  `role_id` int(10) UNSIGNED NOT NULL DEFAULT '2',
  `email_verified_at` timestamp NULL DEFAULT NULL,
  `password` varchar(255) COLLATE utf8mb4_unicode_ci NOT NULL,
  `remember_token` varchar(100) COLLATE utf8mb4_unicode_ci DEFAULT NULL,
  `created_at` timestamp NULL DEFAULT NULL,
  `updated_at` timestamp NULL DEFAULT NULL
) ENGINE=InnoDB DEFAULT CHARSET=utf8mb4 COLLATE=utf8mb4_unicode_ci;

--
-- Дамп данных таблицы `users`
--

INSERT INTO `users` (`id`, `email`, `role_id`, `email_verified_at`, `password`, `remember_token`, `created_at`, `updated_at`) VALUES
(1, 'admin@email.com', 1, '2020-03-13 22:00:00', '$2y$10$WiJPraHW.32i9imsG/V8muuovDP8LYeCuzpyImdJc22.Pr7lM/zAy', NULL, '2020-03-13 22:00:00', '2020-04-23 12:03:49'),
(2, 'tm71@monitor.com', 4, '2020-03-13 22:00:00', '$2y$10$yab5VfElBJ2Scsb/UFFYJOEEo5b/xjHcQbO5omY/gllLeqYoMOLI2', NULL, '2020-03-13 22:00:00', '2020-05-02 09:46:12'),
(3, 'tm72@monitor.com', 4, '2020-03-13 22:00:00', '$2y$10$yab5VfElBJ2Scsb/UFFYJOEEo5b/xjHcQbO5omY/gllLeqYoMOLI2', NULL, '2020-03-13 22:00:00', '2020-03-13 22:00:00'),
(4, 'tr71@monitor.com', 4, '2020-03-13 22:00:00', '$2y$10$yab5VfElBJ2Scsb/UFFYJOEEo5b/xjHcQbO5omY/gllLeqYoMOLI2', NULL, '2020-03-13 22:00:00', '2020-03-13 22:00:00'),
(5, 'tr72@monitor.com', 4, '2020-03-13 22:00:00', '$2y$10$yab5VfElBJ2Scsb/UFFYJOEEo5b/xjHcQbO5omY/gllLeqYoMOLI2', NULL, '2020-03-13 22:00:00', '2020-03-13 22:00:00'),
(6, 'natasha_f@ukr.net', 3, '2020-03-14 13:48:25', '$2y$10$yab5VfElBJ2Scsb/UFFYJOEEo5b/xjHcQbO5omY/gllLeqYoMOLI2', NULL, '2020-03-13 22:00:00', '2020-05-03 19:50:22'),
(7, 'valshvaiko57@gmail.com', 3, '2020-03-14 13:48:25', '$2y$10$yab5VfElBJ2Scsb/UFFYJOEEo5b/xjHcQbO5omY/gllLeqYoMOLI2', NULL, '2020-03-13 22:00:00', '2020-05-03 19:50:42'),
(8, 'olen.lvova@gmail.com', 3, NULL, '$2y$10$yab5VfElBJ2Scsb/UFFYJOEEo5b/xjHcQbO5omY/gllLeqYoMOLI2', NULL, '2020-03-13 22:00:00', '2020-03-13 22:00:00'),
(9, 'chipalinka@ukr.net', 3, NULL, '$2y$10$yab5VfElBJ2Scsb/UFFYJOEEo5b/xjHcQbO5omY/gllLeqYoMOLI2', NULL, '2020-03-13 22:00:00', '2020-03-13 22:00:00'),
(10, 'irynaseg@gmail.com', 3, NULL, '$2y$10$yab5VfElBJ2Scsb/UFFYJOEEo5b/xjHcQbO5omY/gllLeqYoMOLI2', NULL, '2020-03-13 22:00:00', '2020-03-13 22:00:00'),
(11, 'guseva@gmail.com', 3, NULL, '$2y$10$yab5VfElBJ2Scsb/UFFYJOEEo5b/xjHcQbO5omY/gllLeqYoMOLI2', NULL, '2020-03-13 22:00:00', '2020-03-13 22:00:00'),
(12, 'v.tikhokhod@gmail.com', 3, NULL, '$2y$10$yab5VfElBJ2Scsb/UFFYJOEEo5b/xjHcQbO5omY/gllLeqYoMOLI2', NULL, '2020-03-13 22:00:00', '2020-03-13 22:00:00'),
(13, 'olya327@ukr.net', 3, NULL, '$2y$10$yab5VfElBJ2Scsb/UFFYJOEEo5b/xjHcQbO5omY/gllLeqYoMOLI2', NULL, '2020-03-13 22:00:00', '2020-03-13 22:00:00'),
(14, 'gev.1964@ukr.net', 3, NULL, '$2y$10$yab5VfElBJ2Scsb/UFFYJOEEo5b/xjHcQbO5omY/gllLeqYoMOLI2', NULL, '2020-03-13 22:00:00', '2020-03-13 22:00:00'),
(15, 'statyvka@gmail.com', 3, NULL, '$2y$10$yab5VfElBJ2Scsb/UFFYJOEEo5b/xjHcQbO5omY/gllLeqYoMOLI2', NULL, '2020-03-13 22:00:00', '2020-03-13 22:00:00'),
(16, 'voronko@gmail.com', 3, NULL, '$2y$10$yab5VfElBJ2Scsb/UFFYJOEEo5b/xjHcQbO5omY/gllLeqYoMOLI2', NULL, '2020-03-13 22:00:00', '2020-03-13 22:00:00'),
(17, 'shulzhenko@gmail.com', 3, NULL, '$2y$10$yab5VfElBJ2Scsb/UFFYJOEEo5b/xjHcQbO5omY/gllLeqYoMOLI2', NULL, '2020-03-13 22:00:00', '2020-03-13 22:00:00'),
(18, 'email@com.ua', 2, NULL, '$2y$10$JNhx67VTH8PDf3TtnwkcL.60vMd9k9T6hTmxYg5c2SyPHzqsOhWLG', NULL, '2020-03-14 14:27:20', '2020-05-07 18:10:51'),
(19, 'tm71@group.com', 5, '2020-04-22 21:00:00', '$2y$10$yab5VfElBJ2Scsb/UFFYJOEEo5b/xjHcQbO5omY/gllLeqYoMOLI2', NULL, '2020-03-13 22:00:00', '2020-04-28 13:16:16'),
(20, 'tm72@group.com', 5, NULL, '$2y$10$yab5VfElBJ2Scsb/UFFYJOEEo5b/xjHcQbO5omY/gllLeqYoMOLI2', NULL, '2020-03-13 22:00:00', '2020-03-13 22:00:00'),
(21, 'tr71@group.com', 5, NULL, '$2y$10$A3F8jokwqCMwTy9nUtGSiuFSifmnDZ7ZpoYvgbMSZ6TQXwnA1Gj8W', NULL, '2020-03-13 22:00:00', '2020-04-27 11:14:05'),
(22, 'tr72@group.com', 5, NULL, '$2y$10$yab5VfElBJ2Scsb/UFFYJOEEo5b/xjHcQbO5omY/gllLeqYoMOLI2', NULL, '2020-03-13 22:00:00', '2020-03-13 22:00:00');

--
-- Индексы сохранённых таблиц
--

--
-- Индексы таблицы `failed_jobs`
--
ALTER TABLE `failed_jobs`
  ADD PRIMARY KEY (`id`);

--
-- Индексы таблицы `groups`
--
ALTER TABLE `groups`
  ADD PRIMARY KEY (`id`),
  ADD KEY `fk_groups_monitor_id` (`monitor_id`),
  ADD KEY `fk_group_user_id` (`user_id`),
  ADD KEY `fk_groups_ms_id` (`ms_id`);

--
-- Индексы таблицы `group_subject`
--
ALTER TABLE `group_subject`
  ADD KEY `fk_group_subject_group_id` (`group_id`),
  ADD KEY `fk_group_subject_subject_id` (`subject_id`),
  ADD KEY `fk_group_subject_tutor_id` (`tutor_id`);

--
-- Индексы таблицы `journal_columns`
--
ALTER TABLE `journal_columns`
  ADD PRIMARY KEY (`id`),
  ADD KEY `fk_journal_columns_subject_id` (`subject_id`),
  ADD KEY `fk_journal_columns_group_id` (`group_id`);

--
-- Индексы таблицы `journal_records`
--
ALTER TABLE `journal_records`
  ADD PRIMARY KEY (`id`),
  ADD KEY `fk_journal_records_column_id` (`column_id`) USING BTREE,
  ADD KEY `fk_journal_records_student_id` (`student_id`) USING BTREE;

--
-- Индексы таблицы `mark_columns`
--
ALTER TABLE `mark_columns`
  ADD PRIMARY KEY (`id`),
  ADD KEY `fk_mark_columns_subject_id` (`subject_id`),
  ADD KEY `fk_mark_columns_group_id` (`group_id`);

--
-- Индексы таблицы `mark_records`
--
ALTER TABLE `mark_records`
  ADD PRIMARY KEY (`id`),
  ADD KEY `fk_mark_records_column_id` (`column_id`),
  ADD KEY `fk_mark_records_student_id` (`student_id`);

--
-- Индексы таблицы `migrations`
--
ALTER TABLE `migrations`
  ADD PRIMARY KEY (`id`);

--
-- Индексы таблицы `roles`
--
ALTER TABLE `roles`
  ADD PRIMARY KEY (`id`);

--
-- Индексы таблицы `students`
--
ALTER TABLE `students`
  ADD PRIMARY KEY (`id`),
  ADD KEY `fk_students_group_id` (`group_id`);

--
-- Индексы таблицы `subjects`
--
ALTER TABLE `subjects`
  ADD PRIMARY KEY (`id`),
  ADD KEY `fk_subjects_type_id` (`type_id`);

--
-- Индексы таблицы `subject_types`
--
ALTER TABLE `subject_types`
  ADD PRIMARY KEY (`id`);

--
-- Индексы таблицы `tutors`
--
ALTER TABLE `tutors`
  ADD PRIMARY KEY (`user_id`),
  ADD UNIQUE KEY `telegram` (`telegram`);

--
-- Индексы таблицы `tutor_subject`
--
ALTER TABLE `tutor_subject`
  ADD UNIQUE KEY `tutor_id` (`tutor_id`,`subject_id`),
  ADD KEY `fk_tutor_subject_tutor_id` (`tutor_id`),
  ADD KEY `fk_tutor_subject_subject_id` (`subject_id`);

--
-- Индексы таблицы `users`
--
ALTER TABLE `users`
  ADD PRIMARY KEY (`id`),
  ADD UNIQUE KEY `users_email_unique` (`email`),
  ADD KEY `fk_users_role_id` (`role_id`);

--
-- AUTO_INCREMENT для сохранённых таблиц
--

--
-- AUTO_INCREMENT для таблицы `failed_jobs`
--
ALTER TABLE `failed_jobs`
  MODIFY `id` bigint(20) UNSIGNED NOT NULL AUTO_INCREMENT;

--
-- AUTO_INCREMENT для таблицы `groups`
--
ALTER TABLE `groups`
  MODIFY `id` int(10) UNSIGNED NOT NULL AUTO_INCREMENT, AUTO_INCREMENT=5;

--
-- AUTO_INCREMENT для таблицы `journal_columns`
--
ALTER TABLE `journal_columns`
  MODIFY `id` bigint(20) UNSIGNED NOT NULL AUTO_INCREMENT, AUTO_INCREMENT=251;

--
-- AUTO_INCREMENT для таблицы `journal_records`
--
ALTER TABLE `journal_records`
  MODIFY `id` bigint(20) UNSIGNED NOT NULL AUTO_INCREMENT, AUTO_INCREMENT=4490;

--
-- AUTO_INCREMENT для таблицы `mark_columns`
--
ALTER TABLE `mark_columns`
  MODIFY `id` bigint(20) UNSIGNED NOT NULL AUTO_INCREMENT, AUTO_INCREMENT=62;

--
-- AUTO_INCREMENT для таблицы `mark_records`
--
ALTER TABLE `mark_records`
  MODIFY `id` bigint(20) UNSIGNED NOT NULL AUTO_INCREMENT, AUTO_INCREMENT=1210;

--
-- AUTO_INCREMENT для таблицы `migrations`
--
ALTER TABLE `migrations`
  MODIFY `id` int(10) UNSIGNED NOT NULL AUTO_INCREMENT, AUTO_INCREMENT=3;

--
-- AUTO_INCREMENT для таблицы `roles`
--
ALTER TABLE `roles`
  MODIFY `id` int(11) UNSIGNED NOT NULL AUTO_INCREMENT, AUTO_INCREMENT=6;

--
-- AUTO_INCREMENT для таблицы `students`
--
ALTER TABLE `students`
  MODIFY `id` bigint(20) UNSIGNED NOT NULL AUTO_INCREMENT, AUTO_INCREMENT=80;

--
-- AUTO_INCREMENT для таблицы `subjects`
--
ALTER TABLE `subjects`
  MODIFY `id` int(10) UNSIGNED NOT NULL AUTO_INCREMENT, AUTO_INCREMENT=22;

--
-- AUTO_INCREMENT для таблицы `subject_types`
--
ALTER TABLE `subject_types`
  MODIFY `id` int(11) UNSIGNED NOT NULL AUTO_INCREMENT, AUTO_INCREMENT=5;

--
-- AUTO_INCREMENT для таблицы `users`
--
ALTER TABLE `users`
  MODIFY `id` bigint(20) UNSIGNED NOT NULL AUTO_INCREMENT, AUTO_INCREMENT=23;

--
-- Ограничения внешнего ключа сохраненных таблиц
--

--
-- Ограничения внешнего ключа таблицы `groups`
--
ALTER TABLE `groups`
  ADD CONSTRAINT `fk_group_user_id` FOREIGN KEY (`user_id`) REFERENCES `users` (`id`),
  ADD CONSTRAINT `fk_groups_monitor_id` FOREIGN KEY (`monitor_id`) REFERENCES `users` (`id`) ON UPDATE CASCADE,
  ADD CONSTRAINT `fk_groups_ms_id` FOREIGN KEY (`ms_id`) REFERENCES `students` (`id`);

--
-- Ограничения внешнего ключа таблицы `group_subject`
--
ALTER TABLE `group_subject`
  ADD CONSTRAINT `fk_group_subject_group_id` FOREIGN KEY (`group_id`) REFERENCES `groups` (`id`) ON UPDATE CASCADE,
  ADD CONSTRAINT `fk_group_subject_subject_id` FOREIGN KEY (`subject_id`) REFERENCES `subjects` (`id`) ON UPDATE CASCADE,
  ADD CONSTRAINT `fk_group_subject_tutor_id` FOREIGN KEY (`tutor_id`) REFERENCES `users` (`id`) ON UPDATE CASCADE;

--
-- Ограничения внешнего ключа таблицы `journal_columns`
--
ALTER TABLE `journal_columns`
  ADD CONSTRAINT `fk_journal_columns_group_id` FOREIGN KEY (`group_id`) REFERENCES `groups` (`id`),
  ADD CONSTRAINT `fk_journal_columns_subject_id` FOREIGN KEY (`subject_id`) REFERENCES `subjects` (`id`) ON DELETE CASCADE ON UPDATE CASCADE;

--
-- Ограничения внешнего ключа таблицы `journal_records`
--
ALTER TABLE `journal_records`
  ADD CONSTRAINT `fk_journal_columns_column_id` FOREIGN KEY (`column_id`) REFERENCES `journal_columns` (`id`) ON DELETE CASCADE ON UPDATE CASCADE,
  ADD CONSTRAINT `fk_journal_columns_student_id` FOREIGN KEY (`student_id`) REFERENCES `students` (`id`) ON DELETE CASCADE ON UPDATE CASCADE;

--
-- Ограничения внешнего ключа таблицы `mark_columns`
--
ALTER TABLE `mark_columns`
  ADD CONSTRAINT `fk_mark_columns_group_id` FOREIGN KEY (`group_id`) REFERENCES `groups` (`id`) ON DELETE CASCADE ON UPDATE CASCADE,
  ADD CONSTRAINT `fk_mark_columns_subject_id` FOREIGN KEY (`subject_id`) REFERENCES `subjects` (`id`) ON DELETE CASCADE ON UPDATE CASCADE;

--
-- Ограничения внешнего ключа таблицы `mark_records`
--
ALTER TABLE `mark_records`
  ADD CONSTRAINT `fk_mark_records_column_id` FOREIGN KEY (`column_id`) REFERENCES `mark_columns` (`id`) ON DELETE CASCADE ON UPDATE CASCADE,
  ADD CONSTRAINT `fk_mark_records_student_id` FOREIGN KEY (`student_id`) REFERENCES `students` (`id`) ON DELETE CASCADE ON UPDATE CASCADE;

--
-- Ограничения внешнего ключа таблицы `students`
--
ALTER TABLE `students`
  ADD CONSTRAINT `fk_students_group_id` FOREIGN KEY (`group_id`) REFERENCES `groups` (`id`) ON UPDATE CASCADE;

--
-- Ограничения внешнего ключа таблицы `subjects`
--
ALTER TABLE `subjects`
  ADD CONSTRAINT `fk_subjects_type_id` FOREIGN KEY (`type_id`) REFERENCES `subject_types` (`id`) ON UPDATE CASCADE;

--
-- Ограничения внешнего ключа таблицы `tutors`
--
ALTER TABLE `tutors`
  ADD CONSTRAINT `tutors_user_id` FOREIGN KEY (`user_id`) REFERENCES `users` (`id`) ON DELETE CASCADE ON UPDATE CASCADE;

--
-- Ограничения внешнего ключа таблицы `tutor_subject`
--
ALTER TABLE `tutor_subject`
  ADD CONSTRAINT `fk_tutor_subject_subject_id` FOREIGN KEY (`subject_id`) REFERENCES `subjects` (`id`) ON UPDATE CASCADE,
  ADD CONSTRAINT `fk_tutor_subject_tutor_id` FOREIGN KEY (`tutor_id`) REFERENCES `users` (`id`) ON UPDATE CASCADE;

--
-- Ограничения внешнего ключа таблицы `users`
--
ALTER TABLE `users`
  ADD CONSTRAINT `fk_users_role_id` FOREIGN KEY (`role_id`) REFERENCES `roles` (`id`) ON UPDATE CASCADE;
COMMIT;

/*!40101 SET CHARACTER_SET_CLIENT=@OLD_CHARACTER_SET_CLIENT */;
/*!40101 SET CHARACTER_SET_RESULTS=@OLD_CHARACTER_SET_RESULTS */;
/*!40101 SET COLLATION_CONNECTION=@OLD_COLLATION_CONNECTION */;
